,0
2022-05-12 14:00:00,-1.2220591829635006
2022-05-12 14:30:00,-1.204520036404815
2022-05-12 15:00:00,-1.1390994628383995
2022-05-12 15:30:00,-1.078540541110209
2022-05-12 16:00:00,-1.056820624746124
2022-05-12 16:30:00,-1.125452698603877
2022-05-12 17:00:00,-1.250521356374301
2022-05-12 17:30:00,-1.2391050478686756
2022-05-12 18:00:00,-1.1347316204735336
2022-05-12 18:30:00,-1.126911437127925
2022-05-12 19:00:00,-1.075769666418015
2022-05-12 19:30:00,-0.8688666351277193
2022-05-12 20:00:00,
2022-05-12 20:30:00,
2022-05-12 21:00:00,
2022-05-12 21:30:00,
2022-05-12 22:00:00,
2022-05-12 22:30:00,
2022-05-12 23:00:00,
2022-05-12 23:30:00,
2022-05-13 00:00:00,
2022-05-13 00:30:00,
2022-05-13 01:00:00,
2022-05-13 01:30:00,
2022-05-13 02:00:00,
2022-05-13 02:30:00,
2022-05-13 03:00:00,
2022-05-13 03:30:00,
2022-05-13 04:00:00,
2022-05-13 04:30:00,
2022-05-13 05:00:00,
2022-05-13 05:30:00,
2022-05-13 06:00:00,
2022-05-13 06:30:00,
2022-05-13 07:00:00,
2022-05-13 07:30:00,
2022-05-13 08:00:00,
2022-05-13 08:30:00,-0.26752778972171865
2022-05-13 09:00:00,-0.3594313771849137
2022-05-13 09:30:00,-0.4089631871323476
2022-05-13 10:00:00,-0.4264791427742722
2022-05-13 10:30:00,-0.48515205010008394
2022-05-13 11:00:00,-0.6305908665719454
2022-05-13 11:30:00,-0.8338399555364121
2022-05-13 12:00:00,-0.9975798276777447
2022-05-13 12:30:00,-1.0422189851047574
2022-05-13 13:00:00,-1.0031558359280397
2022-05-13 13:30:00,-0.9421368940514889
2022-05-13 14:00:00,-0.8723978607268406
2022-05-13 14:30:00,-0.8204825563877147
2022-05-13 15:00:00,-0.9180786024971437
2022-05-13 15:30:00,-1.1563157703570675
2022-05-13 16:00:00,-1.24983098063343
2022-05-13 16:30:00,-1.1044667468197926
2022-05-13 17:00:00,-0.927255597988861
2022-05-13 17:30:00,-0.8771256572047529
2022-05-13 18:00:00,-0.8506783429362342
2022-05-13 18:30:00,-0.800135422620363
2022-05-13 19:00:00,-0.7984857062735963
2022-05-13 19:30:00,-0.7856211991032855
2022-05-13 20:00:00,-0.6783581371310383
2022-05-13 20:30:00,-0.4609795860748749
2022-05-13 21:00:00,-0.23831315589274168
2022-05-13 21:30:00,-0.09745814177053228
2022-05-13 22:00:00,-0.033970725900939885
2022-05-13 22:30:00,-0.01835846787811323
2022-05-13 23:00:00,-0.027287736913346575
2022-05-13 23:30:00,-0.04461481747519691
2022-05-14 00:00:00,-0.052629975641042284
2022-05-14 00:30:00,-0.045239692807507385
2022-05-14 01:00:00,
2022-05-14 01:30:00,
2022-05-14 02:00:00,
2022-05-14 02:30:00,
2022-05-14 03:00:00,
2022-05-14 03:30:00,
2022-05-14 04:00:00,
2022-05-14 04:30:00,
2022-05-14 05:00:00,
2022-05-14 05:30:00,
2022-05-14 06:00:00,
2022-05-14 06:30:00,
2022-05-14 07:00:00,
2022-05-14 07:30:00,
2022-05-14 08:00:00,
2022-05-14 08:30:00,
2022-05-14 09:00:00,
2022-05-14 09:30:00,-0.6408109902420855
2022-05-14 10:00:00,-0.7695410523100816
2022-05-14 10:30:00,-0.8843835730868009
2022-05-14 11:00:00,-0.9350644075743937
2022-05-14 11:30:00,-0.9740835118647915
2022-05-14 12:00:00,-1.0321261587691557
2022-05-14 12:30:00,-1.0692108406206215
2022-05-14 13:00:00,-1.0913027043154306
2022-05-14 13:30:00,-1.130955058350252
2022-05-14 14:00:00,-1.1547956182847008
2022-05-14 14:30:00,-1.1212081158029523
2022-05-14 15:00:00,-1.1013096372314293
2022-05-14 15:30:00,-1.1057589686450646
2022-05-14 16:00:00,-1.0195712520430331
2022-05-14 16:30:00,-0.8770952110241458
2022-05-14 17:00:00,-0.8102048099933564
2022-05-14 17:30:00,-0.7779283034172285
2022-05-14 18:00:00,-0.7715818041602474
2022-05-14 18:30:00,-0.8231400312836819
2022-05-14 19:00:00,-0.83747824575592
2022-05-14 19:30:00,-0.7275592164247647
2022-05-14 20:00:00,-0.528809677912248
2022-05-14 20:30:00,-0.3361042955037669
2022-05-14 21:00:00,
2022-05-14 21:30:00,
2022-05-14 22:00:00,
2022-05-14 22:30:00,
2022-05-14 23:00:00,
2022-05-14 23:30:00,
2022-05-15 00:00:00,
2022-05-15 00:30:00,
2022-05-15 01:00:00,
2022-05-15 01:30:00,
2022-05-15 02:00:00,
2022-05-15 02:30:00,
2022-05-15 03:00:00,
2022-05-15 03:30:00,
2022-05-15 04:00:00,
2022-05-15 04:30:00,
2022-05-15 05:00:00,
2022-05-15 05:30:00,
2022-05-15 06:00:00,
2022-05-15 06:30:00,
2022-05-15 07:00:00,
2022-05-15 07:30:00,
2022-05-15 08:00:00,-0.35109893186368674
2022-05-15 08:30:00,-0.3866303855033202
2022-05-15 09:00:00,-0.4756918688559455
2022-05-15 09:30:00,-0.5951371292497617
2022-05-15 10:00:00,-0.7047479096578745
2022-05-15 10:30:00,-0.8150311807500066
2022-05-15 11:00:00,-0.9350897955267449
2022-05-15 11:30:00,-1.0390293946535811
2022-05-15 12:00:00,-1.1002030369433635
2022-05-15 12:30:00,-1.1224512192330338
2022-05-15 13:00:00,-1.1352896659883644
2022-05-15 13:30:00,-1.1905652099008464
2022-05-15 14:00:00,-1.2363772430519118
2022-05-15 14:30:00,-1.2173694713996517
2022-05-15 15:00:00,-1.1728818676344197
2022-05-15 15:30:00,-1.1183529723537067
2022-05-15 16:00:00,-1.05625628782368
2022-05-15 16:30:00,-0.9547355073381599
2022-05-15 17:00:00,-0.7847340682278755
2022-05-15 17:30:00,-0.6587763200198409
2022-05-15 18:00:00,-0.6299797728088082
2022-05-15 18:30:00,-0.6418340282626819
2022-05-15 19:00:00,-0.6197492244416406
2022-05-15 19:30:00,-0.5364374916125852
2022-05-15 20:00:00,
2022-05-15 20:30:00,
2022-05-15 21:00:00,
2022-05-15 21:30:00,
2022-05-15 22:00:00,
2022-05-15 22:30:00,
2022-05-15 23:00:00,
2022-05-15 23:30:00,
2022-05-16 00:00:00,
2022-05-16 00:30:00,
2022-05-16 01:00:00,
2022-05-16 01:30:00,
2022-05-16 02:00:00,
2022-05-16 02:30:00,
2022-05-16 03:00:00,
2022-05-16 03:30:00,-0.12944206529803692
2022-05-16 04:00:00,-0.1217331225268553
2022-05-16 04:30:00,-0.10418211401595237
2022-05-16 05:00:00,-0.09848579394165398
2022-05-16 05:30:00,-0.1048180088711544
2022-05-16 06:00:00,-0.11284668643353792
2022-05-16 06:30:00,-0.12555476175452948
2022-05-16 07:00:00,-0.15851318551313304
2022-05-16 07:30:00,-0.2213850342392337
2022-05-16 08:00:00,-0.29940351280097344
2022-05-16 08:30:00,-0.38047847123688244
2022-05-16 09:00:00,-0.4755903957158893
2022-05-16 09:30:00,-0.6038086233885392
2022-05-16 10:00:00,-0.7419347284272986
2022-05-16 10:30:00,-0.8378442589667189
2022-05-16 11:00:00,-0.8936178295271999
2022-05-16 11:30:00,-0.9484083594137414
2022-05-16 12:00:00,-1.020045714964773
2022-05-16 12:30:00,-1.0878522307618692
2022-05-16 13:00:00,-1.1200843496455088
2022-05-16 13:30:00,-1.1358288937736891
2022-05-16 14:00:00,-1.1826423619808537
2022-05-16 14:30:00,-1.2342901547246634
2022-05-16 15:00:00,-1.2402946110483135
2022-05-16 15:30:00,-1.1503143728891985
2022-05-16 16:00:00,-1.0068460919501663
2022-05-16 16:30:00,-0.9504718519745733
2022-05-16 17:00:00,-0.9484427125304141
2022-05-16 17:30:00,-0.9055846278450198
2022-05-16 18:00:00,-0.8195597018836824
2022-05-16 18:30:00,-0.6991484004496845
2022-05-16 19:00:00,-0.609119097660477
2022-05-16 19:30:00,
2022-05-16 20:00:00,
2022-05-16 20:30:00,
2022-05-16 21:00:00,
2022-05-16 21:30:00,
2022-05-16 22:00:00,
2022-05-16 22:30:00,
2022-05-16 23:00:00,
2022-05-16 23:30:00,
2022-05-17 00:00:00,
2022-05-17 00:30:00,
2022-05-17 01:00:00,
2022-05-17 01:30:00,
2022-05-17 02:00:00,
2022-05-17 02:30:00,
2022-05-17 03:00:00,
2022-05-17 03:30:00,
2022-05-17 04:00:00,
2022-05-17 04:30:00,
2022-05-17 05:00:00,
2022-05-17 05:30:00,
2022-05-17 06:00:00,
2022-05-17 06:30:00,
2022-05-17 07:00:00,
2022-05-17 07:30:00,
2022-05-17 08:00:00,
2022-05-17 08:30:00,
2022-05-17 09:00:00,
2022-05-17 09:30:00,-0.34807821306949177
2022-05-17 10:00:00,-0.43444352168193634
2022-05-17 10:30:00,-0.5268555590794283
2022-05-17 11:00:00,-0.6244957409435762
2022-05-17 11:30:00,-0.7172702861192817
2022-05-17 12:00:00,-0.7788173628126499
2022-05-17 12:30:00,-0.7888153442101549
2022-05-17 13:00:00,-0.7859705739826109
2022-05-17 13:30:00,-0.8219627851508142
2022-05-17 14:00:00,-0.8694019344474985
2022-05-17 14:30:00,-0.8735264160219223
2022-05-17 15:00:00,-0.8208945678663674
2022-05-17 15:30:00,-0.7565169314538752
2022-05-17 16:00:00,-0.7804300314135204
2022-05-17 16:30:00,-0.9164423523141282
2022-05-17 17:00:00,-1.0231993955938021
2022-05-17 17:30:00,-1.0036105542917213
2022-05-17 18:00:00,-0.8898137317568414
2022-05-17 18:30:00,-0.7511933911841276
2022-05-17 19:00:00,-0.6250974999197987
2022-05-17 19:30:00,-0.5484654316964414
2022-05-17 20:00:00,-0.5270125608430571
2022-05-17 20:30:00,-0.49777107803063897
2022-05-17 21:00:00,-0.39780288963116417
2022-05-17 21:30:00,-0.27461602264000007
2022-05-17 22:00:00,-0.18500188745405247
2022-05-17 22:30:00,-0.13311046153101413
2022-05-17 23:00:00,-0.09557796950975227
2022-05-17 23:30:00,-0.06564211872301037
2022-05-18 00:00:00,-0.05251384124802788
2022-05-18 00:30:00,-0.048799277393161845
2022-05-18 01:00:00,-0.03474924796412064
2022-05-18 01:30:00,-0.021412012916560502
2022-05-18 02:00:00,-0.018784828692607534
2022-05-18 02:30:00,-0.022611915700439484
2022-05-18 03:00:00,-0.026133663898837478
2022-05-18 03:30:00,-0.025469179391909177
2022-05-18 04:00:00,-0.017887691876305692
2022-05-18 04:30:00,-0.011668067357559889
2022-05-18 05:00:00,-0.010191995833508872
2022-05-18 05:30:00,-0.01100451033614853
2022-05-18 06:00:00,-0.01841772041542502
2022-05-18 06:30:00,-0.04599631487421007
2022-05-18 07:00:00,-0.09423927957376983
2022-05-18 07:30:00,-0.14455773410105197
2022-05-18 08:00:00,-0.20472349278844296
2022-05-18 08:30:00,-0.28981406502170437
2022-05-18 09:00:00,-0.39913841362384633
2022-05-18 09:30:00,-0.5466301344221298
2022-05-18 10:00:00,-0.7078688922804766
2022-05-18 10:30:00,-0.7958394951363716
2022-05-18 11:00:00,-0.7956564671213746
2022-05-18 11:30:00,-0.744849481084181
2022-05-18 12:00:00,-0.6648187523149413
2022-05-18 12:30:00,-0.635173291490638
2022-05-18 13:00:00,-0.6773126722660651
2022-05-18 13:30:00,-0.6822521942341037
2022-05-18 14:00:00,-0.6009436187911689
2022-05-18 14:30:00,-0.5032491846754459
2022-05-18 15:00:00,-0.4175166945189433
2022-05-18 15:30:00,-0.32033015753905625
2022-05-18 16:00:00,-0.22493944894234508
2022-05-18 16:30:00,-0.14592497057231807
2022-05-18 17:00:00,-0.08925443528568676
2022-05-18 17:30:00,-0.09256845154406257
2022-05-18 18:00:00,-0.1651516197292195
2022-05-18 18:30:00,-0.25677313737316354
2022-05-18 19:00:00,-0.3647773737639242
2022-05-18 19:30:00,-0.5162889867309897
2022-05-18 20:00:00,-0.6687896549756148
2022-05-18 20:30:00,-0.7193960613650925
2022-05-18 21:00:00,-0.6658532213174088
2022-05-18 21:30:00,-0.6128275514785348
2022-05-18 22:00:00,-0.586442350495629
2022-05-18 22:30:00,-0.561225194268479
2022-05-18 23:00:00,-0.5171679768928433
2022-05-18 23:30:00,-0.47324663725499094
2022-05-19 00:00:00,-0.45282280233147193
2022-05-19 00:30:00,-0.4340235543091176
2022-05-19 01:00:00,-0.39747376121735406
2022-05-19 01:30:00,-0.3513968024353734
2022-05-19 02:00:00,-0.30717446301370943
2022-05-19 02:30:00,-0.26555194880796057
2022-05-19 03:00:00,-0.235459216546572
2022-05-19 03:30:00,-0.23334981251365766
2022-05-19 04:00:00,-0.24521037926212957
2022-05-19 04:30:00,-0.2669515896687882
2022-05-19 05:00:00,-0.28468557864787974
2022-05-19 05:30:00,-0.2784687560417413
2022-05-19 06:00:00,-0.26696327434371625
2022-05-19 06:30:00,-0.2685784460927931
2022-05-19 07:00:00,-0.2832456120216672
2022-05-19 07:30:00,-0.3023472842671574
2022-05-19 08:00:00,-0.3227933414180558
2022-05-19 08:30:00,-0.35352813054862864
2022-05-19 09:00:00,-0.3960238903265741
2022-05-19 09:30:00,-0.44639792810879314
2022-05-19 10:00:00,-0.5106813750388028
2022-05-19 10:30:00,-0.5929474446404811
2022-05-19 11:00:00,-0.6672608599332321
2022-05-19 11:30:00,-0.7143308894922783
2022-05-19 12:00:00,-0.7287515236339535
2022-05-19 12:30:00,-0.7072269712069255
2022-05-19 13:00:00,-0.644687489587817
2022-05-19 13:30:00,-0.5361975861722514
2022-05-19 14:00:00,-0.40661971556619775
2022-05-19 14:30:00,-0.2975372106783067
2022-05-19 15:00:00,-0.22534965941863475
2022-05-19 15:30:00,-0.18435282614156032
2022-05-19 16:00:00,-0.16845585494972004
2022-05-19 16:30:00,-0.15825950245303147
2022-05-19 17:00:00,-0.14498610956863572
2022-05-19 17:30:00,-0.13924166136976315
2022-05-19 18:00:00,-0.13833594756117856
2022-05-19 18:30:00,-0.13282498983148472
2022-05-19 19:00:00,-0.12063390173159227
2022-05-19 19:30:00,-0.11091086162320458
2022-05-19 20:00:00,-0.11306347344436075
2022-05-19 20:30:00,-0.12605354561639318
2022-05-19 21:00:00,-0.1425967052192524
2022-05-19 21:30:00,-0.14998444777437167
2022-05-19 22:00:00,-0.14214725859617158
2022-05-19 22:30:00,-0.13310263321197957
2022-05-19 23:00:00,-0.1395044073419933
2022-05-19 23:30:00,-0.14497324498946118
2022-05-20 00:00:00,-0.13623602593814085
2022-05-20 00:30:00,-0.1309970276534775
2022-05-20 01:00:00,-0.13618917807748643
2022-05-20 01:30:00,-0.14636616884017284
2022-05-20 02:00:00,-0.15267998922666845
2022-05-20 02:30:00,-0.15056901940922027
2022-05-20 03:00:00,-0.1414247196321787
2022-05-20 03:30:00,-0.12770774079901215
2022-05-20 04:00:00,-0.11345220003184622
2022-05-20 04:30:00,-0.09476432211123108
2022-05-20 05:00:00,-0.07701541738702881
2022-05-20 05:30:00,-0.07536142761477446
2022-05-20 06:00:00,-0.09162889655597957
2022-05-20 06:30:00,-0.11462299468071199
2022-05-20 07:00:00,-0.1305909214216381
2022-05-20 07:30:00,-0.14862395564720132
2022-05-20 08:00:00,-0.17817938417058718
2022-05-20 08:30:00,-0.21239709244241892
2022-05-20 09:00:00,-0.25719825048717926
2022-05-20 09:30:00,-0.31779686714389227
2022-05-20 10:00:00,-0.3871662075164441
2022-05-20 10:30:00,-0.44389393703241176
2022-05-20 11:00:00,-0.4659296923854012
2022-05-20 11:30:00,-0.4702000798213899
2022-05-20 12:00:00,-0.47631032395104417
2022-05-20 12:30:00,-0.4564141025883439
2022-05-20 13:00:00,-0.43117445998183507
2022-05-20 13:30:00,-0.4551513209403757
2022-05-20 14:00:00,-0.5112033502983877
2022-05-20 14:30:00,-0.5350279212266335
2022-05-20 15:00:00,-0.49122228469331397
2022-05-20 15:30:00,-0.43004434546922
2022-05-20 16:00:00,-0.42511178473396805
2022-05-20 16:30:00,-0.4435086561409358
2022-05-20 17:00:00,-0.45172806212536926
2022-05-20 17:30:00,-0.4136728330638897
2022-05-20 18:00:00,-0.3470933951778251
2022-05-20 18:30:00,-0.29943851401289273
2022-05-20 19:00:00,-0.26718798241024755
2022-05-20 19:30:00,-0.24657893379021797
2022-05-20 20:00:00,-0.2311535330017425
2022-05-20 20:30:00,-0.22122354288931062
2022-05-20 21:00:00,-0.21145194230613995
2022-05-20 21:30:00,-0.18458021978112243
2022-05-20 22:00:00,-0.14798751363719342
2022-05-20 22:30:00,-0.128995122440525
2022-05-20 23:00:00,-0.1231420480101943
2022-05-20 23:30:00,-0.12260923908794719
2022-05-21 00:00:00,-0.12169048396134238
2022-05-21 00:30:00,-0.11689889947066967
2022-05-21 01:00:00,-0.10102277568711593
2022-05-21 01:30:00,-0.07436474170573822
2022-05-21 02:00:00,-0.06153975187425351
2022-05-21 02:30:00,-0.06924399623781419
2022-05-21 03:00:00,-0.07551414179151159
2022-05-21 03:30:00,-0.06923195148159886
2022-05-21 04:00:00,
2022-05-21 04:30:00,
2022-05-21 05:00:00,
2022-05-21 05:30:00,
2022-05-21 06:00:00,
2022-05-21 06:30:00,
2022-05-21 07:00:00,
2022-05-21 07:30:00,
2022-05-21 08:00:00,
2022-05-21 08:30:00,
2022-05-21 09:00:00,
2022-05-21 09:30:00,
2022-05-21 10:00:00,
2022-05-21 10:30:00,-0.6922367886772249
2022-05-21 11:00:00,-0.7303093283067704
2022-05-21 11:30:00,-0.7408380075056821
2022-05-21 12:00:00,-0.7491740443925725
2022-05-21 12:30:00,-0.7570517752420403
2022-05-21 13:00:00,-0.7703060569926641
2022-05-21 13:30:00,-0.7911477707745279
2022-05-21 14:00:00,-0.7914118329850812
2022-05-21 14:30:00,-0.7785776732781988
2022-05-21 15:00:00,-0.759732986690302
2022-05-21 15:30:00,-0.7465225228709941
2022-05-21 16:00:00,-0.7769765811878505
2022-05-21 16:30:00,-0.834847648435994
2022-05-21 17:00:00,-0.8984301936299269
2022-05-21 17:30:00,-1.0099828108401268
2022-05-21 18:00:00,-1.1058382904525286
2022-05-21 18:30:00,-1.0798995835949816
2022-05-21 19:00:00,-1.0219718413408254
2022-05-21 19:30:00,-1.0194753279359823
2022-05-21 20:00:00,-0.9989239112434807
2022-05-21 20:30:00,-0.8286274436239625
2022-05-21 21:00:00,-0.5615033443990107
2022-05-21 21:30:00,-0.3380673682486182
2022-05-21 22:00:00,-0.19544821402298732
2022-05-21 22:30:00,-0.11611234757001204
2022-05-21 23:00:00,-0.0726553089045459
2022-05-21 23:30:00,-0.051652136874643526
2022-05-22 00:00:00,-0.046517011782453134
2022-05-22 00:30:00,-0.04785006479133612
2022-05-22 01:00:00,-0.050323329673748814
2022-05-22 01:30:00,
2022-05-22 02:00:00,
2022-05-22 02:30:00,
2022-05-22 03:00:00,
2022-05-22 03:30:00,
2022-05-22 04:00:00,
2022-05-22 04:30:00,
2022-05-22 05:00:00,
2022-05-22 05:30:00,
2022-05-22 06:00:00,
2022-05-22 06:30:00,
2022-05-22 07:00:00,
2022-05-22 07:30:00,
2022-05-22 08:00:00,
2022-05-22 08:30:00,
2022-05-22 09:00:00,
2022-05-22 09:30:00,
2022-05-22 10:00:00,
2022-05-22 10:30:00,
2022-05-22 11:00:00,
2022-05-22 11:30:00,-1.1331034640689004
2022-05-22 12:00:00,-1.0878352128930522
2022-05-22 12:30:00,-1.0712843047038096
2022-05-22 13:00:00,-1.107827989931995
2022-05-22 13:30:00,-1.1605071378062246
2022-05-22 14:00:00,-1.171162977524638
2022-05-22 14:30:00,-1.1601955033029219
2022-05-22 15:00:00,-1.1663466942141514
2022-05-22 15:30:00,-1.211095363740081
2022-05-22 16:00:00,-1.280407988500258
2022-05-22 16:30:00,-1.3107550730840352
2022-05-22 17:00:00,-1.2864600190715592
2022-05-22 17:30:00,-1.254330698308509
2022-05-22 18:00:00,-1.236720088431297
2022-05-22 18:30:00,-1.2054041972483074
2022-05-22 19:00:00,-1.1163351295732817
2022-05-22 19:30:00,-0.985647709979284
2022-05-22 20:00:00,-0.840544793562713
2022-05-22 20:30:00,-0.6790043106527687
2022-05-22 21:00:00,-0.5070703061191217
2022-05-22 21:30:00,-0.34341046347296506
2022-05-22 22:00:00,-0.21196620925986076
2022-05-22 22:30:00,-0.12374076838005944
2022-05-22 23:00:00,-0.07154792193772934
2022-05-22 23:30:00,-0.04519177216672089
2022-05-23 00:00:00,-0.03975747598950029
2022-05-23 00:30:00,-0.042779469243114904
2022-05-23 01:00:00,
2022-05-23 01:30:00,
2022-05-23 02:00:00,
2022-05-23 02:30:00,
2022-05-23 03:00:00,
2022-05-23 03:30:00,
2022-05-23 04:00:00,
2022-05-23 04:30:00,
2022-05-23 05:00:00,
2022-05-23 05:30:00,
2022-05-23 06:00:00,
2022-05-23 06:30:00,
2022-05-23 07:00:00,
2022-05-23 07:30:00,
2022-05-23 08:00:00,-0.13905707519323177
2022-05-23 08:30:00,-0.2719802542817251
2022-05-23 09:00:00,-0.43287446729626655
2022-05-23 09:30:00,-0.5833901886983696
2022-05-23 10:00:00,-0.724393095202158
2022-05-23 10:30:00,-0.842179421600965
2022-05-23 11:00:00,-0.9240746296409142
2022-05-23 11:30:00,-0.9815694436769195
2022-05-23 12:00:00,-1.0225748032068345
2022-05-23 12:30:00,-1.0453156017948102
2022-05-23 13:00:00,-1.055039152545157
2022-05-23 13:30:00,-1.0791049632705771
2022-05-23 14:00:00,-1.123803986915167
2022-05-23 14:30:00,-1.1576368420121967
2022-05-23 15:00:00,-1.1857808783228054
2022-05-23 15:30:00,-1.246477344084549
2022-05-23 16:00:00,-1.3144271879646947
2022-05-23 16:30:00,-1.2886990338350668
2022-05-23 17:00:00,-1.1966570784051092
2022-05-23 17:30:00,-1.1162318910428273
2022-05-23 18:00:00,-1.0513804159418623
2022-05-23 18:30:00,-0.9712543402904735
2022-05-23 19:00:00,-0.9131209311263881
2022-05-23 19:30:00,-0.8748330575968629
2022-05-23 20:00:00,-0.8136817701374597
2022-05-23 20:30:00,-0.7115552297575372
2022-05-23 21:00:00,-0.5777800346543441
2022-05-23 21:30:00,-0.4331919252617438
2022-05-23 22:00:00,-0.2922915391992586
2022-05-23 22:30:00,-0.17190830217083436
2022-05-23 23:00:00,-0.09613192185641807
2022-05-23 23:30:00,-0.0685625156098767
2022-05-24 00:00:00,-0.06517762732362664
2022-05-24 00:30:00,
2022-05-24 01:00:00,
2022-05-24 01:30:00,
2022-05-24 02:00:00,
2022-05-24 02:30:00,
2022-05-24 03:00:00,
2022-05-24 03:30:00,
2022-05-24 04:00:00,
2022-05-24 04:30:00,
2022-05-24 05:00:00,
2022-05-24 05:30:00,-0.02739745244328355
2022-05-24 06:00:00,-0.029246672850306476
2022-05-24 06:30:00,-0.029741063536143718
2022-05-24 07:00:00,-0.03840786315922253
2022-05-24 07:30:00,-0.0585485071008591
2022-05-24 08:00:00,-0.08543062689484571
2022-05-24 08:30:00,-0.1274378598538976
2022-05-24 09:00:00,-0.20811001411701555
2022-05-24 09:30:00,-0.3471620725636473
2022-05-24 10:00:00,-0.5365502711702815
2022-05-24 10:30:00,-0.7327218731535878
2022-05-24 11:00:00,-0.8858673647863686
2022-05-24 11:30:00,-0.9837227938366508
2022-05-24 12:00:00,-1.020956084122019
2022-05-24 12:30:00,-1.0198493330972769
2022-05-24 13:00:00,-1.0358152380430743
2022-05-24 13:30:00,-1.0652326889026429
2022-05-24 14:00:00,-1.0575544762748357
2022-05-24 14:30:00,-1.0242080706525891
2022-05-24 15:00:00,-1.0307318667029468
2022-05-24 15:30:00,-1.0772096593013205
2022-05-24 16:00:00,-1.0878699704875106
2022-05-24 16:30:00,-1.069849333097277
2022-05-24 17:00:00,-1.0689241028837675
2022-05-24 17:30:00,-1.0725072697508558
2022-05-24 18:00:00,-1.022143745860702
2022-05-24 18:30:00,-0.8774361596112696
2022-05-24 19:00:00,-0.6968568608728277
2022-05-24 19:30:00,-0.5542488765699151
2022-05-24 20:00:00,-0.48044094397314274
2022-05-24 20:30:00,-0.4617282512723109
2022-05-24 21:00:00,-0.4444166375597827
2022-05-24 21:30:00,-0.40060185876085713
2022-05-24 22:00:00,-0.33083345646609935
2022-05-24 22:30:00,-0.24809122501670447
2022-05-24 23:00:00,-0.1840766971068687
2022-05-24 23:30:00,-0.15047847123688243
2022-05-25 00:00:00,-0.1309185497162402
2022-05-25 00:30:00,-0.11714675122726875
2022-05-25 01:00:00,-0.11013830907358553
2022-05-25 01:30:00,-0.10466765504135356
2022-05-25 02:00:00,-0.09897286764970438
2022-05-25 02:30:00,-0.0975829621559263
2022-05-25 03:00:00,-0.09659311514615898
2022-05-25 03:30:00,-0.09417775735277266
2022-05-25 04:00:00,-0.097140059696038
2022-05-25 04:30:00,-0.10664144868109773
2022-05-25 05:00:00,-0.11530155677294582
2022-05-25 05:30:00,-0.12620022627189686
2022-05-25 06:00:00,-0.14879707885918744
2022-05-25 06:30:00,-0.17596590494579745
2022-05-25 07:00:00,-0.19948016331948518
2022-05-25 07:30:00,-0.22224688598065626
2022-05-25 08:00:00,-0.2557324360060984
2022-05-25 08:30:00,-0.31332319002569575
2022-05-25 09:00:00,-0.37616179039792963
2022-05-25 09:30:00,-0.4225407437070275
2022-05-25 10:00:00,-0.48781691625869916
2022-05-25 10:30:00,-0.5886073233385565
2022-05-25 11:00:00,-0.7224094789430755
2022-05-25 11:30:00,-0.8735152731114934
2022-05-25 12:00:00,-1.0116453996725872
2022-05-25 12:30:00,-1.1233618370779324
2022-05-25 13:00:00,-1.1813015466974357
2022-05-25 13:30:00,-1.174594106400987
2022-05-25 14:00:00,-1.1474285170282148
2022-05-25 14:30:00,-1.1459928868157578
2022-05-25 15:00:00,-1.1879196384367732
2022-05-25 15:30:00,-1.205421841044641
2022-05-25 16:00:00,-1.1272087334082663
2022-05-25 16:30:00,-1.0261255445173205
2022-05-25 17:00:00,-0.9786483777826896
2022-05-25 17:30:00,-0.9967103569561698
2022-05-25 18:00:00,-1.0169118115966524
2022-05-25 18:30:00,-1.008503642667392
2022-05-25 19:00:00,-0.9625282083033531
2022-05-25 19:30:00,-0.8582563328361374
2022-05-25 20:00:00,-0.7459796694581806
2022-05-25 20:30:00,-0.6555957274113942
2022-05-25 21:00:00,-0.5701028694886288
2022-05-25 21:30:00,-0.47759065024896197
2022-05-25 22:00:00,-0.3794056819641403
2022-05-25 22:30:00,-0.29906964557477334
2022-05-25 23:00:00,-0.25892296491926964
2022-05-25 23:30:00,-0.2508285741775934
2022-05-26 00:00:00,-0.24757276315528257
2022-05-26 00:30:00,-0.22967872149218738
2022-05-26 01:00:00,-0.2019231252367544
2022-05-26 01:30:00,-0.17924166136976313
2022-05-26 02:00:00,-0.16139224036182911
2022-05-26 02:30:00,-0.14117347126135804
2022-05-26 03:00:00,-0.1184508434691767
2022-05-26 03:30:00,-0.10760500050242075
2022-05-26 04:00:00,-0.11487619966229565
2022-05-26 04:30:00,-0.13311829310016565
2022-05-26 05:00:00,-0.16526877546363541
2022-05-26 05:30:00,-0.2142904912396432
2022-05-26 06:00:00,-0.2673630856384589
2022-05-26 06:30:00,-0.29227158463962477
2022-05-26 07:00:00,-0.27396055744779757
2022-05-26 07:30:00,-0.23255568866210052
2022-05-26 08:00:00,-0.19864868164014962
2022-05-26 08:30:00,-0.18745090831395705
2022-05-26 09:00:00,-0.20597538394471193
2022-05-26 09:30:00,-0.2558715362311242
2022-05-26 10:00:00,-0.3273773707075521
2022-05-26 10:30:00,-0.4018597214466275
2022-05-26 11:00:00,-0.47703549198072104
2022-05-26 11:30:00,-0.5689749716285056
2022-05-26 12:00:00,-0.6873224564965741
2022-05-26 12:30:00,-0.8425338975048742
2022-05-26 13:00:00,-1.0308674684190982
2022-05-26 13:30:00,-1.2083736946802066
2022-05-26 14:00:00,-1.3184190789344998
2022-05-26 14:30:00,-1.3442126041120979
2022-05-26 15:00:00,-1.3377871076354966
2022-05-26 15:30:00,-1.3458569948513792
2022-05-26 16:00:00,-1.3479242916545284
2022-05-26 16:30:00,-1.3056604239977867
2022-05-26 17:00:00,-1.2172065587607144
2022-05-26 17:30:00,-1.0771586087491203
2022-05-26 18:00:00,-0.9369470126118766
2022-05-26 18:30:00,-0.8495500700689399
2022-05-26 19:00:00,-0.7984364383660252
2022-05-26 19:30:00,-0.7911469354872416
2022-05-26 20:00:00,-0.7937025652713247
2022-05-26 20:30:00,-0.6944233910827455
2022-05-26 21:00:00,-0.5100395595543865
2022-05-26 21:30:00,-0.33232245641615143
2022-05-26 22:00:00,-0.19824783407812163
2022-05-26 22:30:00,-0.11565472374141615
2022-05-26 23:00:00,-0.07458928795930768
2022-05-26 23:30:00,-0.06341017977085019
2022-05-27 00:00:00,-0.07378418498962805
2022-05-27 00:30:00,-0.0899540013331123
2022-05-27 01:00:00,-0.09927879934225328
2022-05-27 01:30:00,-0.10528802634244615
2022-05-27 02:00:00,-0.11107145096649595
2022-05-27 02:30:00,-0.11299992942823493
2022-05-27 03:00:00,-0.11631951535592149
2022-05-27 03:30:00,-0.12159615175951592
2022-05-27 04:00:00,-0.11554528275561503
2022-05-27 04:30:00,-0.09470245814579263
2022-05-27 05:00:00,-0.07175804289620667
2022-05-27 05:30:00,-0.0544946791974056
2022-05-27 06:00:00,-0.04599617854013341
2022-05-27 06:30:00,-0.04952610394404648
2022-05-27 07:00:00,-0.06348931252545112
2022-05-27 07:30:00,-0.09097539116717376
2022-05-27 08:00:00,-0.14010116395905614
2022-05-27 08:30:00,-0.20195278649191883
2022-05-27 09:00:00,-0.287794577946667
2022-05-27 09:30:00,-0.4306918903050026
2022-05-27 10:00:00,-0.6390971571803108
2022-05-27 10:30:00,-0.8424632862755007
2022-05-27 11:00:00,-0.9592421231482627
2022-05-27 11:30:00,-1.0241051047536927
2022-05-27 12:00:00,-1.081605401745163
2022-05-27 12:30:00,-1.1097798671718808
2022-05-27 13:00:00,-1.1129412689806708
2022-05-27 13:30:00,-1.1013694820710889
2022-05-27 14:00:00,-1.038850591398053
2022-05-27 14:30:00,-0.9237816428927131
2022-05-27 15:00:00,-0.8534563836297742
2022-05-27 15:30:00,-0.8736163948472813
2022-05-27 16:00:00,-0.9601789166285076
2022-05-27 16:30:00,-1.0057074087309612
2022-05-27 17:00:00,-0.9706307483781212
2022-05-27 17:30:00,-0.8831709668374208
2022-05-27 18:00:00,-0.7584832008503734
2022-05-27 18:30:00,-0.6152846662410713
2022-05-27 19:00:00,-0.45905544268935267
2022-05-27 19:30:00,-0.321249637933447
2022-05-27 20:00:00,-0.24707056434235125
2022-05-27 20:30:00,-0.21792559552135088
2022-05-27 21:00:00,-0.2040536805354153
2022-05-27 21:30:00,-0.18613586243281185
2022-05-27 22:00:00,-0.14915783020754125
2022-05-27 22:30:00,-0.11220090884324817
2022-05-27 23:00:00,-0.10747817069339873
2022-05-27 23:30:00,-0.1387236521079739
2022-05-28 00:00:00,-0.1824953287077924
2022-05-28 00:30:00,-0.2097073515486827
2022-05-28 01:00:00,-0.20365490945736356
2022-05-28 01:30:00,-0.19278887709231837
2022-05-28 02:00:00,-0.20245332662279716
2022-05-28 02:30:00,-0.21190843323885428
2022-05-28 03:00:00,-0.19625429128910826
2022-05-28 03:30:00,-0.1667345006190045
2022-05-28 04:00:00,-0.13946270729595886
2022-05-28 04:30:00,-0.11519500696798057
2022-05-28 05:00:00,-0.10939129130591244
2022-05-28 05:30:00,-0.1339078417707939
2022-05-28 06:00:00,-0.15436542200198708
2022-05-28 06:30:00,-0.14991073732104326
2022-05-28 07:00:00,-0.12755364861054844
2022-05-28 07:30:00,-0.11629933906501684
2022-05-28 08:00:00,-0.14635752985615808
2022-05-28 08:30:00,-0.22702138891653026
2022-05-28 09:00:00,-0.3439736515786828
2022-05-28 09:30:00,-0.470945528393567
2022-05-28 10:00:00,-0.599295715353013
2022-05-28 10:30:00,-0.713498098877504
2022-05-28 11:00:00,-0.7887877361943497
2022-05-28 11:30:00,-0.8422349573090938
2022-05-28 12:00:00,-0.8973747012370992
2022-05-28 12:30:00,-0.952365891362566
2022-05-28 13:00:00,-0.9976549032328555
2022-05-28 13:30:00,-1.0333135492138195
2022-05-28 14:00:00,-1.056675395449731
2022-05-28 14:30:00,-1.0886263504701568
2022-05-28 15:00:00,-1.161804775791419
2022-05-28 15:30:00,-1.2724417144351192
2022-05-28 16:00:00,-1.3419483612542993
2022-05-28 16:30:00,-1.2766092184759987
2022-05-28 17:00:00,-1.1746692085541937
2022-05-28 17:30:00,-1.1603193857438763
2022-05-28 18:00:00,-1.1681781900397457
2022-05-28 18:30:00,-1.1311423061559085
2022-05-28 19:00:00,-1.0801959467445756
2022-05-28 19:30:00,-1.0127349216136474
2022-05-28 20:00:00,-0.8932850391913827
2022-05-28 20:30:00,-0.7218024560675801
2022-05-28 21:00:00,-0.5194697405716309
2022-05-28 21:30:00,-0.3267228432780562
2022-05-28 22:00:00,-0.18422393802456283
2022-05-28 22:30:00,-0.10462640045291256
2022-05-28 23:00:00,-0.07284229325751146
2022-05-28 23:30:00,-0.07196476009842316
2022-05-29 00:00:00,-0.07955507574498306
2022-05-29 00:30:00,-0.08054258788669935
2022-05-29 01:00:00,-0.08300696270390692
2022-05-29 01:30:00,-0.09344550850061549
2022-05-29 02:00:00,-0.09922878575662711
2022-05-29 02:30:00,-0.09470513475828493
2022-05-29 03:00:00,-0.08815916220885676
2022-05-29 03:30:00,-0.08359486576861146
2022-05-29 04:00:00,-0.08261037198382873
2022-05-29 04:30:00,-0.08355337113294165
2022-05-29 05:00:00,-0.08974542019932343
2022-05-29 05:30:00,-0.11058824480914581
2022-05-29 06:00:00,-0.13340753967120467
2022-05-29 06:30:00,-0.14499379766167134
2022-05-29 07:00:00,-0.15801076498981892
2022-05-29 07:30:00,-0.19115469846106523
2022-05-29 08:00:00,-0.25387717888520833
2022-05-29 08:30:00,-0.3297656786739006
2022-05-29 09:00:00,-0.39030410427382334
2022-05-29 09:30:00,-0.43478708045945486
2022-05-29 10:00:00,-0.47794073485282695
2022-05-29 10:30:00,-0.5292829505950684
2022-05-29 11:00:00,-0.5860624356815984
2022-05-29 11:30:00,-0.631709162206462
2022-05-29 12:00:00,-0.678373743543666
2022-05-29 12:30:00,-0.7510804479949702
2022-05-29 13:00:00,-0.8435701508096247
2022-05-29 13:30:00,-0.9218474184671827
2022-05-29 14:00:00,-0.9636592954913508
2022-05-29 14:30:00,-0.9774454258969351
2022-05-29 15:00:00,-1.0091255666822292
2022-05-29 15:30:00,-1.0891955224768766
2022-05-29 16:00:00,-1.1621453750111022
2022-05-29 16:30:00,-1.1484148344640506
2022-05-29 17:00:00,-1.0389598355105512
2022-05-29 17:30:00,-0.8419173414800604
2022-05-29 18:00:00,-0.5954820857499872
2022-05-29 18:30:00,-0.4094591410274475
2022-05-29 19:00:00,-0.3218814708615457
2022-05-29 19:30:00,-0.28534700114298844
2022-05-29 20:00:00,-0.25683751747567146
2022-05-29 20:30:00,-0.22564476277206147
2022-05-29 21:00:00,-0.18957049163653472
2022-05-29 21:30:00,-0.15347169809992506
2022-05-29 22:00:00,-0.13918478340598284
2022-05-29 22:30:00,-0.14659592809272792
2022-05-29 23:00:00,-0.161304805101598
2022-05-29 23:30:00,-0.164150160370929
2022-05-30 00:00:00,-0.15677212770397403
2022-05-30 00:30:00,-0.15187043503863593
2022-05-30 01:00:00,-0.1449749250401486
2022-05-30 01:30:00,-0.1302630877166714
2022-05-30 02:00:00,-0.11614372656540456
2022-05-30 02:30:00,-0.10424984579774008
2022-05-30 03:00:00,-0.08972705502712615
2022-05-30 03:30:00,-0.0659148947983664
2022-05-30 04:00:00,-0.03777262312138412
2022-05-30 04:30:00,-0.01858112270528534
2022-05-30 05:00:00,-0.0125289153951383
2022-05-30 05:30:00,-0.016112585601301122
2022-05-30 06:00:00,-0.02417473899583911
2022-05-30 06:30:00,-0.03116845978081471
2022-05-30 07:00:00,-0.0418411795355845
2022-05-30 07:30:00,-0.056899046838707876
2022-05-30 08:00:00,-0.0629122887576392
2022-05-30 08:30:00,-0.06310764469252288
2022-05-30 09:00:00,-0.07257457231758477
2022-05-30 09:30:00,-0.0921716318107171
2022-05-30 10:00:00,-0.12199202247786482
2022-05-30 10:30:00,-0.1665008047394612
2022-05-30 11:00:00,-0.2149006745740536
2022-05-30 11:30:00,-0.2457007132503249
2022-05-30 12:00:00,-0.2501331867378508
2022-05-30 12:30:00,-0.2275542322782011
2022-05-30 13:00:00,-0.18744211280392511
2022-05-30 13:30:00,-0.1547328791081668
2022-05-30 14:00:00,-0.1376396092304568
2022-05-30 14:30:00,-0.1324469696939684
2022-05-30 15:00:00,-0.13619453130247103
2022-05-30 15:30:00,-0.145128297226883
2022-05-30 16:00:00,-0.15462848423977324
2022-05-30 16:30:00,-0.16588761408207878
2022-05-30 17:00:00,-0.1896611396301025
2022-05-30 17:30:00,-0.2336666124691376
2022-05-30 18:00:00,-0.2668851856977285
2022-05-30 18:30:00,-0.2756305775241982
2022-05-30 19:00:00,-0.2896672238907779
2022-05-30 19:30:00,-0.2975250915797467
2022-05-30 20:00:00,-0.27445481179955816
2022-05-30 20:30:00,-0.22917261676061454
2022-05-30 21:00:00,-0.17708033622224756
2022-05-30 21:30:00,-0.11787345247803828
2022-05-30 22:00:00,-0.0709359183266326
2022-05-30 22:30:00,-0.06003577418735875
2022-05-30 23:00:00,-0.0670398271144211
2022-05-30 23:30:00,-0.06888810900196554
2022-05-31 00:00:00,-0.06564242790401045
2022-05-31 00:30:00,-0.06376129744936687
2022-05-31 01:00:00,
2022-05-31 01:30:00,
2022-05-31 02:00:00,
2022-05-31 02:30:00,
2022-05-31 03:00:00,
2022-05-31 03:30:00,
2022-05-31 04:00:00,
2022-05-31 04:30:00,
2022-05-31 05:00:00,
2022-05-31 05:30:00,
2022-05-31 06:00:00,
2022-05-31 06:30:00,
2022-05-31 07:00:00,
2022-05-31 07:30:00,
2022-05-31 08:00:00,
2022-05-31 08:30:00,
2022-05-31 09:00:00,
2022-05-31 09:30:00,
2022-05-31 10:00:00,-0.24181115702243894
2022-05-31 10:30:00,-0.36093740400091695
2022-05-31 11:00:00,-0.5181598456977393
2022-05-31 11:30:00,-0.6900641531626637
2022-05-31 12:00:00,-0.8167028143760777
2022-05-31 12:30:00,-0.8624205290134684
2022-05-31 13:00:00,-0.8508590858032185
2022-05-31 13:30:00,-0.828460358980938
2022-05-31 14:00:00,-0.8202055862189129
2022-05-31 14:30:00,-0.8527097769011587
2022-05-31 15:00:00,-0.9355724943956149
2022-05-31 15:30:00,-0.9977064904443435
2022-05-31 16:00:00,-0.9836654646473724
2022-05-31 16:30:00,-0.9667198769981037
2022-05-31 17:00:00,-0.9660205738800853
2022-05-31 17:30:00,-0.9246794526083009
2022-05-31 18:00:00,-0.8401089133445352
2022-05-31 18:30:00,-0.7584242827546184
2022-05-31 19:00:00,-0.6854609441440677
2022-05-31 19:30:00,-0.6075771198184623
2022-05-31 20:00:00,-0.5215133568645793
2022-05-31 20:30:00,-0.431795522613138
2022-05-31 21:00:00,-0.3459672432520436
2022-05-31 21:30:00,-0.25651800834425803
2022-05-31 22:00:00,-0.16721846141494814
2022-05-31 22:30:00,-0.10300906668270812
2022-05-31 23:00:00,-0.06887696625238192
2022-05-31 23:30:00,-0.059941430951570736
2022-06-01 00:00:00,-0.06807553645699947
2022-06-01 00:30:00,-0.07110858893898607
2022-06-01 01:00:00,-0.0621471112281334
2022-06-01 01:30:00,-0.04994898985256895
2022-06-01 02:00:00,
2022-06-01 02:30:00,
2022-06-01 03:00:00,
2022-06-01 03:30:00,
2022-06-01 04:00:00,
2022-06-01 04:30:00,
2022-06-01 05:00:00,
2022-06-01 05:30:00,
2022-06-01 06:00:00,
2022-06-01 06:30:00,
2022-06-01 07:00:00,
2022-06-01 07:30:00,
2022-06-01 08:00:00,
2022-06-01 08:30:00,
2022-06-01 09:00:00,
2022-06-01 09:30:00,
2022-06-01 10:00:00,
2022-06-01 10:30:00,
2022-06-01 11:00:00,
2022-06-01 11:30:00,
2022-06-01 12:00:00,
2022-06-01 12:30:00,
2022-06-01 13:00:00,
2022-06-01 13:30:00,
2022-06-01 14:00:00,
2022-06-01 14:30:00,
2022-06-01 15:00:00,
2022-06-01 15:30:00,
2022-06-01 16:00:00,
2022-06-01 16:30:00,
2022-06-01 17:00:00,
2022-06-01 17:30:00,
2022-06-01 18:00:00,
2022-06-01 18:30:00,
2022-06-01 19:00:00,
2022-06-01 19:30:00,
2022-06-01 20:00:00,
2022-06-01 20:30:00,
2022-06-01 21:00:00,
2022-06-01 21:30:00,
2022-06-01 22:00:00,
2022-06-01 22:30:00,
2022-06-01 23:00:00,
2022-06-01 23:30:00,
2022-06-02 00:00:00,
2022-06-02 00:30:00,
2022-06-02 01:00:00,
2022-06-02 01:30:00,
2022-06-02 02:00:00,
2022-06-02 02:30:00,
2022-06-02 03:00:00,
2022-06-02 03:30:00,
2022-06-02 04:00:00,
2022-06-02 04:30:00,
2022-06-02 05:00:00,
2022-06-02 05:30:00,
2022-06-02 06:00:00,
2022-06-02 06:30:00,
2022-06-02 07:00:00,
2022-06-02 07:30:00,
2022-06-02 08:00:00,
2022-06-02 08:30:00,
2022-06-02 09:00:00,
2022-06-02 09:30:00,
2022-06-02 10:00:00,
2022-06-02 10:30:00,
2022-06-02 11:00:00,
2022-06-02 11:30:00,
2022-06-02 12:00:00,
2022-06-02 12:30:00,
2022-06-02 13:00:00,
2022-06-02 13:30:00,
2022-06-02 14:00:00,
2022-06-02 14:30:00,
2022-06-02 15:00:00,
2022-06-02 15:30:00,
2022-06-02 16:00:00,
2022-06-02 16:30:00,
2022-06-02 17:00:00,
2022-06-02 17:30:00,
2022-06-02 18:00:00,
2022-06-02 18:30:00,
2022-06-02 19:00:00,
2022-06-02 19:30:00,
2022-06-02 20:00:00,
2022-06-02 20:30:00,
2022-06-02 21:00:00,
2022-06-02 21:30:00,
2022-06-02 22:00:00,
2022-06-02 22:30:00,
2022-06-02 23:00:00,
2022-06-02 23:30:00,
2022-06-03 00:00:00,
2022-06-03 00:30:00,
2022-06-03 01:00:00,
2022-06-03 01:30:00,
2022-06-03 02:00:00,
2022-06-03 02:30:00,
2022-06-03 03:00:00,
2022-06-03 03:30:00,
2022-06-03 04:00:00,
2022-06-03 04:30:00,
2022-06-03 05:00:00,
2022-06-03 05:30:00,
2022-06-03 06:00:00,
2022-06-03 06:30:00,
2022-06-03 07:00:00,
2022-06-03 07:30:00,
2022-06-03 08:00:00,
2022-06-03 08:30:00,
2022-06-03 09:00:00,
2022-06-03 09:30:00,
2022-06-03 10:00:00,
2022-06-03 10:30:00,
2022-06-03 11:00:00,
2022-06-03 11:30:00,
2022-06-03 12:00:00,
2022-06-03 12:30:00,
2022-06-03 13:00:00,
2022-06-03 13:30:00,
2022-06-03 14:00:00,
2022-06-03 14:30:00,
2022-06-03 15:00:00,
2022-06-03 15:30:00,
2022-06-03 16:00:00,
2022-06-03 16:30:00,
2022-06-03 17:00:00,
2022-06-03 17:30:00,
2022-06-03 18:00:00,
2022-06-03 18:30:00,
2022-06-03 19:00:00,
2022-06-03 19:30:00,
2022-06-03 20:00:00,
2022-06-03 20:30:00,
2022-06-03 21:00:00,
2022-06-03 21:30:00,
2022-06-03 22:00:00,
2022-06-03 22:30:00,
2022-06-03 23:00:00,
2022-06-03 23:30:00,
2022-06-04 00:00:00,
2022-06-04 00:30:00,
2022-06-04 01:00:00,
2022-06-04 01:30:00,
2022-06-04 02:00:00,
2022-06-04 02:30:00,
2022-06-04 03:00:00,
2022-06-04 03:30:00,
2022-06-04 04:00:00,
2022-06-04 04:30:00,
2022-06-04 05:00:00,
2022-06-04 05:30:00,
2022-06-04 06:00:00,
2022-06-04 06:30:00,
2022-06-04 07:00:00,
2022-06-04 07:30:00,
2022-06-04 08:00:00,
2022-06-04 08:30:00,
2022-06-04 09:00:00,
2022-06-04 09:30:00,
2022-06-04 10:00:00,
2022-06-04 10:30:00,
2022-06-04 11:00:00,
2022-06-04 11:30:00,
2022-06-04 12:00:00,
2022-06-04 12:30:00,
2022-06-04 13:00:00,
2022-06-04 13:30:00,
2022-06-04 14:00:00,
2022-06-04 14:30:00,
2022-06-04 15:00:00,
2022-06-04 15:30:00,
2022-06-04 16:00:00,
2022-06-04 16:30:00,
2022-06-04 17:00:00,
2022-06-04 17:30:00,
2022-06-04 18:00:00,
2022-06-04 18:30:00,
2022-06-04 19:00:00,
2022-06-04 19:30:00,
2022-06-04 20:00:00,
2022-06-04 20:30:00,
2022-06-04 21:00:00,
2022-06-04 21:30:00,
2022-06-04 22:00:00,
2022-06-04 22:30:00,
2022-06-04 23:00:00,
2022-06-04 23:30:00,
2022-06-05 00:00:00,
2022-06-05 00:30:00,
2022-06-05 01:00:00,
2022-06-05 01:30:00,
2022-06-05 02:00:00,
2022-06-05 02:30:00,
2022-06-05 03:00:00,
2022-06-05 03:30:00,
2022-06-05 04:00:00,
2022-06-05 04:30:00,
2022-06-05 05:00:00,
2022-06-05 05:30:00,
2022-06-05 06:00:00,
2022-06-05 06:30:00,
2022-06-05 07:00:00,
2022-06-05 07:30:00,
2022-06-05 08:00:00,
2022-06-05 08:30:00,
2022-06-05 09:00:00,
2022-06-05 09:30:00,
2022-06-05 10:00:00,
2022-06-05 10:30:00,
2022-06-05 11:00:00,
2022-06-05 11:30:00,
2022-06-05 12:00:00,
2022-06-05 12:30:00,
2022-06-05 13:00:00,
2022-06-05 13:30:00,
2022-06-05 14:00:00,
2022-06-05 14:30:00,
2022-06-05 15:00:00,
2022-06-05 15:30:00,
2022-06-05 16:00:00,
2022-06-05 16:30:00,
2022-06-05 17:00:00,
2022-06-05 17:30:00,
2022-06-05 18:00:00,
2022-06-05 18:30:00,
2022-06-05 19:00:00,
2022-06-05 19:30:00,
2022-06-05 20:00:00,
2022-06-05 20:30:00,
2022-06-05 21:00:00,
2022-06-05 21:30:00,
2022-06-05 22:00:00,
2022-06-05 22:30:00,
2022-06-05 23:00:00,
2022-06-05 23:30:00,
2022-06-06 00:00:00,
2022-06-06 00:30:00,
2022-06-06 01:00:00,
2022-06-06 01:30:00,
2022-06-06 02:00:00,
2022-06-06 02:30:00,
2022-06-06 03:00:00,
2022-06-06 03:30:00,
2022-06-06 04:00:00,
2022-06-06 04:30:00,
2022-06-06 05:00:00,
2022-06-06 05:30:00,
2022-06-06 06:00:00,
2022-06-06 06:30:00,
2022-06-06 07:00:00,
2022-06-06 07:30:00,
2022-06-06 08:00:00,
2022-06-06 08:30:00,
2022-06-06 09:00:00,
2022-06-06 09:30:00,
2022-06-06 10:00:00,
2022-06-06 10:30:00,
2022-06-06 11:00:00,
2022-06-06 11:30:00,
2022-06-06 12:00:00,
2022-06-06 12:30:00,
2022-06-06 13:00:00,
2022-06-06 13:30:00,
2022-06-06 14:00:00,
2022-06-06 14:30:00,
2022-06-06 15:00:00,
2022-06-06 15:30:00,
2022-06-06 16:00:00,
2022-06-06 16:30:00,
2022-06-06 17:00:00,
2022-06-06 17:30:00,
2022-06-06 18:00:00,
2022-06-06 18:30:00,
2022-06-06 19:00:00,
2022-06-06 19:30:00,
2022-06-06 20:00:00,
2022-06-06 20:30:00,
2022-06-06 21:00:00,
2022-06-06 21:30:00,
2022-06-06 22:00:00,
2022-06-06 22:30:00,
2022-06-06 23:00:00,
2022-06-06 23:30:00,
2022-06-07 00:00:00,
2022-06-07 00:30:00,
2022-06-07 01:00:00,
2022-06-07 01:30:00,
2022-06-07 02:00:00,
2022-06-07 02:30:00,
2022-06-07 03:00:00,
2022-06-07 03:30:00,
2022-06-07 04:00:00,
2022-06-07 04:30:00,
2022-06-07 05:00:00,
2022-06-07 05:30:00,
2022-06-07 06:00:00,
2022-06-07 06:30:00,
2022-06-07 07:00:00,
2022-06-07 07:30:00,
2022-06-07 08:00:00,
2022-06-07 08:30:00,
2022-06-07 09:00:00,
2022-06-07 09:30:00,
2022-06-07 10:00:00,
2022-06-07 10:30:00,
2022-06-07 11:00:00,
2022-06-07 11:30:00,
2022-06-07 12:00:00,
2022-06-07 12:30:00,
2022-06-07 13:00:00,
2022-06-07 13:30:00,
2022-06-07 14:00:00,
2022-06-07 14:30:00,
2022-06-07 15:00:00,
2022-06-07 15:30:00,
2022-06-07 16:00:00,
2022-06-07 16:30:00,
2022-06-07 17:00:00,
2022-06-07 17:30:00,
2022-06-07 18:00:00,
2022-06-07 18:30:00,
2022-06-07 19:00:00,
2022-06-07 19:30:00,
2022-06-07 20:00:00,
2022-06-07 20:30:00,
2022-06-07 21:00:00,
2022-06-07 21:30:00,
2022-06-07 22:00:00,
2022-06-07 22:30:00,
2022-06-07 23:00:00,
2022-06-07 23:30:00,
2022-06-08 00:00:00,
2022-06-08 00:30:00,
2022-06-08 01:00:00,
2022-06-08 01:30:00,
2022-06-08 02:00:00,
2022-06-08 02:30:00,
2022-06-08 03:00:00,
2022-06-08 03:30:00,
2022-06-08 04:00:00,
2022-06-08 04:30:00,
2022-06-08 05:00:00,
2022-06-08 05:30:00,
2022-06-08 06:00:00,
2022-06-08 06:30:00,
2022-06-08 07:00:00,
2022-06-08 07:30:00,
2022-06-08 08:00:00,
2022-06-08 08:30:00,
2022-06-08 09:00:00,
2022-06-08 09:30:00,
2022-06-08 10:00:00,
2022-06-08 10:30:00,
2022-06-08 11:00:00,
2022-06-08 11:30:00,
2022-06-08 12:00:00,
2022-06-08 12:30:00,-1.532409880009899
2022-06-08 13:00:00,-1.550383819416021
2022-06-08 13:30:00,-1.5045712482315334
2022-06-08 14:00:00,-1.3992139528334395
2022-06-08 14:30:00,-1.3035279629311667
2022-06-08 15:00:00,-1.2003679022013345
2022-06-08 15:30:00,-1.0511694802656373
2022-06-08 16:00:00,-0.9773527993036003
2022-06-08 16:30:00,-1.1237769970430336
2022-06-08 17:00:00,-1.2838805207316633
2022-06-08 17:30:00,-1.250084822137855
2022-06-08 18:00:00,-1.1136711938378934
2022-06-08 18:30:00,-0.9857764363773983
2022-06-08 19:00:00,-0.8938578790854549
2022-06-08 19:30:00,-0.789545462485415
2022-06-08 20:00:00,-0.6618371319959216
2022-06-08 20:30:00,-0.5674734064021234
2022-06-08 21:00:00,-0.5586287759439753
2022-06-08 21:30:00,-0.6022476243192315
2022-06-08 22:00:00,-0.6135108819722946
2022-06-08 22:30:00,-0.5432019025520047
2022-06-08 23:00:00,-0.4221962756199929
2022-06-08 23:30:00,-0.3132770001750387
2022-06-09 00:00:00,-0.24989118647669475
2022-06-09 00:30:00,-0.2249422148805492
2022-06-09 01:00:00,-0.2227789546517502
2022-06-09 01:30:00,-0.2397920736835748
2022-06-09 02:00:00,-0.2656504687754489
2022-06-09 02:30:00,-0.2865419576306898
2022-06-09 03:00:00,-0.30330586112078384
2022-06-09 03:30:00,-0.313837742557514
2022-06-09 04:00:00,-0.31927196044298434
2022-06-09 04:30:00,-0.3191331152485545
2022-06-09 05:00:00,-0.3012124366525738
2022-06-09 05:30:00,-0.2810699287793649
2022-06-09 06:00:00,-0.2877178746152903
2022-06-09 06:30:00,-0.316232427805477
2022-06-09 07:00:00,-0.36686073438887323
2022-06-09 07:30:00,-0.4768080075170628
2022-06-09 08:00:00,-0.6852046509724906
2022-06-09 08:30:00,-0.9811196626122818
2022-06-09 09:00:00,-1.2456265762146923
2022-06-09 09:30:00,-1.3723195777676613
2022-06-09 10:00:00,-1.4102547101694078
2022-06-09 10:30:00,-1.4189096945879822
2022-06-09 11:00:00,-1.4125642149149413
2022-06-09 11:30:00,-1.4058024556475723
2022-06-09 12:00:00,-1.4001038112007411
2022-06-09 12:30:00,-1.4368338932223172
2022-06-09 13:00:00,-1.519701894553063
2022-06-09 13:30:00,-1.5823207949206386
2022-06-09 14:00:00,-1.5946547048675443
2022-06-09 14:30:00,-1.5885709191134307
2022-06-09 15:00:00,-1.6392692635810682
2022-06-09 15:30:00,-1.6670278051829008
2022-06-09 16:00:00,-1.5700627000518206
2022-06-09 16:30:00,-1.4475241048141712
2022-06-09 17:00:00,-1.3904618153253347
2022-06-09 17:30:00,-1.3136696276334376
2022-06-09 18:00:00,-1.181029572269038
2022-06-09 18:30:00,-1.0358232208721863
2022-06-09 19:00:00,-0.9020526844711337
2022-06-09 19:30:00,-0.7945746246329265
2022-06-09 20:00:00,-0.7121756467294555
2022-06-09 20:30:00,-0.6401557070547854
2022-06-09 21:00:00,-0.5702403293684477
2022-06-09 21:30:00,-0.503208474049177
2022-06-09 22:00:00,-0.44878149012071233
2022-06-09 22:30:00,-0.416401737617167
2022-06-09 23:00:00,-0.4003455153882815
2022-06-09 23:30:00,-0.39698314352704384
2022-06-10 00:00:00,-0.4096632801217505
2022-06-10 00:30:00,-0.4319890041209313
2022-06-10 01:00:00,-0.462559703580839
2022-06-10 01:30:00,-0.5007518525093707
2022-06-10 02:00:00,-0.5316332897320061
2022-06-10 02:30:00,-0.5430355927604023
2022-06-10 03:00:00,-0.5390118330409202
2022-06-10 03:30:00,-0.5395669547963142
2022-06-10 04:00:00,-0.554953983076689
2022-06-10 04:30:00,-0.5798333739428415
2022-06-10 05:00:00,-0.6075592072458976
2022-06-10 05:30:00,-0.6442825905942037
2022-06-10 06:00:00,-0.6964405666743061
2022-06-10 06:30:00,-0.7565668199577147
2022-06-10 07:00:00,-0.8323949629847325
2022-06-10 07:30:00,-0.9228142833815155
2022-06-10 08:00:00,-1.0062176607659437
2022-06-10 08:30:00,-1.069195173590396
2022-06-10 09:00:00,-1.1217502967608446
2022-06-10 09:30:00,-1.190399094485647
2022-06-10 10:00:00,-1.2892273783740933
2022-06-10 10:30:00,-1.3885947587249197
2022-06-10 11:00:00,-1.4599672331356135
2022-06-10 11:30:00,-1.5264722802721007
2022-06-10 12:00:00,-1.5766607177359093
2022-06-10 12:30:00,-1.5993038032328164
2022-06-10 13:00:00,-1.6037131367613517
2022-06-10 13:30:00,-1.579904534902292
2022-06-10 14:00:00,-1.5463599372114591
2022-06-10 14:30:00,-1.5333256578168615
2022-06-10 15:00:00,-1.5407836535568946
2022-06-10 15:30:00,-1.604299168053156
2022-06-10 16:00:00,-1.71753720541225
2022-06-10 16:30:00,-1.7893690025775164
2022-06-10 17:00:00,-1.7789530930215502
2022-06-10 17:30:00,-1.732872175383813
2022-06-10 18:00:00,-1.7020223266197023
2022-06-10 18:30:00,-1.6455904017021226
2022-06-10 19:00:00,-1.4729443813120102
2022-06-10 19:30:00,-1.1888022553453264
2022-06-10 20:00:00,-0.9370626629976231
2022-06-10 20:30:00,-0.7967821199567141
2022-06-10 21:00:00,-0.7160263543866626
2022-06-10 21:30:00,-0.6484975549957546
2022-06-10 22:00:00,-0.5827658024785386
2022-06-10 22:30:00,-0.5074314357247636
2022-06-10 23:00:00,-0.40947897238127723
2022-06-10 23:30:00,-0.31278928998647065
2022-06-11 00:00:00,-0.25894486693168745
2022-06-11 00:30:00,-0.24623377325376233
2022-06-11 01:00:00,-0.2526376272212312
2022-06-11 01:30:00,-0.27023799450039665
2022-06-11 02:00:00,-0.2969973939592728
2022-06-11 02:30:00,-0.3222837402510315
2022-06-11 03:00:00,-0.33946544195077755
2022-06-11 03:30:00,-0.35543217775349567
2022-06-11 04:00:00,-0.3812614536763951
2022-06-11 04:30:00,-0.41814395172766966
2022-06-11 05:00:00,-0.448137973056129
2022-06-11 05:30:00,-0.45407307878226427
2022-06-11 06:00:00,-0.4408850849180473
2022-06-11 06:30:00,-0.43541100490078627
2022-06-11 07:00:00,-0.48547608159956124
2022-06-11 07:30:00,-0.6048483789332414
2022-06-11 08:00:00,-0.7449287078555118
2022-06-11 08:30:00,-0.8523678532602736
2022-06-11 09:00:00,-0.8759611301224087
2022-06-11 09:30:00,-0.7888055013988761
2022-06-11 10:00:00,-0.6606663373470558
2022-06-11 10:30:00,-0.5684963934649494
2022-06-11 11:00:00,-0.5720303878805216
2022-06-11 11:30:00,-0.7199335282693036
2022-06-11 12:00:00,-0.9911432120544625
2022-06-11 12:30:00,-1.2755534822473817
2022-06-11 13:00:00,-1.4699038748188717
2022-06-11 13:30:00,-1.588878302004245
2022-06-11 14:00:00,-1.6969590232696714
2022-06-11 14:30:00,-1.767933578247101
2022-06-11 15:00:00,-1.814705151602475
2022-06-11 15:30:00,-1.875744150327646
2022-06-11 16:00:00,-1.8330618329627515
2022-06-11 16:30:00,-1.635004343191853
2022-06-11 17:00:00,-1.528780885286019
2022-06-11 17:30:00,-1.5753747114885281
2022-06-11 18:00:00,-1.6281281138873487
2022-06-11 18:30:00,-1.6077196545080956
2022-06-11 19:00:00,-1.4843768358847447
2022-06-11 19:30:00,-1.2546320823724373
2022-06-11 20:00:00,-1.008052151962931
2022-06-11 20:30:00,-0.7966594251004889
2022-06-11 21:00:00,-0.5997090662362343
2022-06-11 21:30:00,-0.4245254237282203
2022-06-11 22:00:00,-0.29182348548076914
2022-06-11 22:30:00,-0.19864796163842033
2022-06-11 23:00:00,-0.14818033318558374
2022-06-11 23:30:00,-0.1353620824321381
2022-06-12 00:00:00,-0.1278067427369407
2022-06-12 00:30:00,-0.11462452736336119
2022-06-12 01:00:00,-0.09878736897102318
2022-06-12 01:30:00,-0.08086921961949656
2022-06-12 02:00:00,-0.07446007046936957
2022-06-12 02:30:00,-0.08302015138996534
2022-06-12 03:00:00,-0.09565729664075627
2022-06-12 03:30:00,-0.11216366001556663
2022-06-12 04:00:00,-0.13434785117386375
2022-06-12 04:30:00,-0.15511591072622644
2022-06-12 05:00:00,-0.16969808322618957
2022-06-12 05:30:00,-0.19203901770655743
2022-06-12 06:00:00,-0.22962163811804248
2022-06-12 06:30:00,-0.2764912240433343
2022-06-12 07:00:00,-0.3322458822768121
2022-06-12 07:30:00,-0.40804217148003646
2022-06-12 08:00:00,-0.5219779194136741
2022-06-12 08:30:00,-0.6701521812485265
2022-06-12 09:00:00,-0.8286820355831511
2022-06-12 09:30:00,-0.9732886868867946
2022-06-12 10:00:00,-1.0857449738241989
2022-06-12 10:30:00,-1.176555193164268
2022-06-12 11:00:00,-1.2751218652564211
2022-06-12 11:30:00,-1.3710549570287556
2022-06-12 12:00:00,-1.3984212722390128
2022-06-12 12:30:00,-1.369971740359465
2022-06-12 13:00:00,-1.3966707543851478
2022-06-12 13:30:00,-1.4699435792845468
2022-06-12 14:00:00,-1.491624698455645
2022-06-12 14:30:00,-1.4954409145219125
2022-06-12 15:00:00,-1.590782607214013
2022-06-12 15:30:00,-1.7744309676213013
2022-06-12 16:00:00,-1.8871896069572844
2022-06-12 16:30:00,-1.7642756975654188
2022-06-12 17:00:00,-1.4827240234414654
2022-06-12 17:30:00,-1.237576250251022
2022-06-12 18:00:00,-1.1104796784751085
2022-06-12 18:30:00,-1.0670841385885823
2022-06-12 19:00:00,-1.0219951067184527
2022-06-12 19:30:00,-0.9356913340726404
2022-06-12 20:00:00,-0.8293459453829652
2022-06-12 20:30:00,-0.7069722681795568
2022-06-12 21:00:00,-0.5698594962843624
2022-06-12 21:30:00,-0.44252064363445004
2022-06-12 22:00:00,-0.359539803272064
2022-06-12 22:30:00,-0.31986626610734337
2022-06-12 23:00:00,-0.303134558185484
2022-06-12 23:30:00,-0.29857394206157517
2022-06-13 00:00:00,-0.29857112911500616
2022-06-13 00:30:00,-0.2943908314838179
2022-06-13 01:00:00,-0.289198681059809
2022-06-13 01:30:00,-0.2884249265380205
2022-06-13 02:00:00,-0.29030860830504124
2022-06-13 02:30:00,-0.28465110625392037
2022-06-13 03:00:00,-0.2698683824576452
2022-06-13 03:30:00,-0.2537641103959358
2022-06-13 04:00:00,-0.24279087021592813
2022-06-13 04:30:00,-0.23973120627994124
2022-06-13 05:00:00,-0.23614170477027593
2022-06-13 05:30:00,-0.22202380722537035
2022-06-13 06:00:00,-0.21427208955459917
2022-06-13 06:30:00,-0.21932995685772252
2022-06-13 07:00:00,-0.22376763620219484
2022-06-13 07:30:00,-0.2250719338544674
2022-06-13 08:00:00,-0.2261032174575781
2022-06-13 08:30:00,-0.23130944546689255
2022-06-13 09:00:00,-0.24180503812489926
2022-06-13 09:30:00,-0.25852159360789795
2022-06-13 10:00:00,-0.27905869193553606
2022-06-13 10:30:00,-0.2960866686701449
2022-06-13 11:00:00,-0.30837913328149735
2022-06-13 11:30:00,-0.31419883565030904
2022-06-13 12:00:00,-0.3167274673433325
2022-06-13 12:30:00,-0.31492237117610683
2022-06-13 13:00:00,-0.3068742953668744
2022-06-13 13:30:00,-0.3046734863448561
2022-06-13 14:00:00,-0.31740851167165557
2022-06-13 14:30:00,-0.33084563755639135
2022-06-13 15:00:00,-0.34031564158071315
2022-06-13 15:30:00,-0.34881815715672376
2022-06-13 16:00:00,-0.35322525372586006
2022-06-13 16:30:00,-0.3507529854052523
2022-06-13 17:00:00,-0.3432754146795244
2022-06-13 17:30:00,-0.3379323522369473
2022-06-13 18:00:00,-0.3407572057343553
2022-06-13 18:30:00,-0.3364339006219605
2022-06-13 19:00:00,-0.313763826693821
2022-06-13 19:30:00,-0.2855542797840893
2022-06-13 20:00:00,-0.2661974133253279
2022-06-13 20:30:00,-0.24981548684916213
2022-06-13 21:00:00,-0.22732656597048564
2022-06-13 21:30:00,-0.2048587906471342
2022-06-13 22:00:00,-0.1993991958432742
2022-06-13 22:30:00,-0.20929112780058348
2022-06-13 23:00:00,-0.22691009503311832
2022-06-13 23:30:00,-0.24218305826241557
2022-06-14 00:00:00,-0.24806334433274593
2022-06-14 00:30:00,-0.24640781084388086
2022-06-14 01:00:00,-0.24125442040072304
2022-06-14 01:30:00,-0.24056985026614103
2022-06-14 02:00:00,-0.2476054368020352
2022-06-14 02:30:00,-0.2421076351949586
2022-06-14 03:00:00,-0.19631334230797773
2022-06-14 03:30:00,-0.13097473634981013
2022-06-14 04:00:00,-0.0999169742158136
2022-06-14 04:30:00,-0.10487782167065665
2022-06-14 05:00:00,-0.13150698890178908
2022-06-14 05:30:00,-0.17020758457198398
2022-06-14 06:00:00,-0.19374024463071574
2022-06-14 06:30:00,-0.1962626628710264
2022-06-14 07:00:00,-0.19151201855833322
2022-06-14 07:30:00,-0.18304826296317367
2022-06-14 08:00:00,-0.17655582980563067
2022-06-14 08:30:00,-0.17476030719249264
2022-06-14 09:00:00,-0.1737774934583973
2022-06-14 09:30:00,-0.17835551470554534
2022-06-14 10:00:00,-0.19368216469476593
2022-06-14 10:30:00,-0.21345353833809239
2022-06-14 11:00:00,-0.22882484868795455
2022-06-14 11:30:00,-0.24031296496822088
2022-06-14 12:00:00,-0.2507476321802677
2022-06-14 12:30:00,-0.2560050757473778
2022-06-14 13:00:00,-0.2555981092878101
2022-06-14 13:30:00,-0.2560963895922707
2022-06-14 14:00:00,-0.25192813671729775
2022-06-14 14:30:00,-0.24664848195676972
2022-06-14 15:00:00,-0.2470932118353836
2022-06-14 15:30:00,-0.25556632454030465
2022-06-14 16:00:00,-0.27326823403581424
2022-06-14 16:30:00,-0.2845111171296474
2022-06-14 17:00:00,-0.27869189283935364
2022-06-14 17:30:00,-0.26761825437284487
2022-06-14 18:00:00,-0.2634712780637336
2022-06-14 18:30:00,-0.26182973155440636
2022-06-14 19:00:00,-0.25582093690442237
2022-06-14 19:30:00,-0.26617725862138625
2022-06-14 20:00:00,-0.2963501892754685
2022-06-14 20:30:00,-0.3046645037613055
2022-06-14 21:00:00,-0.28477928540315006
2022-06-14 21:30:00,-0.23134721991990032
2022-06-14 22:00:00,-0.18548348209855972
2022-06-14 22:30:00,-0.19577804592018
2022-06-14 23:00:00,-0.2283877488600499
2022-06-14 23:30:00,-0.2530116904823354
2022-06-15 00:00:00,-0.26877517684676966
2022-06-15 00:30:00,-0.28004967184118496
2022-06-15 01:00:00,-0.29193397905476176
2022-06-15 01:30:00,-0.3112654685951335
2022-06-15 02:00:00,-0.3417871510312199
2022-06-15 02:30:00,-0.3695843892903609
2022-06-15 03:00:00,-0.3800827948949366
2022-06-15 03:30:00,-0.38292382606452907
2022-06-15 04:00:00,-0.3950376088285462
2022-06-15 04:30:00,-0.42372915992345855
2022-06-15 05:00:00,-0.45739597780296076
2022-06-15 05:30:00,-0.4829914104782786
2022-06-15 06:00:00,-0.5013427739310088
2022-06-15 06:30:00,-0.5144164138125721
2022-06-15 07:00:00,-0.5263344421349937
2022-06-15 07:30:00,-0.5384171987395044
2022-06-15 08:00:00,-0.5404701687312522
2022-06-15 08:30:00,-0.5390263196284556
2022-06-15 09:00:00,-0.5745911022706487
2022-06-15 09:30:00,-0.6281974695900752
2022-06-15 10:00:00,-0.6452538252425056
2022-06-15 10:30:00,-0.6122474586143474
2022-06-15 11:00:00,
2022-06-15 11:30:00,
2022-06-15 12:00:00,
2022-06-15 12:30:00,
2022-06-15 13:00:00,
2022-06-15 13:30:00,
2022-06-15 14:00:00,
2022-06-15 14:30:00,
2022-06-15 15:00:00,
2022-06-15 15:30:00,
2022-06-15 16:00:00,
2022-06-15 16:30:00,
2022-06-15 17:00:00,
2022-06-15 17:30:00,
2022-06-15 18:00:00,
2022-06-15 18:30:00,
2022-06-15 19:00:00,
2022-06-15 19:30:00,
2022-06-15 20:00:00,
2022-06-15 20:30:00,
2022-06-15 21:00:00,
2022-06-15 21:30:00,
2022-06-15 22:00:00,
2022-06-15 22:30:00,
2022-06-15 23:00:00,
2022-06-15 23:30:00,
2022-06-16 00:00:00,
2022-06-16 00:30:00,
2022-06-16 01:00:00,
2022-06-16 01:30:00,
2022-06-16 02:00:00,
2022-06-16 02:30:00,
2022-06-16 03:00:00,
2022-06-16 03:30:00,
2022-06-16 04:00:00,
2022-06-16 04:30:00,
2022-06-16 05:00:00,
2022-06-16 05:30:00,
2022-06-16 06:00:00,
2022-06-16 06:30:00,
2022-06-16 07:00:00,
2022-06-16 07:30:00,
2022-06-16 08:00:00,
2022-06-16 08:30:00,
2022-06-16 09:00:00,
2022-06-16 09:30:00,
2022-06-16 10:00:00,
2022-06-16 10:30:00,
2022-06-16 11:00:00,
2022-06-16 11:30:00,
2022-06-16 12:00:00,
2022-06-16 12:30:00,
2022-06-16 13:00:00,
2022-06-16 13:30:00,
2022-06-16 14:00:00,
2022-06-16 14:30:00,
2022-06-16 15:00:00,
2022-06-16 15:30:00,
2022-06-16 16:00:00,
2022-06-16 16:30:00,
2022-06-16 17:00:00,
2022-06-16 17:30:00,
2022-06-16 18:00:00,
2022-06-16 18:30:00,
2022-06-16 19:00:00,
2022-06-16 19:30:00,
2022-06-16 20:00:00,
2022-06-16 20:30:00,
2022-06-16 21:00:00,
2022-06-16 21:30:00,
2022-06-16 22:00:00,
2022-06-16 22:30:00,
2022-06-16 23:00:00,
2022-06-16 23:30:00,
2022-06-17 00:00:00,
2022-06-17 00:30:00,
2022-06-17 01:00:00,
2022-06-17 01:30:00,
2022-06-17 02:00:00,
2022-06-17 02:30:00,
2022-06-17 03:00:00,
2022-06-17 03:30:00,
2022-06-17 04:00:00,
2022-06-17 04:30:00,
2022-06-17 05:00:00,
2022-06-17 05:30:00,
2022-06-17 06:00:00,
2022-06-17 06:30:00,
2022-06-17 07:00:00,
2022-06-17 07:30:00,
2022-06-17 08:00:00,
2022-06-17 08:30:00,
2022-06-17 09:00:00,
2022-06-17 09:30:00,
2022-06-17 10:00:00,
2022-06-17 10:30:00,
2022-06-17 11:00:00,
2022-06-17 11:30:00,
2022-06-17 12:00:00,
2022-06-17 12:30:00,
2022-06-17 13:00:00,
2022-06-17 13:30:00,
2022-06-17 14:00:00,
2022-06-17 14:30:00,
2022-06-17 15:00:00,
2022-06-17 15:30:00,
2022-06-17 16:00:00,-1.1114972971896258
2022-06-17 16:30:00,-1.074210585670448
2022-06-17 17:00:00,-1.0299277536914764
2022-06-17 17:30:00,-0.9566444670380313
2022-06-17 18:00:00,-0.8889298579689427
2022-06-17 18:30:00,-0.8548170813856375
2022-06-17 19:00:00,-0.8177981331812167
2022-06-17 19:30:00,-0.7489815247522367
2022-06-17 20:00:00,-0.6712921688938854
2022-06-17 20:30:00,-0.6171664930370582
2022-06-17 21:00:00,-0.5306356823602815
2022-06-17 21:30:00,-0.38832852681275626
2022-06-17 22:00:00,-0.23734181433865395
2022-06-17 22:30:00,-0.14447927039040986
2022-06-17 23:00:00,-0.10165441370036815
2022-06-17 23:30:00,-0.07273782009736765
2022-06-18 00:00:00,-0.04792044770673089
2022-06-18 00:30:00,-0.03596854504544298
2022-06-18 01:00:00,-0.05314019511258346
2022-06-18 01:30:00,-0.09330261187460044
2022-06-18 02:00:00,-0.14916822358458806
2022-06-18 02:30:00,-0.22441479180421117
2022-06-18 03:00:00,-0.2877962782101829
2022-06-18 03:30:00,-0.3102002637022748
2022-06-18 04:00:00,-0.3037771386065715
2022-06-18 04:30:00,-0.2763084345980699
2022-06-18 05:00:00,-0.222303034727245
2022-06-18 05:30:00,-0.15827497456841033
2022-06-18 06:00:00,-0.1238999156464692
2022-06-18 06:30:00,-0.12293636200664693
2022-06-18 07:00:00,-0.166858681149514
2022-06-18 07:30:00,-0.2602304355993984
2022-06-18 08:00:00,-0.3804957003205645
2022-06-18 08:30:00,-0.4849737850022279
2022-06-18 09:00:00,-0.5824374961219558
2022-06-18 09:30:00,-0.7186141790762871
2022-06-18 10:00:00,
2022-06-18 10:30:00,
2022-06-18 11:00:00,
2022-06-18 11:30:00,
2022-06-18 12:00:00,
2022-06-18 12:30:00,
2022-06-18 13:00:00,
2022-06-18 13:30:00,
2022-06-18 14:00:00,
2022-06-18 14:30:00,
2022-06-18 15:00:00,
2022-06-18 15:30:00,
2022-06-18 16:00:00,
2022-06-18 16:30:00,
2022-06-18 17:00:00,
2022-06-18 17:30:00,
2022-06-18 18:00:00,
2022-06-18 18:30:00,
2022-06-18 19:00:00,
2022-06-18 19:30:00,
2022-06-18 20:00:00,
2022-06-18 20:30:00,
2022-06-18 21:00:00,
2022-06-18 21:30:00,
2022-06-18 22:00:00,
2022-06-18 22:30:00,
2022-06-18 23:00:00,
2022-06-18 23:30:00,
2022-06-19 00:00:00,
2022-06-19 00:30:00,
2022-06-19 01:00:00,
2022-06-19 01:30:00,
2022-06-19 02:00:00,
2022-06-19 02:30:00,
2022-06-19 03:00:00,
2022-06-19 03:30:00,
2022-06-19 04:00:00,
2022-06-19 04:30:00,
2022-06-19 05:00:00,
2022-06-19 05:30:00,
2022-06-19 06:00:00,
2022-06-19 06:30:00,
2022-06-19 07:00:00,
2022-06-19 07:30:00,
2022-06-19 08:00:00,-0.20964426013218954
2022-06-19 08:30:00,-0.28065013425346946
2022-06-19 09:00:00,-0.3305715596876359
2022-06-19 09:30:00,-0.36491770144000474
2022-06-19 10:00:00,-0.40555180858196166
2022-06-19 10:30:00,-0.45265808721425066
2022-06-19 11:00:00,-0.4822531829545807
2022-06-19 11:30:00,-0.477374075790543
2022-06-19 12:00:00,-0.4553532504092594
2022-06-19 12:30:00,-0.4489279835418522
2022-06-19 13:00:00,-0.465346422543952
2022-06-19 13:30:00,-0.48852964892426004
2022-06-19 14:00:00,-0.4896924938458984
2022-06-19 14:30:00,-0.44849686761494967
2022-06-19 15:00:00,-0.3999215617682432
2022-06-19 15:30:00,-0.36547798204398035
2022-06-19 16:00:00,-0.34342843408785606
2022-06-19 16:30:00,-0.3321066131542685
2022-06-19 17:00:00,-0.3128989056951777
2022-06-19 17:30:00,-0.28744217084625157
2022-06-19 18:00:00,-0.2650940087138086
2022-06-19 18:30:00,-0.2274749051471971
2022-06-19 19:00:00,-0.17602463185778303
2022-06-19 19:30:00,-0.14085851316952738
2022-06-19 20:00:00,-0.11688967155294559
2022-06-19 20:30:00,-0.08657162602789342
2022-06-19 21:00:00,-0.06804307141324509
2022-06-19 21:30:00,-0.0915010591511911
2022-06-19 22:00:00,-0.1524620803539256
2022-06-19 22:30:00,-0.1899080281451098
2022-06-19 23:00:00,-0.1875637947983272
2022-06-19 23:30:00,-0.1723195215804295
2022-06-20 00:00:00,-0.16386914904773148
2022-06-20 00:30:00,-0.16830550111991918
2022-06-20 01:00:00,-0.17650313960751218
2022-06-20 01:30:00,-0.1823310772241654
2022-06-20 02:00:00,-0.18694638381184175
2022-06-20 02:30:00,-0.1894144318033465
2022-06-20 03:00:00,-0.19
2022-06-20 03:30:00,-0.19058155327791507
2022-06-20 04:00:00,-0.1929139688083266
2022-06-20 04:30:00,-0.19582625756596578
2022-06-20 05:00:00,-0.1934951803418004
2022-06-20 05:30:00,-0.18713604477729956
2022-06-20 06:00:00,-0.1871803633934999
2022-06-20 06:30:00,-0.19408208684470007
2022-06-20 07:00:00,-0.19887585883538564
2022-06-20 07:30:00,-0.20045127404180646
2022-06-20 08:00:00,-0.20250835168896666
2022-06-20 08:30:00,-0.20515923278062184
2022-06-20 09:00:00,-0.2083899760655432
2022-06-20 09:30:00,-0.21412506715465424
2022-06-20 10:00:00,-0.21816719204633364
2022-06-20 10:30:00,-0.22444352168193635
2022-06-20 11:00:00,-0.23676791840883252
2022-06-20 11:30:00,-0.24712484921485095
2022-06-20 12:00:00,-0.25515205213691167
2022-06-20 12:30:00,-0.2551508611987037
2022-06-20 13:00:00,-0.2490981354052697
2022-06-20 13:30:00,-0.2548010106767222
2022-06-20 14:00:00,-0.2636913639409712
2022-06-20 14:30:00,-0.24690560203586198
2022-06-20 15:00:00,-0.21264346566677292
2022-06-20 15:30:00,-0.20173215852849158
2022-06-20 16:00:00,-0.20909106242411726
2022-06-20 16:30:00,-0.2028290157841847
2022-06-20 17:00:00,-0.18341841112676938
2022-06-20 17:30:00,
2022-06-20 18:00:00,
2022-06-20 18:30:00,
2022-06-20 19:00:00,
2022-06-20 19:30:00,
2022-06-20 20:00:00,
2022-06-20 20:30:00,
2022-06-20 21:00:00,
2022-06-20 21:30:00,
2022-06-20 22:00:00,
2022-06-20 22:30:00,
2022-06-20 23:00:00,
2022-06-20 23:30:00,
2022-06-21 00:00:00,
2022-06-21 00:30:00,
2022-06-21 01:00:00,
2022-06-21 01:30:00,
2022-06-21 02:00:00,
2022-06-21 02:30:00,
2022-06-21 03:00:00,
2022-06-21 03:30:00,
2022-06-21 04:00:00,
2022-06-21 04:30:00,
2022-06-21 05:00:00,
2022-06-21 05:30:00,
2022-06-21 06:00:00,
2022-06-21 06:30:00,
2022-06-21 07:00:00,
2022-06-21 07:30:00,
2022-06-21 08:00:00,
2022-06-21 08:30:00,
2022-06-21 09:00:00,
2022-06-21 09:30:00,
2022-06-21 10:00:00,
2022-06-21 10:30:00,
2022-06-21 11:00:00,
2022-06-21 11:30:00,
2022-06-21 12:00:00,
2022-06-21 12:30:00,
2022-06-21 13:00:00,
2022-06-21 13:30:00,-0.050494538053875444
2022-06-21 14:00:00,-0.06032917201121286
2022-06-21 14:30:00,-0.07166469622222353
2022-06-21 15:00:00,-0.08152554898883287
2022-06-21 15:30:00,-0.0901376542562219
2022-06-21 16:00:00,-0.11294877191276569
2022-06-21 16:30:00,-0.13445561398495998
2022-06-21 17:00:00,-0.12311986229566163
2022-06-21 17:30:00,-0.09736487654433773
2022-06-21 18:00:00,-0.08457696664301675
2022-06-21 18:30:00,-0.08758831538091089
2022-06-21 19:00:00,-0.09115424586143253
2022-06-21 19:30:00,-0.08322391541961392
2022-06-21 20:00:00,-0.06837793130932783
2022-06-21 20:30:00,
2022-06-21 21:00:00,
2022-06-21 21:30:00,
2022-06-21 22:00:00,
2022-06-21 22:30:00,
2022-06-21 23:00:00,
2022-06-21 23:30:00,
2022-06-22 00:00:00,
2022-06-22 00:30:00,
2022-06-22 01:00:00,
2022-06-22 01:30:00,
2022-06-22 02:00:00,
2022-06-22 02:30:00,
2022-06-22 03:00:00,
2022-06-22 03:30:00,
2022-06-22 04:00:00,
2022-06-22 04:30:00,
2022-06-22 05:00:00,
2022-06-22 05:30:00,
2022-06-22 06:00:00,
2022-06-22 06:30:00,
2022-06-22 07:00:00,
2022-06-22 07:30:00,
2022-06-22 08:00:00,
2022-06-22 08:30:00,
2022-06-22 09:00:00,
2022-06-22 09:30:00,
2022-06-22 10:00:00,
2022-06-22 10:30:00,
2022-06-22 11:00:00,
2022-06-22 11:30:00,
2022-06-22 12:00:00,
2022-06-22 12:30:00,
2022-06-22 13:00:00,
2022-06-22 13:30:00,
2022-06-22 14:00:00,
2022-06-22 14:30:00,-0.1194848401976265
2022-06-22 15:00:00,-0.11726652942377283
2022-06-22 15:30:00,
2022-06-22 16:00:00,
2022-06-22 16:30:00,
2022-06-22 17:00:00,
2022-06-22 17:30:00,
2022-06-22 18:00:00,
2022-06-22 18:30:00,
2022-06-22 19:00:00,
2022-06-22 19:30:00,
2022-06-22 20:00:00,
2022-06-22 20:30:00,
2022-06-22 21:00:00,
2022-06-22 21:30:00,
2022-06-22 22:00:00,
2022-06-22 22:30:00,
2022-06-22 23:00:00,
2022-06-22 23:30:00,
2022-06-23 00:00:00,
2022-06-23 00:30:00,
2022-06-23 01:00:00,
2022-06-23 01:30:00,
2022-06-23 02:00:00,
2022-06-23 02:30:00,
2022-06-23 03:00:00,
2022-06-23 03:30:00,
2022-06-23 04:00:00,
2022-06-23 04:30:00,
2022-06-23 05:00:00,
2022-06-23 05:30:00,
2022-06-23 06:00:00,
2022-06-23 06:30:00,
2022-06-23 07:00:00,
2022-06-23 07:30:00,
2022-06-23 08:00:00,
2022-06-23 08:30:00,
2022-06-23 09:00:00,
2022-06-23 09:30:00,
2022-06-23 10:00:00,
2022-06-23 10:30:00,
2022-06-23 11:00:00,
2022-06-23 11:30:00,
2022-06-23 12:00:00,
2022-06-23 12:30:00,
2022-06-23 13:00:00,
2022-06-23 13:30:00,
2022-06-23 14:00:00,
2022-06-23 14:30:00,
2022-06-23 15:00:00,
2022-06-23 15:30:00,
2022-06-23 16:00:00,
2022-06-23 16:30:00,
2022-06-23 17:00:00,
2022-06-23 17:30:00,
2022-06-23 18:00:00,
2022-06-23 18:30:00,
2022-06-23 19:00:00,
2022-06-23 19:30:00,
2022-06-23 20:00:00,
2022-06-23 20:30:00,
2022-06-23 21:00:00,
2022-06-23 21:30:00,
2022-06-23 22:00:00,
2022-06-23 22:30:00,
2022-06-23 23:00:00,
2022-06-23 23:30:00,
2022-06-24 00:00:00,
2022-06-24 00:30:00,
2022-06-24 01:00:00,
2022-06-24 01:30:00,
2022-06-24 02:00:00,
2022-06-24 02:30:00,
2022-06-24 03:00:00,
2022-06-24 03:30:00,
2022-06-24 04:00:00,
2022-06-24 04:30:00,
2022-06-24 05:00:00,
2022-06-24 05:30:00,
2022-06-24 06:00:00,
2022-06-24 06:30:00,
2022-06-24 07:00:00,
2022-06-24 07:30:00,
2022-06-24 08:00:00,
2022-06-24 08:30:00,
2022-06-24 09:00:00,
2022-06-24 09:30:00,
2022-06-24 10:00:00,
2022-06-24 10:30:00,
2022-06-24 11:00:00,
2022-06-24 11:30:00,
2022-06-24 12:00:00,
2022-06-24 12:30:00,
2022-06-24 13:00:00,
2022-06-24 13:30:00,
2022-06-24 14:00:00,
2022-06-24 14:30:00,
2022-06-24 15:00:00,
2022-06-24 15:30:00,
2022-06-24 16:00:00,
2022-06-24 16:30:00,
2022-06-24 17:00:00,
2022-06-24 17:30:00,
2022-06-24 18:00:00,
2022-06-24 18:30:00,
2022-06-24 19:00:00,
2022-06-24 19:30:00,
2022-06-24 20:00:00,
2022-06-24 20:30:00,
2022-06-24 21:00:00,
2022-06-24 21:30:00,
2022-06-24 22:00:00,
2022-06-24 22:30:00,
2022-06-24 23:00:00,
2022-06-24 23:30:00,
2022-06-25 00:00:00,
2022-06-25 00:30:00,
2022-06-25 01:00:00,
2022-06-25 01:30:00,
2022-06-25 02:00:00,
2022-06-25 02:30:00,
2022-06-25 03:00:00,
2022-06-25 03:30:00,
2022-06-25 04:00:00,
2022-06-25 04:30:00,
2022-06-25 05:00:00,
2022-06-25 05:30:00,
2022-06-25 06:00:00,
2022-06-25 06:30:00,
2022-06-25 07:00:00,
2022-06-25 07:30:00,
2022-06-25 08:00:00,
2022-06-25 08:30:00,
2022-06-25 09:00:00,
2022-06-25 09:30:00,
2022-06-25 10:00:00,
2022-06-25 10:30:00,
2022-06-25 11:00:00,
2022-06-25 11:30:00,
2022-06-25 12:00:00,
2022-06-25 12:30:00,
2022-06-25 13:00:00,
2022-06-25 13:30:00,
2022-06-25 14:00:00,
2022-06-25 14:30:00,
2022-06-25 15:00:00,
2022-06-25 15:30:00,
2022-06-25 16:00:00,
2022-06-25 16:30:00,
2022-06-25 17:00:00,
2022-06-25 17:30:00,
2022-06-25 18:00:00,
2022-06-25 18:30:00,
2022-06-25 19:00:00,
2022-06-25 19:30:00,
2022-06-25 20:00:00,
2022-06-25 20:30:00,
2022-06-25 21:00:00,
2022-06-25 21:30:00,
2022-06-25 22:00:00,
2022-06-25 22:30:00,
2022-06-25 23:00:00,
2022-06-25 23:30:00,
2022-06-26 00:00:00,
2022-06-26 00:30:00,
2022-06-26 01:00:00,
2022-06-26 01:30:00,
2022-06-26 02:00:00,
2022-06-26 02:30:00,
2022-06-26 03:00:00,-0.8894845636375509
2022-06-26 03:30:00,-0.9380332761487745
2022-06-26 04:00:00,-0.9610485523922732
2022-06-26 04:30:00,-0.9774423182142898
2022-06-26 05:00:00,-0.9989578045365555
2022-06-26 05:30:00,-1.0179345507709217
2022-06-26 06:00:00,-1.030175788790517
2022-06-26 06:30:00,-1.04215127351491
2022-06-26 07:00:00,-1.05304960126942
2022-06-26 07:30:00,-1.0659823063651925
2022-06-26 08:00:00,-1.082148384350014
2022-06-26 08:30:00,-1.1024528831811435
2022-06-26 09:00:00,-1.156204121156577
2022-06-26 09:30:00,-1.2849855331463842
2022-06-26 10:00:00,-1.4842968202328373
2022-06-26 10:30:00,-1.7196925569359534
2022-06-26 11:00:00,-2.0511398032260306
2022-06-26 11:30:00,-2.4680653946629914
2022-06-26 12:00:00,-2.736979493234925
2022-06-26 12:30:00,-2.8579621931651125
2022-06-26 13:00:00,-2.9920561598179156
2022-06-26 13:30:00,-3.0526714279379297
2022-06-26 14:00:00,-2.811683642371288
2022-06-26 14:30:00,-2.3498386437464216
2022-06-26 15:00:00,-1.9783380637297472
2022-06-26 15:30:00,
2022-06-26 16:00:00,
2022-06-26 16:30:00,
2022-06-26 17:00:00,
2022-06-26 17:30:00,
2022-06-26 18:00:00,
2022-06-26 18:30:00,
2022-06-26 19:00:00,
2022-06-26 19:30:00,
2022-06-26 20:00:00,
2022-06-26 20:30:00,
2022-06-26 21:00:00,
2022-06-26 21:30:00,
2022-06-26 22:00:00,
2022-06-26 22:30:00,
2022-06-26 23:00:00,
2022-06-26 23:30:00,
2022-06-27 00:00:00,
2022-06-27 00:30:00,
2022-06-27 01:00:00,
2022-06-27 01:30:00,
2022-06-27 02:00:00,
2022-06-27 02:30:00,
2022-06-27 03:00:00,
2022-06-27 03:30:00,
2022-06-27 04:00:00,
2022-06-27 04:30:00,
2022-06-27 05:00:00,
2022-06-27 05:30:00,
2022-06-27 06:00:00,
2022-06-27 06:30:00,
2022-06-27 07:00:00,
2022-06-27 07:30:00,
2022-06-27 08:00:00,
2022-06-27 08:30:00,
2022-06-27 09:00:00,
2022-06-27 09:30:00,
2022-06-27 10:00:00,
2022-06-27 10:30:00,
2022-06-27 11:00:00,
2022-06-27 11:30:00,
2022-06-27 12:00:00,
2022-06-27 12:30:00,
2022-06-27 13:00:00,
2022-06-27 13:30:00,
2022-06-27 14:00:00,
2022-06-27 14:30:00,
2022-06-27 15:00:00,
2022-06-27 15:30:00,
2022-06-27 16:00:00,
2022-06-27 16:30:00,
2022-06-27 17:00:00,
2022-06-27 17:30:00,
2022-06-27 18:00:00,
2022-06-27 18:30:00,
2022-06-27 19:00:00,
2022-06-27 19:30:00,
2022-06-27 20:00:00,
2022-06-27 20:30:00,
2022-06-27 21:00:00,
2022-06-27 21:30:00,
2022-06-27 22:00:00,
2022-06-27 22:30:00,
2022-06-27 23:00:00,
2022-06-27 23:30:00,
2022-06-28 00:00:00,
2022-06-28 00:30:00,
2022-06-28 01:00:00,
2022-06-28 01:30:00,
2022-06-28 02:00:00,
2022-06-28 02:30:00,
2022-06-28 03:00:00,
2022-06-28 03:30:00,
2022-06-28 04:00:00,
2022-06-28 04:30:00,
2022-06-28 05:00:00,
2022-06-28 05:30:00,
2022-06-28 06:00:00,
2022-06-28 06:30:00,
2022-06-28 07:00:00,
2022-06-28 07:30:00,
2022-06-28 08:00:00,
2022-06-28 08:30:00,
2022-06-28 09:00:00,
2022-06-28 09:30:00,
2022-06-28 10:00:00,
2022-06-28 10:30:00,
2022-06-28 11:00:00,
2022-06-28 11:30:00,
2022-06-28 12:00:00,
2022-06-28 12:30:00,
2022-06-28 13:00:00,
2022-06-28 13:30:00,
2022-06-28 14:00:00,
2022-06-28 14:30:00,
2022-06-28 15:00:00,
2022-06-28 15:30:00,
2022-06-28 16:00:00,
2022-06-28 16:30:00,
2022-06-28 17:00:00,
2022-06-28 17:30:00,
2022-06-28 18:00:00,
2022-06-28 18:30:00,
2022-06-28 19:00:00,
2022-06-28 19:30:00,
2022-06-28 20:00:00,
2022-06-28 20:30:00,
2022-06-28 21:00:00,
2022-06-28 21:30:00,
2022-06-28 22:00:00,
2022-06-28 22:30:00,
2022-06-28 23:00:00,
2022-06-28 23:30:00,
2022-06-29 00:00:00,
2022-06-29 00:30:00,
2022-06-29 01:00:00,
2022-06-29 01:30:00,
2022-06-29 02:00:00,
2022-06-29 02:30:00,
2022-06-29 03:00:00,
2022-06-29 03:30:00,
2022-06-29 04:00:00,
