Label,"Probe1 (9 in right)","Probe2 (3 in up) ","Probe3 (7 in down)","resistance","counter","Power"
Units,"m3.m-3","m3.m-3","m3.m-3","ohm","events","V"
8/2/2021 9:00:00 AM,0.041,0.023,0.059,#+INF,0,8.0
8/2/2021 10:00:00 AM,0.041,0.023,0.059,#+INF,0,8.0
8/2/2021 11:00:00 AM,0.041,0.023,0.059,#+INF,0,8.0
8/2/2021 12:00:00 PM,0.041,0.023,0.059,#+INF,0,8.0
8/2/2021 1:00:00 PM,0.041,0.024,0.059,#+INF,0,8.0
8/2/2021 2:00:00 PM,0.041,0.024,0.059,#+INF,0,8.0
8/2/2021 3:00:00 PM,0.041,0.024,0.059,#+INF,0,8.0
8/2/2021 4:00:00 PM,0.041,0.024,0.059,#+INF,0,8.0
8/2/2021 5:00:00 PM,0.041,0.024,0.059,#+INF,0,8.0
8/2/2021 6:00:00 PM,0.041,0.024,0.059,#+INF,0,8.0
8/2/2021 7:00:00 PM,0.041,0.024,0.059,#+INF,0,8.0
8/2/2021 8:00:00 PM,0.041,0.024,0.058,#+INF,0,8.0
8/2/2021 9:00:00 PM,0.041,0.024,0.058,#+INF,0,8.0
8/2/2021 10:00:00 PM,0.041,0.023,0.058,#+INF,0,8.0
8/2/2021 11:00:00 PM,0.041,0.023,0.058,#+INF,0,8.0
8/3/2021 12:00:00 AM,0.041,0.023,0.058,#+INF,0,8.0
8/3/2021 1:00:00 AM,0.041,0.023,0.058,#+INF,0,8.0
8/3/2021 2:00:00 AM,0.041,0.023,0.058,#+INF,0,8.0
8/3/2021 3:00:00 AM,0.041,0.023,0.058,#+INF,0,8.0
8/3/2021 4:00:00 AM,0.041,0.023,0.058,#+INF,0,8.0
8/3/2021 5:00:00 AM,0.041,0.023,0.058,#+INF,0,8.0
8/3/2021 6:00:00 AM,0.041,0.023,0.058,#+INF,0,8.0
8/3/2021 7:00:00 AM,0.041,0.023,0.058,#+INF,0,8.0
8/3/2021 8:00:00 AM,0.041,0.023,0.058,#+INF,0,8.0
8/3/2021 9:00:00 AM,0.041,0.023,0.058,#+INF,0,8.0
8/3/2021 10:00:00 AM,0.041,0.023,0.058,#+INF,0,8.0
8/3/2021 11:00:00 AM,0.041,0.024,0.058,#+INF,0,8.0
8/3/2021 12:00:00 PM,0.041,0.024,0.058,#+INF,0,8.0
8/3/2021 1:00:00 PM,0.041,0.025,0.058,#+INF,0,8.0
8/3/2021 2:00:00 PM,0.041,0.024,0.058,#+INF,0,8.0
8/3/2021 3:00:00 PM,0.041,0.025,0.058,#+INF,0,8.0
8/3/2021 4:00:00 PM,0.041,0.024,0.057,#+INF,0,8.0
8/3/2021 5:00:00 PM,0.041,0.024,0.057,#+INF,0,8.0
8/3/2021 6:00:00 PM,0.041,0.024,0.057,#+INF,0,8.0
8/3/2021 7:00:00 PM,0.041,0.023,0.057,#+INF,0,8.0
8/3/2021 8:00:00 PM,0.041,0.023,0.057,#+INF,0,8.0
8/3/2021 9:00:00 PM,0.041,0.023,0.057,#+INF,0,8.0
8/3/2021 10:00:00 PM,0.041,0.023,0.057,#+INF,0,8.0
8/3/2021 11:00:00 PM,0.041,0.022,0.057,#+INF,0,8.0
8/4/2021 12:00:00 AM,0.041,0.022,0.057,#+INF,0,8.0
8/4/2021 1:00:00 AM,0.041,0.022,0.057,#+INF,0,7.9
8/4/2021 2:00:00 AM,0.041,0.022,0.057,#+INF,0,7.9
8/4/2021 3:00:00 AM,0.040,0.022,0.057,#+INF,0,7.9
8/4/2021 4:00:00 AM,0.040,0.021,0.057,#+INF,0,7.9
8/4/2021 5:00:00 AM,0.040,0.021,0.057,#+INF,0,7.9
8/4/2021 6:00:00 AM,0.040,0.021,0.057,#+INF,0,7.9
8/4/2021 7:00:00 AM,0.040,0.021,0.057,#+INF,0,7.9
8/4/2021 8:00:00 AM,0.040,0.021,0.057,#+INF,0,7.9
8/4/2021 9:00:00 AM,0.040,0.022,0.057,#+INF,0,8.0
8/4/2021 10:00:00 AM,0.040,0.022,0.057,#+INF,0,8.0
8/4/2021 11:00:00 AM,0.040,0.022,0.057,#+INF,0,8.0
8/4/2021 12:00:00 PM,0.040,0.023,0.057,#+INF,0,8.0
8/4/2021 1:00:00 PM,0.040,0.023,0.057,#+INF,0,8.0
8/4/2021 2:00:00 PM,0.040,0.023,0.057,#+INF,0,8.0
8/4/2021 3:00:00 PM,0.040,0.023,0.057,#+INF,0,8.0
8/4/2021 4:00:00 PM,0.040,0.023,0.057,#+INF,0,8.0
8/4/2021 5:00:00 PM,0.040,0.023,0.057,#+INF,0,8.0
8/4/2021 6:00:00 PM,0.040,0.023,0.057,#+INF,0,8.0
8/4/2021 7:00:00 PM,0.040,0.022,0.057,#+INF,0,8.0
8/4/2021 8:00:00 PM,0.040,0.022,0.057,#+INF,0,8.0
8/4/2021 9:00:00 PM,0.040,0.022,0.057,#+INF,0,8.0
8/4/2021 10:00:00 PM,0.040,0.022,0.057,#+INF,0,8.0
8/4/2021 11:00:00 PM,0.040,0.021,0.057,#+INF,0,8.0
8/5/2021 12:00:00 AM,0.040,0.021,0.057,#+INF,0,8.0
8/5/2021 1:00:00 AM,0.040,0.021,0.057,#+INF,0,7.9
8/5/2021 2:00:00 AM,0.040,0.021,0.057,#+INF,0,7.9
8/5/2021 3:00:00 AM,0.040,0.021,0.057,#+INF,0,7.9
8/5/2021 4:00:00 AM,0.040,0.021,0.057,#+INF,0,7.9
8/5/2021 5:00:00 AM,0.040,0.021,0.057,#+INF,0,7.9
8/5/2021 6:00:00 AM,0.040,0.021,0.057,#+INF,0,7.9
8/5/2021 7:00:00 AM,0.040,0.021,0.057,#+INF,0,7.9
8/5/2021 8:00:00 AM,0.040,0.021,0.057,#+INF,0,7.9
8/5/2021 9:00:00 AM,0.040,0.021,0.057,#+INF,0,8.0
8/5/2021 10:00:00 AM,0.040,0.021,0.057,#+INF,0,8.0
8/5/2021 11:00:00 AM,0.040,0.022,0.056,#+INF,0,8.0
8/5/2021 12:00:00 PM,0.040,0.023,0.056,#+INF,0,8.0
8/5/2021 1:00:00 PM,0.040,0.023,0.056,#+INF,0,8.0
8/5/2021 2:00:00 PM,0.040,0.023,0.056,#+INF,0,8.0
8/5/2021 3:00:00 PM,0.040,0.023,0.056,#+INF,0,8.0
8/5/2021 4:00:00 PM,0.040,0.023,0.056,#+INF,0,8.0
8/5/2021 5:00:00 PM,0.040,0.022,0.056,#+INF,0,8.0
8/5/2021 6:00:00 PM,0.040,0.022,0.056,#+INF,0,8.0
8/5/2021 7:00:00 PM,0.040,0.022,0.056,#+INF,0,8.0
8/5/2021 8:00:00 PM,0.040,0.022,0.056,#+INF,0,8.0
8/5/2021 9:00:00 PM,0.040,0.021,0.056,#+INF,0,8.0
8/5/2021 10:00:00 PM,0.040,0.021,0.056,#+INF,0,8.0
8/5/2021 11:00:00 PM,0.040,0.021,0.056,#+INF,0,8.0
8/6/2021 12:00:00 AM,0.040,0.021,0.056,#+INF,0,8.0
8/6/2021 1:00:00 AM,0.040,0.020,0.056,#+INF,0,8.0
8/6/2021 2:00:00 AM,0.040,0.020,0.056,#+INF,0,7.9
8/6/2021 3:00:00 AM,0.040,0.020,0.056,#+INF,0,8.0
8/6/2021 4:00:00 AM,0.040,0.020,0.056,#+INF,0,8.0
8/6/2021 5:00:00 AM,0.039,0.020,0.056,#+INF,0,7.9
8/6/2021 6:00:00 AM,0.039,0.020,0.056,#+INF,0,7.9
8/6/2021 7:00:00 AM,0.039,0.020,0.056,#+INF,0,7.9
8/6/2021 8:00:00 AM,0.039,0.020,0.056,#+INF,0,8.0
8/6/2021 9:00:00 AM,0.039,0.020,0.056,#+INF,0,8.0
8/6/2021 10:00:00 AM,0.039,0.021,0.056,#+INF,0,8.0
8/6/2021 11:00:00 AM,0.039,0.021,0.056,#+INF,0,8.0
8/6/2021 12:00:00 PM,0.039,0.021,0.056,#+INF,0,8.0
8/6/2021 1:00:00 PM,0.039,0.022,0.056,#+INF,0,8.0
8/6/2021 2:00:00 PM,0.039,0.021,0.055,#+INF,0,8.0
8/6/2021 3:00:00 PM,0.039,0.021,0.055,#+INF,0,8.0
8/6/2021 4:00:00 PM,0.039,0.021,0.055,#+INF,0,8.0
8/6/2021 5:00:00 PM,0.039,0.021,0.055,#+INF,0,8.0
8/6/2021 6:00:00 PM,0.039,0.020,0.055,#+INF,0,8.0
8/6/2021 7:00:00 PM,0.039,0.020,0.055,#+INF,0,8.0
8/6/2021 8:00:00 PM,0.039,0.020,0.055,#+INF,0,8.0
8/6/2021 9:00:00 PM,0.039,0.020,0.055,#+INF,0,8.0
8/6/2021 10:00:00 PM,0.039,0.020,0.055,#+INF,0,8.0
8/6/2021 11:00:00 PM,0.039,0.020,0.055,#+INF,0,8.0
8/7/2021 12:00:00 AM,0.039,0.019,0.055,#+INF,0,8.0
8/7/2021 1:00:00 AM,0.039,0.019,0.055,#+INF,0,8.0
8/7/2021 2:00:00 AM,0.039,0.019,0.055,#+INF,0,8.0
8/7/2021 3:00:00 AM,0.039,0.019,0.055,#+INF,0,8.0
8/7/2021 4:00:00 AM,0.039,0.019,0.055,#+INF,0,8.0
8/7/2021 5:00:00 AM,0.039,0.019,0.055,#+INF,0,8.0
8/7/2021 6:00:00 AM,0.039,0.019,0.055,#+INF,0,8.0
8/7/2021 7:00:00 AM,0.039,0.019,0.055,#+INF,0,8.0
8/7/2021 8:00:00 AM,0.039,0.019,0.055,#+INF,0,8.0
8/7/2021 9:00:00 AM,0.039,0.019,0.055,#+INF,0,8.0
8/7/2021 10:00:00 AM,0.039,0.019,0.055,#+INF,0,8.0
8/7/2021 11:00:00 AM,0.039,0.019,0.055,#+INF,0,8.0
8/7/2021 12:00:00 PM,0.039,0.019,0.055,#+INF,0,8.0
8/7/2021 1:00:00 PM,0.039,0.019,0.055,#+INF,0,8.0
8/7/2021 2:00:00 PM,0.039,0.019,0.055,#+INF,0,8.0
8/7/2021 3:00:00 PM,0.039,0.019,0.055,#+INF,0,8.0
8/7/2021 4:00:00 PM,0.039,0.019,0.055,#+INF,0,8.0
8/7/2021 5:00:00 PM,0.039,0.020,0.055,#+INF,0,8.0
8/7/2021 6:00:00 PM,0.039,0.020,0.054,#+INF,0,8.0
8/7/2021 7:00:00 PM,0.039,0.019,0.054,#+INF,0,8.0
8/7/2021 8:00:00 PM,0.039,0.019,0.054,#+INF,0,8.0
8/7/2021 9:00:00 PM,0.039,0.019,0.054,#+INF,0,8.0
8/7/2021 10:00:00 PM,0.039,0.019,0.054,#+INF,0,8.0
8/7/2021 11:00:00 PM,0.039,0.018,0.055,#+INF,0,8.0
8/8/2021 12:00:00 AM,0.039,0.018,0.054,#+INF,0,8.0
8/8/2021 1:00:00 AM,0.039,0.018,0.054,#+INF,0,8.0
8/8/2021 2:00:00 AM,0.039,0.018,0.054,#+INF,0,8.0
8/8/2021 3:00:00 AM,0.039,0.018,0.054,#+INF,0,7.9
8/8/2021 4:00:00 AM,0.039,0.018,0.054,#+INF,0,7.9
8/8/2021 5:00:00 AM,0.039,0.018,0.054,#+INF,0,7.9
8/8/2021 6:00:00 AM,0.039,0.018,0.054,#+INF,0,7.9
8/8/2021 7:00:00 AM,0.039,0.018,0.054,#+INF,0,7.9
8/8/2021 8:00:00 AM,0.039,0.018,0.054,#+INF,0,7.9
8/8/2021 9:00:00 AM,0.039,0.018,0.054,#+INF,0,7.9
8/8/2021 10:00:00 AM,0.039,0.018,0.054,#+INF,0,8.0
8/8/2021 11:00:00 AM,0.039,0.018,0.054,#+INF,0,8.0
8/8/2021 12:00:00 PM,0.039,0.018,0.054,#+INF,0,8.0
8/8/2021 1:00:00 PM,0.039,0.018,0.054,#+INF,0,8.0
8/8/2021 2:00:00 PM,0.039,0.018,0.054,#+INF,0,8.0
8/8/2021 3:00:00 PM,0.039,0.018,0.054,#+INF,0,8.0
8/8/2021 4:00:00 PM,0.038,0.018,0.054,#+INF,0,8.0
8/8/2021 5:00:00 PM,0.038,0.018,0.054,#+INF,0,8.0
8/8/2021 6:00:00 PM,0.038,0.018,0.054,#+INF,0,8.0
8/8/2021 7:00:00 PM,0.038,0.018,0.054,#+INF,0,8.0
8/8/2021 8:00:00 PM,0.038,0.018,0.054,#+INF,0,8.0
8/8/2021 9:00:00 PM,0.038,0.018,0.054,#+INF,0,8.0
8/8/2021 10:00:00 PM,0.038,0.017,0.054,#+INF,0,7.9
8/8/2021 11:00:00 PM,0.038,0.017,0.054,#+INF,0,7.9
8/9/2021 12:00:00 AM,0.038,0.017,0.054,#+INF,0,7.9
8/9/2021 1:00:00 AM,0.038,0.017,0.054,#+INF,0,7.9
8/9/2021 2:00:00 AM,0.038,0.017,0.054,#+INF,0,7.9
8/9/2021 3:00:00 AM,0.038,0.017,0.054,#+INF,0,7.9
8/9/2021 4:00:00 AM,0.038,0.017,0.054,#+INF,0,8.0
8/9/2021 5:00:00 AM,0.038,0.017,0.054,#+INF,0,8.0
8/9/2021 6:00:00 AM,0.038,0.017,0.054,#+INF,0,8.0
8/9/2021 7:00:00 AM,0.038,0.017,0.054,#+INF,0,8.0
8/9/2021 8:00:00 AM,0.038,0.017,0.054,#+INF,0,8.0
8/9/2021 9:00:00 AM,0.038,0.017,0.054,#+INF,0,8.0
8/9/2021 10:00:00 AM,0.038,0.018,0.054,#+INF,0,8.0
8/9/2021 11:00:00 AM,0.038,0.018,0.054,#+INF,0,8.0
8/9/2021 12:00:00 PM,0.038,0.019,0.054,#+INF,0,8.0
8/9/2021 1:00:00 PM,0.038,0.019,0.054,#+INF,0,8.0
8/9/2021 2:00:00 PM,0.038,0.019,0.054,#+INF,0,8.0
8/9/2021 3:00:00 PM,0.038,0.019,0.054,#+INF,0,8.0
8/9/2021 4:00:00 PM,0.038,0.019,0.054,#+INF,0,8.0
8/9/2021 5:00:00 PM,0.038,0.019,0.054,#+INF,0,8.0
8/9/2021 6:00:00 PM,0.038,0.019,0.054,#+INF,0,8.0
8/9/2021 7:00:00 PM,0.038,0.018,0.054,#+INF,0,8.0
8/9/2021 8:00:00 PM,0.038,0.018,0.054,#+INF,0,8.0
8/9/2021 9:00:00 PM,0.038,0.018,0.054,#+INF,0,8.0
8/9/2021 10:00:00 PM,0.038,0.018,0.054,#+INF,0,8.0
8/9/2021 11:00:00 PM,0.038,0.018,0.054,#+INF,0,8.0
8/10/2021 12:00:00 AM,0.038,0.017,0.054,#+INF,0,8.0
8/10/2021 1:00:00 AM,0.038,0.017,0.054,#+INF,0,8.0
8/10/2021 2:00:00 AM,0.038,0.017,0.054,#+INF,0,8.0
8/10/2021 3:00:00 AM,0.038,0.017,0.054,#+INF,0,8.0
8/10/2021 4:00:00 AM,0.038,0.018,0.054,#+INF,0,8.0
8/10/2021 5:00:00 AM,0.038,0.017,0.054,#+INF,0,8.0
8/10/2021 6:00:00 AM,0.038,0.017,0.054,#+INF,0,8.0
8/10/2021 7:00:00 AM,0.038,0.017,0.054,#+INF,0,8.0
8/10/2021 8:00:00 AM,0.038,0.017,0.054,#+INF,0,8.0
8/10/2021 9:00:00 AM,0.038,0.017,0.054,#+INF,0,8.0
8/10/2021 10:00:00 AM,0.038,0.017,0.054,#+INF,0,8.0
8/10/2021 11:00:00 AM,0.038,0.017,0.053,#+INF,0,8.0
8/10/2021 12:00:00 PM,0.038,0.017,0.053,#+INF,0,8.0
8/10/2021 1:00:00 PM,0.038,0.018,0.053,#+INF,0,8.0
8/10/2021 2:00:00 PM,0.038,0.018,0.053,#+INF,0,8.0
8/10/2021 3:00:00 PM,0.038,0.018,0.053,#+INF,0,8.0
8/10/2021 4:00:00 PM,0.038,0.018,0.053,#+INF,0,8.0
8/10/2021 5:00:00 PM,0.038,0.018,0.053,#+INF,0,8.0
8/10/2021 6:00:00 PM,0.038,0.018,0.053,#+INF,0,8.0
8/10/2021 7:00:00 PM,0.038,0.018,0.053,#+INF,0,8.0
8/10/2021 8:00:00 PM,0.038,0.017,0.053,#+INF,0,8.0
8/10/2021 9:00:00 PM,0.038,0.017,0.053,#+INF,0,8.0
8/10/2021 10:00:00 PM,0.038,0.017,0.053,#+INF,0,8.0
8/10/2021 11:00:00 PM,0.038,0.017,0.053,#+INF,0,8.0
8/11/2021 12:00:00 AM,0.038,0.017,0.053,#+INF,0,8.0
8/11/2021 1:00:00 AM,0.038,0.017,0.053,#+INF,0,8.0
8/11/2021 2:00:00 AM,0.038,0.017,0.053,#+INF,0,8.0
8/11/2021 3:00:00 AM,0.038,0.017,0.053,#+INF,0,8.0
8/11/2021 4:00:00 AM,0.038,0.017,0.053,#+INF,0,8.0
8/11/2021 5:00:00 AM,0.038,0.017,0.053,#+INF,0,8.0
8/11/2021 6:00:00 AM,0.038,0.017,0.053,#+INF,0,8.0
8/11/2021 7:00:00 AM,0.038,0.017,0.053,#+INF,0,8.0
8/11/2021 8:00:00 AM,0.038,0.017,0.053,#+INF,0,8.0
8/11/2021 9:00:00 AM,0.038,0.017,0.053,#+INF,0,8.0
8/11/2021 10:00:00 AM,0.038,0.017,0.053,#+INF,0,8.0
8/11/2021 11:00:00 AM,0.038,0.017,0.053,#+INF,0,8.0
8/11/2021 12:00:00 PM,0.038,0.018,0.053,#+INF,0,8.0
8/11/2021 1:00:00 PM,0.038,0.018,0.053,#+INF,0,8.0
8/11/2021 2:00:00 PM,0.038,0.018,0.053,#+INF,0,8.0
8/11/2021 3:00:00 PM,0.038,0.018,0.053,#+INF,0,8.0
8/11/2021 4:00:00 PM,0.038,0.017,0.053,#+INF,0,8.0
8/11/2021 5:00:00 PM,0.038,0.017,0.052,#+INF,0,8.0
8/11/2021 6:00:00 PM,0.038,0.017,0.052,#+INF,0,8.0
8/11/2021 7:00:00 PM,0.038,0.017,0.052,#+INF,0,8.0
8/11/2021 8:00:00 PM,0.038,0.017,0.052,#+INF,0,8.0
8/11/2021 9:00:00 PM,0.038,0.016,0.052,#+INF,0,8.0
8/11/2021 10:00:00 PM,0.038,0.016,0.052,#+INF,0,7.9
8/11/2021 11:00:00 PM,0.038,0.016,0.052,#+INF,0,7.9
8/12/2021 12:00:00 AM,0.038,0.016,0.052,#+INF,0,7.9
8/12/2021 1:00:00 AM,0.038,0.016,0.052,#+INF,0,8.0
8/12/2021 2:00:00 AM,0.038,0.016,0.052,#+INF,0,7.9
8/12/2021 3:00:00 AM,0.038,0.016,0.053,#+INF,0,7.9
8/12/2021 4:00:00 AM,0.038,0.016,0.053,#+INF,0,7.9
8/12/2021 5:00:00 AM,0.038,0.016,0.052,#+INF,0,7.9
8/12/2021 6:00:00 AM,0.038,0.015,0.053,#+INF,0,7.9
8/12/2021 7:00:00 AM,0.038,0.015,0.052,#+INF,0,7.9
8/12/2021 8:00:00 AM,0.038,0.015,0.052,#+INF,0,7.9
8/12/2021 9:00:00 AM,0.038,0.015,0.052,#+INF,0,7.9
8/12/2021 10:00:00 AM,0.038,0.016,0.052,#+INF,0,8.0
8/12/2021 11:00:00 AM,0.038,0.016,0.052,#+INF,0,8.0
8/12/2021 12:00:00 PM,0.038,0.017,0.052,#+INF,0,8.0
8/12/2021 1:00:00 PM,0.038,0.017,0.052,#+INF,0,8.0
8/12/2021 2:00:00 PM,0.038,0.017,0.052,#+INF,0,8.0
8/12/2021 3:00:00 PM,0.038,0.017,0.052,#+INF,0,8.0
8/12/2021 4:00:00 PM,0.038,0.017,0.052,#+INF,0,8.0
8/12/2021 5:00:00 PM,0.038,0.017,0.052,#+INF,0,8.0
8/12/2021 6:00:00 PM,0.038,0.017,0.052,#+INF,0,8.0
8/12/2021 7:00:00 PM,0.038,0.016,0.052,#+INF,0,8.0
8/12/2021 8:00:00 PM,0.038,0.016,0.052,#+INF,0,8.0
8/12/2021 9:00:00 PM,0.038,0.016,0.052,#+INF,0,8.0
8/12/2021 10:00:00 PM,0.038,0.016,0.052,#+INF,0,8.0
8/12/2021 11:00:00 PM,0.038,0.015,0.052,#+INF,0,8.0
8/13/2021 12:00:00 AM,0.038,0.015,0.052,#+INF,0,7.9
8/13/2021 1:00:00 AM,0.038,0.015,0.052,#+INF,0,7.9
8/13/2021 2:00:00 AM,0.038,0.015,0.052,#+INF,0,7.9
8/13/2021 3:00:00 AM,0.038,0.015,0.052,#+INF,0,7.9
8/13/2021 4:00:00 AM,0.038,0.014,0.052,#+INF,0,7.9
8/13/2021 5:00:00 AM,0.038,0.014,0.052,#+INF,0,7.9
8/13/2021 6:00:00 AM,0.038,0.014,0.052,#+INF,0,7.9
8/13/2021 7:00:00 AM,0.038,0.014,0.052,#+INF,0,7.9
8/13/2021 8:00:00 AM,0.038,0.014,0.052,#+INF,0,7.9
8/13/2021 9:00:00 AM,0.037,0.014,0.052,#+INF,0,7.9
8/13/2021 10:00:00 AM,0.037,0.015,0.052,#+INF,0,8.0
8/13/2021 11:00:00 AM,0.037,0.015,0.052,#+INF,0,8.0
8/13/2021 12:00:00 PM,0.037,0.017,0.052,#+INF,0,8.0
8/13/2021 1:00:00 PM,0.037,0.017,0.052,#+INF,0,8.0
8/13/2021 2:00:00 PM,0.037,0.017,0.052,#+INF,0,8.0
8/13/2021 3:00:00 PM,0.037,0.017,0.052,#+INF,0,8.0
8/13/2021 4:00:00 PM,0.037,0.017,0.052,#+INF,0,8.0
8/13/2021 5:00:00 PM,0.037,0.017,0.052,#+INF,0,8.0
8/13/2021 6:00:00 PM,0.037,0.016,0.052,#+INF,0,8.0
8/13/2021 7:00:00 PM,0.037,0.016,0.052,#+INF,0,8.0
8/13/2021 8:00:00 PM,0.037,0.016,0.052,#+INF,0,8.0
8/13/2021 9:00:00 PM,0.037,0.015,0.052,#+INF,0,8.0
8/13/2021 10:00:00 PM,0.037,0.015,0.052,#+INF,0,8.0
8/13/2021 11:00:00 PM,0.037,0.015,0.052,#+INF,0,7.9
8/14/2021 12:00:00 AM,0.037,0.014,0.052,#+INF,0,7.9
8/14/2021 1:00:00 AM,0.037,0.014,0.052,#+INF,0,7.9
8/14/2021 2:00:00 AM,0.037,0.014,0.052,#+INF,0,7.9
8/14/2021 3:00:00 AM,0.037,0.014,0.052,#+INF,0,7.9
8/14/2021 4:00:00 AM,0.037,0.014,0.052,#+INF,0,7.9
8/14/2021 5:00:00 AM,0.037,0.014,0.052,#+INF,0,7.9
8/14/2021 6:00:00 AM,0.037,0.014,0.052,#+INF,0,7.9
8/14/2021 7:00:00 AM,0.037,0.014,0.052,#+INF,0,7.9
8/14/2021 8:00:00 AM,0.037,0.014,0.052,#+INF,0,7.9
8/14/2021 9:00:00 AM,0.037,0.014,0.052,#+INF,0,7.9
8/14/2021 10:00:00 AM,0.037,0.014,0.052,#+INF,0,8.0
8/14/2021 11:00:00 AM,0.037,0.014,0.052,#+INF,0,8.0
8/14/2021 12:00:00 PM,0.037,0.015,0.051,#+INF,0,8.0
8/14/2021 1:00:00 PM,0.037,0.015,0.051,#+INF,0,8.0
8/14/2021 2:00:00 PM,0.037,0.016,0.051,#+INF,0,8.0
8/14/2021 3:00:00 PM,0.037,0.016,0.051,#+INF,0,8.0
8/14/2021 4:00:00 PM,0.037,0.016,0.051,#+INF,0,8.0
8/14/2021 5:00:00 PM,0.037,0.016,0.051,#+INF,0,8.0
8/14/2021 6:00:00 PM,0.037,0.015,0.051,#+INF,0,8.0
8/14/2021 7:00:00 PM,0.037,0.015,0.051,#+INF,0,8.0
8/14/2021 8:00:00 PM,0.037,0.015,0.051,#+INF,0,8.0
8/14/2021 9:00:00 PM,0.037,0.015,0.051,#+INF,0,8.0
8/14/2021 10:00:00 PM,0.037,0.014,0.052,#+INF,0,8.0
8/14/2021 11:00:00 PM,0.037,0.014,0.052,#+INF,0,8.0
8/15/2021 12:00:00 AM,0.037,0.014,0.052,#+INF,0,8.0
8/15/2021 1:00:00 AM,0.037,0.014,0.052,#+INF,0,8.0
8/15/2021 2:00:00 AM,0.037,0.014,0.052,#+INF,0,8.0
8/15/2021 3:00:00 AM,0.037,0.014,0.051,#+INF,0,8.0
8/15/2021 4:00:00 AM,0.037,0.014,0.051,#+INF,0,7.9
8/15/2021 5:00:00 AM,0.037,0.013,0.051,#+INF,0,7.9
8/15/2021 6:00:00 AM,0.037,0.013,0.051,#+INF,0,7.9
8/15/2021 7:00:00 AM,0.037,0.013,0.051,#+INF,0,7.9
8/15/2021 8:00:00 AM,0.037,0.013,0.051,#+INF,0,7.9
8/15/2021 9:00:00 AM,0.037,0.013,0.051,#+INF,0,7.9
8/15/2021 10:00:00 AM,0.037,0.013,0.051,#+INF,0,8.0
8/15/2021 11:00:00 AM,0.037,0.014,0.051,#+INF,0,8.0
8/15/2021 12:00:00 PM,0.037,0.014,0.051,#+INF,0,8.0
8/15/2021 1:00:00 PM,0.037,0.014,0.051,#+INF,0,8.0
8/15/2021 2:00:00 PM,0.037,0.015,0.051,#+INF,0,8.0
8/15/2021 3:00:00 PM,0.037,0.015,0.051,#+INF,0,8.0
8/15/2021 4:00:00 PM,0.037,0.015,0.051,#+INF,0,8.0
8/15/2021 5:00:00 PM,0.037,0.015,0.051,#+INF,0,8.0
8/15/2021 6:00:00 PM,0.037,0.014,0.051,#+INF,0,8.0
8/15/2021 7:00:00 PM,0.037,0.014,0.051,#+INF,0,8.0
8/15/2021 8:00:00 PM,0.037,0.014,0.051,#+INF,0,8.0
8/15/2021 9:00:00 PM,0.037,0.013,0.051,#+INF,0,8.0
8/15/2021 10:00:00 PM,0.037,0.013,0.051,#+INF,0,8.0
8/15/2021 11:00:00 PM,0.037,0.013,0.051,#+INF,0,8.0
8/16/2021 12:00:00 AM,0.037,0.013,0.051,#+INF,0,8.0
8/16/2021 1:00:00 AM,0.037,0.013,0.051,#+INF,0,8.0
8/16/2021 2:00:00 AM,0.037,0.013,0.051,#+INF,0,8.0
8/16/2021 3:00:00 AM,0.037,0.013,0.051,#+INF,0,8.0
8/16/2021 4:00:00 AM,0.037,0.013,0.051,#+INF,0,8.0
8/16/2021 5:00:00 AM,0.037,0.013,0.051,#+INF,0,8.0
8/16/2021 6:00:00 AM,0.037,0.013,0.051,#+INF,0,7.9
8/16/2021 7:00:00 AM,0.037,0.012,0.051,#+INF,0,7.9
8/16/2021 8:00:00 AM,0.037,0.012,0.051,#+INF,0,7.9
8/16/2021 9:00:00 AM,0.037,0.012,0.051,#+INF,0,7.9
8/16/2021 10:00:00 AM,0.037,0.012,0.051,#+INF,0,7.9
8/16/2021 11:00:00 AM,0.037,0.013,0.051,#+INF,0,8.0
8/16/2021 12:00:00 PM,0.037,0.013,0.051,#+INF,0,7.9
8/16/2021 1:00:00 PM,0.037,0.012,0.051,#+INF,0,7.9
8/16/2021 2:00:00 PM,0.037,0.012,0.051,#+INF,0,7.9
8/16/2021 3:00:00 PM,0.037,0.012,0.051,#+INF,0,7.9
8/16/2021 4:00:00 PM,0.037,0.012,0.051,#+INF,0,7.9
8/16/2021 5:00:00 PM,0.037,0.012,0.051,#+INF,0,7.9
8/16/2021 6:00:00 PM,0.037,0.012,0.051,#+INF,0,7.9
8/16/2021 7:00:00 PM,0.037,0.012,0.051,#+INF,0,7.9
8/16/2021 8:00:00 PM,0.037,0.012,0.051,#+INF,0,7.9
8/16/2021 9:00:00 PM,0.037,0.012,0.051,#+INF,0,7.9
8/16/2021 10:00:00 PM,0.037,0.012,0.051,#+INF,0,7.9
8/16/2021 11:00:00 PM,0.037,0.012,0.051,#+INF,0,7.9
8/17/2021 12:00:00 AM,0.037,0.024,0.051,#+INF,0,7.9
8/17/2021 1:00:00 AM,0.037,0.041,0.051,#+INF,0,7.9
8/17/2021 2:00:00 AM,0.065,0.064,0.051,#+INF,0,7.9
8/17/2021 3:00:00 AM,0.073,0.074,0.051,#+INF,0,7.9
8/17/2021 4:00:00 AM,0.078,0.078,0.051,#+INF,0,7.9
8/17/2021 5:00:00 AM,0.080,0.082,0.051,#+INF,0,7.9
8/17/2021 6:00:00 AM,0.092,0.086,0.051,#+INF,0,7.9
8/17/2021 7:00:00 AM,0.119,0.087,0.051,#+INF,0,7.9
8/17/2021 8:00:00 AM,0.120,0.089,0.051,#+INF,0,7.9
8/17/2021 9:00:00 AM,0.116,0.088,0.051,#+INF,0,7.9
8/17/2021 10:00:00 AM,0.111,0.088,0.051,#+INF,0,7.9
8/17/2021 11:00:00 AM,0.108,0.088,0.051,#+INF,0,7.9
8/17/2021 12:00:00 PM,0.105,0.088,0.051,#+INF,0,7.9
8/17/2021 1:00:00 PM,0.103,0.088,0.051,#+INF,0,7.9
8/17/2021 2:00:00 PM,0.101,0.088,0.051,#+INF,0,7.9
8/17/2021 3:00:00 PM,0.100,0.088,0.051,#+INF,0,7.9
8/17/2021 4:00:00 PM,0.099,0.088,0.051,#+INF,0,7.9
8/17/2021 5:00:00 PM,0.098,0.089,0.051,#+INF,0,7.9
8/17/2021 6:00:00 PM,0.097,0.089,0.051,#+INF,0,7.9
8/17/2021 7:00:00 PM,0.096,0.090,0.051,#+INF,0,7.9
8/17/2021 8:00:00 PM,0.096,0.090,0.051,#+INF,0,7.9
8/17/2021 9:00:00 PM,0.095,0.090,0.051,#+INF,0,7.9
8/17/2021 10:00:00 PM,0.095,0.091,0.051,#+INF,0,7.9
8/17/2021 11:00:00 PM,0.095,0.091,0.051,#+INF,0,7.9
8/18/2021 12:00:00 AM,0.094,0.091,0.051,#+INF,0,7.9
8/18/2021 1:00:00 AM,0.094,0.091,0.051,#+INF,0,7.9
8/18/2021 2:00:00 AM,0.094,0.091,0.051,#+INF,0,7.9
8/18/2021 3:00:00 AM,0.093,0.091,0.051,#+INF,0,7.9
8/18/2021 4:00:00 AM,0.093,0.092,0.051,#+INF,0,7.9
8/18/2021 5:00:00 AM,0.093,0.092,0.051,#+INF,0,7.9
8/18/2021 6:00:00 AM,0.092,0.092,0.051,#+INF,0,7.9
8/18/2021 7:00:00 AM,0.092,0.092,0.051,#+INF,0,7.9
8/18/2021 8:00:00 AM,0.092,0.092,0.051,#+INF,0,7.9
8/18/2021 9:00:00 AM,0.091,0.092,0.051,#+INF,0,7.9
8/18/2021 10:00:00 AM,0.091,0.092,0.050,#+INF,0,8.0
8/18/2021 11:00:00 AM,0.091,0.092,0.050,#+INF,0,8.0
8/18/2021 12:00:00 PM,0.091,0.092,0.050,#+INF,0,8.0
8/18/2021 1:00:00 PM,0.090,0.092,0.050,#+INF,0,8.0
8/18/2021 2:00:00 PM,0.090,0.092,0.050,#+INF,0,8.0
8/18/2021 3:00:00 PM,0.090,0.094,0.050,#+INF,0,8.0
8/18/2021 4:00:00 PM,0.089,0.094,0.050,#+INF,0,8.0
8/18/2021 5:00:00 PM,0.089,0.093,0.050,#+INF,0,8.0
8/18/2021 6:00:00 PM,0.089,0.093,0.050,#+INF,0,8.0
8/18/2021 7:00:00 PM,0.088,0.093,0.050,#+INF,0,8.0
8/18/2021 8:00:00 PM,0.088,0.093,0.050,#+INF,0,8.0
8/18/2021 9:00:00 PM,0.088,0.092,0.051,#+INF,0,8.0
8/18/2021 10:00:00 PM,0.087,0.092,0.051,#+INF,0,8.0
8/18/2021 11:00:00 PM,0.087,0.092,0.051,#+INF,0,7.9
8/19/2021 12:00:00 AM,0.087,0.092,0.051,#+INF,0,7.9
8/19/2021 1:00:00 AM,0.087,0.092,0.051,#+INF,0,7.9
8/19/2021 2:00:00 AM,0.086,0.092,0.051,#+INF,0,7.9
8/19/2021 3:00:00 AM,0.086,0.092,0.051,#+INF,0,7.9
8/19/2021 4:00:00 AM,0.086,0.092,0.050,#+INF,0,7.9
8/19/2021 5:00:00 AM,0.086,0.092,0.050,#+INF,0,7.9
8/19/2021 6:00:00 AM,0.086,0.092,0.050,#+INF,0,7.9
8/19/2021 7:00:00 AM,0.085,0.091,0.050,#+INF,0,7.9
8/19/2021 8:00:00 AM,0.085,0.091,0.050,#+INF,0,7.9
8/19/2021 9:00:00 AM,0.085,0.091,0.050,#+INF,0,8.0
8/19/2021 10:00:00 AM,0.085,0.091,0.050,#+INF,0,8.0
8/19/2021 11:00:00 AM,0.085,0.091,0.050,#+INF,0,8.0
8/19/2021 12:00:00 PM,0.085,0.091,0.050,#+INF,0,8.0
8/19/2021 1:00:00 PM,0.085,0.085,0.050,#+INF,0,8.0
8/19/2021 2:00:00 PM,0.084,0.095,0.050,#+INF,0,8.0
8/19/2021 3:00:00 PM,0.084,0.096,0.050,#+INF,0,8.0
8/19/2021 4:00:00 PM,0.084,0.096,0.050,#+INF,0,8.0
8/19/2021 5:00:00 PM,0.084,0.096,0.050,#+INF,0,8.0
8/19/2021 6:00:00 PM,0.084,0.096,0.050,#+INF,0,8.0
8/19/2021 7:00:00 PM,0.083,0.096,0.050,#+INF,0,8.0
8/19/2021 8:00:00 PM,0.083,0.096,0.050,#+INF,0,8.0
8/19/2021 9:00:00 PM,0.083,0.096,0.050,#+INF,0,8.0
8/19/2021 10:00:00 PM,0.083,0.096,0.050,#+INF,0,7.9
8/19/2021 11:00:00 PM,0.083,0.096,0.050,#+INF,0,7.9
8/20/2021 12:00:00 AM,0.083,0.096,0.050,#+INF,0,7.9
8/20/2021 1:00:00 AM,0.083,0.096,0.050,#+INF,0,7.9
8/20/2021 2:00:00 AM,0.083,0.096,0.050,#+INF,0,7.9
8/20/2021 3:00:00 AM,0.083,0.096,0.050,#+INF,0,7.9
8/20/2021 4:00:00 AM,0.082,0.096,0.050,#+INF,0,7.9
8/20/2021 5:00:00 AM,0.082,0.096,0.050,#+INF,0,7.9
8/20/2021 6:00:00 AM,0.082,0.096,0.050,#+INF,0,7.9
8/20/2021 7:00:00 AM,0.082,0.096,0.050,#+INF,0,7.9
8/20/2021 8:00:00 AM,0.082,0.096,0.050,#+INF,0,7.9
8/20/2021 9:00:00 AM,0.082,0.096,0.050,#+INF,0,7.9
8/20/2021 10:00:00 AM,0.082,0.096,0.050,#+INF,0,8.0
8/20/2021 11:00:00 AM,0.082,0.096,0.050,#+INF,0,8.0
8/20/2021 12:00:00 PM,0.082,0.096,0.050,#+INF,0,8.0
8/20/2021 1:00:00 PM,0.082,0.096,0.050,#+INF,0,8.0
8/20/2021 2:00:00 PM,0.081,0.096,0.050,#+INF,0,8.0
8/20/2021 3:00:00 PM,0.081,0.096,0.050,#+INF,0,8.0
8/20/2021 4:00:00 PM,0.081,0.095,0.050,#+INF,0,8.0
8/20/2021 5:00:00 PM,0.081,0.095,0.050,#+INF,0,8.0
8/20/2021 6:00:00 PM,0.081,0.095,0.050,#+INF,0,8.0
8/20/2021 7:00:00 PM,0.081,0.095,0.050,#+INF,0,8.0
8/20/2021 8:00:00 PM,0.081,0.095,0.050,#+INF,0,8.0
8/20/2021 9:00:00 PM,0.080,0.094,0.050,#+INF,0,7.9
8/20/2021 10:00:00 PM,0.080,0.094,0.050,#+INF,0,7.9
8/20/2021 11:00:00 PM,0.080,0.094,0.050,#+INF,0,7.9
8/21/2021 12:00:00 AM,0.080,0.094,0.050,#+INF,0,7.9
8/21/2021 1:00:00 AM,0.080,0.094,0.050,#+INF,0,7.9
8/21/2021 2:00:00 AM,0.080,0.094,0.050,#+INF,0,7.9
8/21/2021 3:00:00 AM,0.080,0.094,0.050,#+INF,0,7.9
8/21/2021 4:00:00 AM,0.080,0.094,0.050,#+INF,0,7.9
8/21/2021 5:00:00 AM,0.080,0.094,0.050,#+INF,0,7.9
8/21/2021 6:00:00 AM,0.080,0.094,0.050,#+INF,0,7.9
8/21/2021 7:00:00 AM,0.080,0.094,0.050,#+INF,0,7.9
8/21/2021 8:00:00 AM,0.079,0.094,0.050,#+INF,0,7.9
8/21/2021 9:00:00 AM,0.079,0.094,0.050,#+INF,0,7.9
8/21/2021 10:00:00 AM,0.079,0.094,0.050,#+INF,0,8.0
8/21/2021 11:00:00 AM,0.079,0.094,0.050,#+INF,0,8.0
8/21/2021 12:00:00 PM,0.079,0.094,0.050,#+INF,0,8.0
8/21/2021 1:00:00 PM,0.079,0.094,0.050,#+INF,0,8.0
8/21/2021 2:00:00 PM,0.079,0.094,0.050,#+INF,0,8.0
8/21/2021 3:00:00 PM,0.079,0.094,0.050,#+INF,0,8.0
8/21/2021 4:00:00 PM,0.079,0.094,0.050,#+INF,0,8.0
8/21/2021 5:00:00 PM,0.079,0.093,0.050,#+INF,0,8.0
8/21/2021 6:00:00 PM,0.078,0.093,0.050,#+INF,0,8.0
8/21/2021 7:00:00 PM,0.078,0.093,0.050,#+INF,0,8.0
8/21/2021 8:00:00 PM,0.078,0.092,0.050,#+INF,0,8.0
8/21/2021 9:00:00 PM,0.078,0.092,0.050,#+INF,0,7.9
8/21/2021 10:00:00 PM,0.078,0.092,0.050,#+INF,0,7.9
8/21/2021 11:00:00 PM,0.078,0.092,0.050,#+INF,0,7.9
8/22/2021 12:00:00 AM,0.078,0.092,0.050,#+INF,0,7.9
8/22/2021 1:00:00 AM,0.078,0.092,0.050,#+INF,0,7.9
8/22/2021 2:00:00 AM,0.078,0.092,0.050,#+INF,0,7.9
8/22/2021 3:00:00 AM,0.078,0.092,0.050,#+INF,0,7.9
8/22/2021 4:00:00 AM,0.077,0.092,0.050,#+INF,0,7.9
8/22/2021 5:00:00 AM,0.077,0.092,0.050,#+INF,0,7.9
8/22/2021 6:00:00 AM,0.077,0.092,0.050,#+INF,0,7.9
8/22/2021 7:00:00 AM,0.077,0.092,0.050,#+INF,0,7.9
8/22/2021 8:00:00 AM,0.077,0.092,0.050,#+INF,0,7.9
8/22/2021 9:00:00 AM,0.077,0.092,0.050,#+INF,0,7.9
8/22/2021 10:00:00 AM,0.077,0.092,0.050,#+INF,0,8.0
8/22/2021 11:00:00 AM,0.077,0.092,0.050,#+INF,0,8.0
8/22/2021 12:00:00 PM,0.077,0.091,0.050,#+INF,0,8.0
8/22/2021 1:00:00 PM,0.076,0.091,0.050,#+INF,0,8.0
8/22/2021 2:00:00 PM,0.076,0.090,0.050,#+INF,0,8.0
8/22/2021 3:00:00 PM,0.076,0.090,0.050,#+INF,0,8.0
8/22/2021 4:00:00 PM,0.076,0.089,0.050,#+INF,0,8.0
8/22/2021 5:00:00 PM,0.076,0.089,0.050,#+INF,0,8.0
8/22/2021 6:00:00 PM,0.076,0.088,0.050,#+INF,0,8.0
8/22/2021 7:00:00 PM,0.076,0.088,0.050,#+INF,0,7.9
8/22/2021 8:00:00 PM,0.076,0.087,0.050,#+INF,0,7.9
8/22/2021 9:00:00 PM,0.076,0.087,0.050,#+INF,0,7.9
8/22/2021 10:00:00 PM,0.075,0.087,0.050,#+INF,0,7.9
8/22/2021 11:00:00 PM,0.075,0.087,0.050,#+INF,0,7.9
8/23/2021 12:00:00 AM,0.075,0.087,0.050,#+INF,0,7.9
8/23/2021 1:00:00 AM,0.075,0.087,0.050,#+INF,0,7.9
8/23/2021 2:00:00 AM,0.075,0.087,0.050,#+INF,0,7.9
8/23/2021 3:00:00 AM,0.075,0.087,0.050,#+INF,0,7.9
8/23/2021 4:00:00 AM,0.075,0.087,0.050,#+INF,0,7.9
8/23/2021 5:00:00 AM,0.075,0.087,0.050,#+INF,0,7.9
8/23/2021 6:00:00 AM,0.075,0.087,0.050,#+INF,0,7.9
8/23/2021 7:00:00 AM,0.075,0.087,0.050,#+INF,0,7.9
8/23/2021 8:00:00 AM,0.075,0.087,0.050,#+INF,0,7.9
8/23/2021 9:00:00 AM,0.075,0.087,0.050,#+INF,0,7.9
8/23/2021 10:00:00 AM,0.075,0.087,0.050,#+INF,0,7.9
8/23/2021 11:00:00 AM,0.075,0.087,0.050,#+INF,0,8.0
8/23/2021 12:00:00 PM,0.074,0.087,0.050,#+INF,0,8.0
8/23/2021 1:00:00 PM,0.074,0.087,0.050,#+INF,0,8.0
8/23/2021 2:00:00 PM,0.074,0.087,0.050,#+INF,0,8.0
8/23/2021 3:00:00 PM,0.074,0.086,0.050,#+INF,0,8.0
8/23/2021 4:00:00 PM,0.074,0.086,0.050,#+INF,0,8.0
8/23/2021 5:00:00 PM,0.074,0.086,0.050,#+INF,0,7.9
8/23/2021 6:00:00 PM,0.074,0.085,0.050,#+INF,0,7.9
8/23/2021 7:00:00 PM,0.074,0.085,0.050,#+INF,0,7.9
8/23/2021 8:00:00 PM,0.074,0.085,0.050,#+INF,0,7.9
8/23/2021 9:00:00 PM,0.074,0.085,0.050,#+INF,0,7.9
8/23/2021 10:00:00 PM,0.074,0.085,0.050,#+INF,0,7.9
8/23/2021 11:00:00 PM,0.073,0.085,0.050,#+INF,0,7.9
8/24/2021 12:00:00 AM,0.073,0.085,0.050,#+INF,0,7.9
8/24/2021 1:00:00 AM,0.073,0.085,0.050,#+INF,0,7.9
8/24/2021 2:00:00 AM,0.073,0.085,0.050,#+INF,0,7.9
8/24/2021 3:00:00 AM,0.073,0.085,0.050,#+INF,0,7.9
8/24/2021 4:00:00 AM,0.073,0.085,0.050,#+INF,0,7.9
8/24/2021 5:00:00 AM,0.073,0.085,0.050,#+INF,0,7.9
8/24/2021 6:00:00 AM,0.073,0.085,0.050,#+INF,0,7.9
8/24/2021 7:00:00 AM,0.073,0.085,0.050,#+INF,0,7.9
8/24/2021 8:00:00 AM,0.073,0.085,0.050,#+INF,0,7.9
8/24/2021 9:00:00 AM,0.073,0.085,0.050,#+INF,0,7.9
8/24/2021 10:00:00 AM,0.073,0.085,0.050,#+INF,0,7.9
8/24/2021 11:00:00 AM,0.073,0.085,0.050,#+INF,0,8.0
8/24/2021 12:00:00 PM,0.073,0.085,0.050,#+INF,0,8.0
8/24/2021 1:00:00 PM,0.073,0.085,0.050,#+INF,0,8.0
8/24/2021 2:00:00 PM,0.072,0.084,0.050,#+INF,0,8.0
8/24/2021 3:00:00 PM,0.072,0.084,0.050,#+INF,0,8.0
8/24/2021 4:00:00 PM,0.072,0.084,0.050,#+INF,0,8.0
8/24/2021 5:00:00 PM,0.072,0.083,0.050,#+INF,0,8.0
8/24/2021 6:00:00 PM,0.072,0.083,0.050,#+INF,0,8.0
8/24/2021 7:00:00 PM,0.072,0.082,0.050,#+INF,0,8.0
8/24/2021 8:00:00 PM,0.072,0.082,0.050,#+INF,0,7.9
8/24/2021 9:00:00 PM,0.072,0.082,0.050,#+INF,0,7.9
8/24/2021 10:00:00 PM,0.072,0.082,0.050,#+INF,0,7.9
8/24/2021 11:00:00 PM,0.072,0.081,0.050,#+INF,0,7.9
8/25/2021 12:00:00 AM,0.072,0.081,0.050,#+INF,0,7.9
8/25/2021 1:00:00 AM,0.072,0.081,0.050,#+INF,0,7.9
8/25/2021 2:00:00 AM,0.071,0.081,0.050,#+INF,0,7.9
8/25/2021 3:00:00 AM,0.071,0.081,0.050,#+INF,0,7.9
8/25/2021 4:00:00 AM,0.071,0.081,0.050,#+INF,0,7.9
8/25/2021 5:00:00 AM,0.071,0.081,0.050,#+INF,0,7.9
8/25/2021 6:00:00 AM,0.071,0.081,0.050,#+INF,0,7.9
8/25/2021 7:00:00 AM,0.071,0.081,0.050,#+INF,0,7.9
8/25/2021 8:00:00 AM,0.071,0.082,0.050,#+INF,0,7.9
8/25/2021 9:00:00 AM,0.071,0.082,0.050,#+INF,0,7.9
8/25/2021 10:00:00 AM,0.071,0.082,0.050,#+INF,0,7.9
8/25/2021 11:00:00 AM,0.071,0.082,0.050,#+INF,0,8.0
8/25/2021 12:00:00 PM,0.071,0.082,0.050,#+INF,0,8.0
8/25/2021 1:00:00 PM,0.071,0.082,0.050,#+INF,0,8.0
8/25/2021 2:00:00 PM,0.070,0.081,0.050,#+INF,0,8.0
8/25/2021 3:00:00 PM,0.070,0.081,0.050,#+INF,0,8.0
8/25/2021 4:00:00 PM,0.070,0.080,0.050,#+INF,0,8.0
8/25/2021 5:00:00 PM,0.070,0.080,0.050,#+INF,0,8.0
8/25/2021 6:00:00 PM,0.070,0.079,0.050,#+INF,0,8.0
8/25/2021 7:00:00 PM,0.070,0.079,0.050,#+INF,0,8.0
8/25/2021 8:00:00 PM,0.070,0.078,0.050,#+INF,0,8.0
8/25/2021 9:00:00 PM,0.070,0.078,0.050,#+INF,0,7.9
8/25/2021 10:00:00 PM,0.070,0.078,0.050,#+INF,0,7.9
8/25/2021 11:00:00 PM,0.070,0.077,0.050,#+INF,0,7.9
8/26/2021 12:00:00 AM,0.070,0.077,0.050,#+INF,0,7.9
8/26/2021 1:00:00 AM,0.069,0.077,0.050,#+INF,0,7.9
8/26/2021 2:00:00 AM,0.069,0.077,0.050,#+INF,0,7.9
8/26/2021 3:00:00 AM,0.069,0.077,0.050,#+INF,0,7.9
8/26/2021 4:00:00 AM,0.069,0.077,0.050,#+INF,0,7.9
8/26/2021 5:00:00 AM,0.069,0.077,0.050,#+INF,0,7.9
8/26/2021 6:00:00 AM,0.069,0.077,0.050,#+INF,0,7.9
8/26/2021 7:00:00 AM,0.069,0.077,0.050,#+INF,0,7.9
8/26/2021 8:00:00 AM,0.069,0.077,0.050,#+INF,0,7.9
8/26/2021 9:00:00 AM,0.069,0.077,0.050,#+INF,0,7.9
8/26/2021 10:00:00 AM,0.069,0.077,0.050,#+INF,0,7.9
8/26/2021 11:00:00 AM,0.069,0.077,0.050,#+INF,0,8.0
8/26/2021 12:00:00 PM,0.069,0.078,0.050,#+INF,0,8.0
8/26/2021 1:00:00 PM,0.069,0.077,0.050,#+INF,0,8.0
8/26/2021 2:00:00 PM,0.069,0.077,0.050,#+INF,0,8.0
8/26/2021 3:00:00 PM,0.068,0.076,0.050,#+INF,0,8.0
8/26/2021 4:00:00 PM,0.068,0.076,0.050,#+INF,0,8.0
8/26/2021 5:00:00 PM,0.068,0.075,0.050,#+INF,0,8.0
8/26/2021 6:00:00 PM,0.068,0.075,0.050,#+INF,0,8.0
8/26/2021 7:00:00 PM,0.068,0.074,0.050,#+INF,0,8.0
8/26/2021 8:00:00 PM,0.068,0.074,0.050,#+INF,0,7.9
8/26/2021 9:00:00 PM,0.068,0.074,0.050,#+INF,0,7.9
8/26/2021 10:00:00 PM,0.068,0.073,0.050,#+INF,0,7.9
8/26/2021 11:00:00 PM,0.068,0.073,0.050,#+INF,0,7.9
8/27/2021 12:00:00 AM,0.068,0.073,0.050,#+INF,0,7.9
8/27/2021 1:00:00 AM,0.068,0.073,0.050,#+INF,0,7.9
8/27/2021 2:00:00 AM,0.068,0.073,0.050,#+INF,0,7.9
8/27/2021 3:00:00 AM,0.068,0.072,0.050,#+INF,0,7.9
8/27/2021 4:00:00 AM,0.067,0.072,0.050,#+INF,0,7.9
8/27/2021 5:00:00 AM,0.067,0.072,0.050,#+INF,0,7.9
8/27/2021 6:00:00 AM,0.067,0.072,0.050,#+INF,0,7.9
8/27/2021 7:00:00 AM,0.067,0.072,0.050,#+INF,0,7.9
8/27/2021 8:00:00 AM,0.067,0.072,0.050,#+INF,0,7.9
8/27/2021 9:00:00 AM,0.067,0.072,0.050,#+INF,0,7.9
8/27/2021 10:00:00 AM,0.067,0.072,0.050,#+INF,0,7.9
8/27/2021 11:00:00 AM,0.067,0.072,0.050,#+INF,0,7.9
8/27/2021 12:00:00 PM,0.067,0.072,0.050,#+INF,0,8.0
8/27/2021 1:00:00 PM,0.067,0.072,0.050,#+INF,0,8.0
8/27/2021 2:00:00 PM,0.067,0.071,0.050,#+INF,0,8.0
8/27/2021 3:00:00 PM,0.067,0.071,0.050,#+INF,0,7.9
8/27/2021 4:00:00 PM,0.067,0.071,0.050,#+INF,0,7.9
8/27/2021 5:00:00 PM,0.066,0.070,0.050,#+INF,0,7.9
8/27/2021 6:00:00 PM,0.066,0.070,0.050,#+INF,0,7.9
8/27/2021 7:00:00 PM,0.066,0.070,0.050,#+INF,0,7.9
8/27/2021 8:00:00 PM,0.066,0.070,0.050,#+INF,0,7.9
8/27/2021 9:00:00 PM,0.066,0.070,0.050,#+INF,0,7.9
8/27/2021 10:00:00 PM,0.066,0.069,0.050,#+INF,0,7.9
8/27/2021 11:00:00 PM,0.066,0.069,0.050,#+INF,0,7.9
8/28/2021 12:00:00 AM,0.066,0.069,0.050,#+INF,0,7.9
8/28/2021 1:00:00 AM,0.066,0.069,0.050,#+INF,0,7.9
8/28/2021 2:00:00 AM,0.066,0.069,0.050,#+INF,0,7.9
8/28/2021 3:00:00 AM,0.066,0.069,0.050,#+INF,0,7.9
8/28/2021 4:00:00 AM,0.066,0.069,0.050,#+INF,0,7.9
8/28/2021 5:00:00 AM,0.066,0.069,0.050,#+INF,0,7.9
8/28/2021 6:00:00 AM,0.066,0.069,0.050,#+INF,0,7.9
8/28/2021 7:00:00 AM,0.066,0.069,0.050,#+INF,0,7.9
8/28/2021 8:00:00 AM,0.066,0.069,0.050,#+INF,0,7.9
8/28/2021 9:00:00 AM,0.066,0.069,0.050,#+INF,0,7.9
8/28/2021 10:00:00 AM,0.066,0.070,0.050,#+INF,0,7.9
8/28/2021 11:00:00 AM,0.066,0.070,0.050,#+INF,0,7.9
8/28/2021 12:00:00 PM,0.066,0.070,0.050,#+INF,0,8.0
8/28/2021 1:00:00 PM,0.066,0.070,0.050,#+INF,0,8.0
8/28/2021 2:00:00 PM,0.066,0.069,0.050,#+INF,0,8.0
8/28/2021 3:00:00 PM,0.066,0.069,0.050,#+INF,0,8.0
8/28/2021 4:00:00 PM,0.065,0.069,0.050,#+INF,0,8.0
8/28/2021 5:00:00 PM,0.065,0.068,0.050,#+INF,0,8.0
8/28/2021 6:00:00 PM,0.065,0.068,0.050,#+INF,0,8.0
8/28/2021 7:00:00 PM,0.065,0.067,0.050,#+INF,0,8.0
8/28/2021 8:00:00 PM,0.065,0.067,0.050,#+INF,0,7.9
8/28/2021 9:00:00 PM,0.065,0.066,0.050,#+INF,0,7.9
8/28/2021 10:00:00 PM,0.065,0.066,0.050,#+INF,0,7.9
8/28/2021 11:00:00 PM,0.065,0.066,0.050,#+INF,0,7.9
8/29/2021 12:00:00 AM,0.065,0.066,0.050,#+INF,0,7.9
8/29/2021 1:00:00 AM,0.065,0.066,0.050,#+INF,0,7.9
8/29/2021 2:00:00 AM,0.065,0.066,0.050,#+INF,0,7.9
8/29/2021 3:00:00 AM,0.065,0.066,0.050,#+INF,0,7.9
8/29/2021 4:00:00 AM,0.065,0.066,0.050,#+INF,0,7.9
8/29/2021 5:00:00 AM,0.065,0.066,0.050,#+INF,0,7.9
8/29/2021 6:00:00 AM,0.065,0.066,0.050,#+INF,0,7.9
8/29/2021 7:00:00 AM,0.064,0.066,0.050,#+INF,0,7.9
8/29/2021 8:00:00 AM,0.064,0.065,0.050,#+INF,0,7.9
8/29/2021 9:00:00 AM,0.064,0.066,0.050,#+INF,0,7.9
8/29/2021 10:00:00 AM,0.064,0.066,0.050,#+INF,0,7.9
8/29/2021 11:00:00 AM,0.064,0.066,0.050,#+INF,0,7.9
8/29/2021 12:00:00 PM,0.064,0.066,0.050,#+INF,0,8.0
8/29/2021 1:00:00 PM,0.064,0.066,0.050,#+INF,0,8.0
8/29/2021 2:00:00 PM,0.064,0.065,0.050,#+INF,0,8.0
8/29/2021 3:00:00 PM,0.064,0.065,0.050,#+INF,0,8.0
8/29/2021 4:00:00 PM,0.064,0.064,0.050,#+INF,0,8.0
8/29/2021 5:00:00 PM,0.063,0.064,0.050,#+INF,0,8.0
8/29/2021 6:00:00 PM,0.063,0.063,0.050,#+INF,0,8.0
8/29/2021 7:00:00 PM,0.063,0.063,0.050,#+INF,0,7.9
8/29/2021 8:00:00 PM,0.063,0.062,0.050,#+INF,0,7.9
8/29/2021 9:00:00 PM,0.063,0.062,0.050,#+INF,0,7.9
8/29/2021 10:00:00 PM,0.063,0.062,0.050,#+INF,0,7.9
8/29/2021 11:00:00 PM,0.063,0.061,0.050,#+INF,0,7.9
8/30/2021 12:00:00 AM,0.063,0.061,0.050,#+INF,0,7.9
8/30/2021 1:00:00 AM,0.063,0.061,0.050,#+INF,0,7.9
8/30/2021 2:00:00 AM,0.063,0.061,0.050,#+INF,0,7.9
8/30/2021 3:00:00 AM,0.063,0.061,0.050,#+INF,0,7.9
8/30/2021 4:00:00 AM,0.063,0.061,0.050,#+INF,0,7.9
8/30/2021 5:00:00 AM,0.063,0.061,0.050,#+INF,0,7.9
8/30/2021 6:00:00 AM,0.063,0.061,0.050,#+INF,0,7.9
8/30/2021 7:00:00 AM,0.062,0.061,0.050,#+INF,0,7.9
8/30/2021 8:00:00 AM,0.062,0.061,0.050,#+INF,0,7.9
8/30/2021 9:00:00 AM,0.062,0.061,0.050,#+INF,0,7.9
8/30/2021 10:00:00 AM,0.062,0.061,0.050,#+INF,0,7.9
8/30/2021 11:00:00 AM,0.062,0.061,0.050,#+INF,0,7.9
8/30/2021 12:00:00 PM,0.062,0.061,0.050,#+INF,0,7.9
8/30/2021 1:00:00 PM,0.062,0.061,0.050,#+INF,0,8.0
8/30/2021 2:00:00 PM,0.062,0.060,0.050,#+INF,0,8.0
8/30/2021 3:00:00 PM,0.062,0.060,0.050,#+INF,0,8.0
8/30/2021 4:00:00 PM,0.061,0.059,0.050,#+INF,0,8.0
8/30/2021 5:00:00 PM,0.061,0.059,0.050,#+INF,0,8.0
8/30/2021 6:00:00 PM,0.061,0.058,0.050,#+INF,0,8.0
8/30/2021 7:00:00 PM,0.061,0.058,0.050,#+INF,0,7.9
8/30/2021 8:00:00 PM,0.061,0.058,0.050,#+INF,0,7.9
8/30/2021 9:00:00 PM,0.061,0.057,0.050,#+INF,0,7.9
8/30/2021 10:00:00 PM,0.061,0.057,0.050,#+INF,0,7.9
8/30/2021 11:00:00 PM,0.061,0.056,0.050,#+INF,0,7.9
8/31/2021 12:00:00 AM,0.061,0.056,0.050,#+INF,0,7.9
8/31/2021 1:00:00 AM,0.061,0.056,0.050,#+INF,0,7.9
8/31/2021 2:00:00 AM,0.061,0.056,0.050,#+INF,0,7.9
8/31/2021 3:00:00 AM,0.061,0.056,0.050,#+INF,0,7.9
8/31/2021 4:00:00 AM,0.061,0.056,0.050,#+INF,0,7.9
8/31/2021 5:00:00 AM,0.060,0.056,0.050,#+INF,0,7.9
8/31/2021 6:00:00 AM,0.060,0.056,0.050,#+INF,0,7.9
8/31/2021 7:00:00 AM,0.060,0.056,0.050,#+INF,0,7.9
8/31/2021 8:00:00 AM,0.060,0.056,0.050,#+INF,0,7.9
8/31/2021 9:00:00 AM,0.060,0.056,0.050,#+INF,0,7.9
8/31/2021 10:00:00 AM,0.060,0.056,0.050,#+INF,0,7.9
8/31/2021 11:00:00 AM,0.060,0.056,0.050,#+INF,0,7.9
8/31/2021 12:00:00 PM,0.060,0.057,0.050,#+INF,0,7.9
8/31/2021 1:00:00 PM,0.060,0.056,0.050,#+INF,0,7.9
8/31/2021 2:00:00 PM,0.060,0.056,0.050,#+INF,0,7.9
8/31/2021 3:00:00 PM,0.060,0.056,0.050,#+INF,0,7.9
8/31/2021 4:00:00 PM,0.059,0.055,0.050,#+INF,0,7.9
8/31/2021 5:00:00 PM,0.059,0.055,0.050,#+INF,0,7.9
8/31/2021 6:00:00 PM,0.059,0.054,0.050,#+INF,0,7.9
8/31/2021 7:00:00 PM,0.059,0.054,0.050,#+INF,0,7.9
8/31/2021 8:00:00 PM,0.059,0.054,0.050,#+INF,0,7.9
8/31/2021 9:00:00 PM,0.059,0.053,0.050,#+INF,0,7.9
8/31/2021 10:00:00 PM,0.059,0.053,0.050,#+INF,0,7.9
8/31/2021 11:00:00 PM,0.059,0.053,0.050,#+INF,0,7.9
9/1/2021 12:00:00 AM,0.059,0.053,0.050,#+INF,0,7.9
9/1/2021 1:00:00 AM,0.059,0.053,0.050,#+INF,0,7.9
9/1/2021 2:00:00 AM,0.059,0.053,0.050,#+INF,0,7.9
9/1/2021 3:00:00 AM,0.059,0.054,0.050,#+INF,0,7.9
9/1/2021 4:00:00 AM,0.059,0.054,0.050,#+INF,0,7.9
9/1/2021 5:00:00 AM,0.059,0.054,0.050,#+INF,0,7.9
9/1/2021 6:00:00 AM,0.059,0.054,0.050,#+INF,0,7.9
9/1/2021 7:00:00 AM,0.058,0.054,0.050,#+INF,0,7.9
9/1/2021 8:00:00 AM,0.058,0.054,0.050,#+INF,0,7.9
9/1/2021 9:00:00 AM,0.058,0.054,0.050,#+INF,0,7.9
9/1/2021 10:00:00 AM,0.058,0.054,0.050,#+INF,0,7.9
9/1/2021 11:00:00 AM,0.058,0.054,0.050,#+INF,0,7.9
9/1/2021 12:00:00 PM,0.058,0.054,0.049,#+INF,0,7.9
9/1/2021 1:00:00 PM,0.058,0.054,0.049,#+INF,0,7.9
9/1/2021 2:00:00 PM,0.058,0.053,0.049,#+INF,0,7.9
9/1/2021 3:00:00 PM,0.058,0.053,0.049,#+INF,0,7.9
9/1/2021 4:00:00 PM,0.058,0.053,0.049,#+INF,0,7.9
9/1/2021 5:00:00 PM,0.057,0.052,0.049,#+INF,0,7.9
9/1/2021 6:00:00 PM,0.057,0.052,0.050,#+INF,0,7.9
9/1/2021 7:00:00 PM,0.057,0.052,0.050,#+INF,0,7.9
9/1/2021 8:00:00 PM,0.057,0.051,0.050,#+INF,0,7.9
9/1/2021 9:00:00 PM,0.057,0.051,0.050,#+INF,0,7.9
9/1/2021 10:00:00 PM,0.057,0.051,0.050,#+INF,0,7.9
9/1/2021 11:00:00 PM,0.057,0.051,0.050,#+INF,0,7.9
9/2/2021 12:00:00 AM,0.057,0.051,0.050,#+INF,0,7.9
9/2/2021 1:00:00 AM,0.057,0.051,0.050,#+INF,0,7.9
9/2/2021 2:00:00 AM,0.057,0.051,0.050,#+INF,0,7.9
9/2/2021 3:00:00 AM,0.057,0.051,0.050,#+INF,0,7.9
9/2/2021 4:00:00 AM,0.057,0.051,0.050,#+INF,0,7.9
9/2/2021 5:00:00 AM,0.057,0.051,0.050,#+INF,0,7.9
9/2/2021 6:00:00 AM,0.057,0.050,0.050,#+INF,0,7.9
9/2/2021 7:00:00 AM,0.057,0.050,0.050,#+INF,0,7.9
9/2/2021 8:00:00 AM,0.057,0.051,0.050,#+INF,0,7.9
9/2/2021 9:00:00 AM,0.057,0.051,0.050,#+INF,0,7.9
9/2/2021 10:00:00 AM,0.056,0.051,0.050,#+INF,0,7.9
9/2/2021 11:00:00 AM,0.056,0.051,0.049,#+INF,0,7.9
9/2/2021 12:00:00 PM,0.056,0.051,0.049,#+INF,0,7.9
9/2/2021 1:00:00 PM,0.056,0.051,0.049,#+INF,0,7.9
9/2/2021 2:00:00 PM,0.056,0.051,0.049,#+INF,0,7.9
9/2/2021 3:00:00 PM,0.056,0.051,0.049,#+INF,0,7.9
9/2/2021 4:00:00 PM,0.056,0.050,0.049,#+INF,0,7.9
9/2/2021 5:00:00 PM,0.056,0.050,0.049,#+INF,0,7.9
9/2/2021 6:00:00 PM,0.056,0.050,0.049,#+INF,0,7.9
9/2/2021 7:00:00 PM,0.056,0.049,0.049,#+INF,0,7.9
9/2/2021 8:00:00 PM,0.055,0.049,0.049,#+INF,0,7.9
9/2/2021 9:00:00 PM,0.055,0.049,0.049,#+INF,0,7.9
9/2/2021 10:00:00 PM,0.055,0.048,0.049,#+INF,0,7.9
9/2/2021 11:00:00 PM,0.055,0.048,0.050,#+INF,0,7.9
9/3/2021 12:00:00 AM,0.055,0.048,0.049,#+INF,0,7.9
9/3/2021 1:00:00 AM,0.055,0.048,0.050,#+INF,0,7.9
9/3/2021 2:00:00 AM,0.055,0.048,0.050,#+INF,0,7.9
9/3/2021 3:00:00 AM,0.055,0.048,0.050,#+INF,0,7.9
9/3/2021 4:00:00 AM,0.055,0.048,0.050,#+INF,0,7.9
9/3/2021 5:00:00 AM,0.055,0.048,0.049,#+INF,0,7.9
9/3/2021 6:00:00 AM,0.055,0.048,0.049,#+INF,0,7.9
9/3/2021 7:00:00 AM,0.055,0.048,0.049,#+INF,0,7.9
9/3/2021 8:00:00 AM,0.055,0.048,0.049,#+INF,0,7.9
9/3/2021 9:00:00 AM,0.055,0.048,0.049,#+INF,0,7.9
9/3/2021 10:00:00 AM,0.055,0.048,0.049,#+INF,0,7.9
9/3/2021 11:00:00 AM,0.055,0.049,0.049,#+INF,0,7.9
9/3/2021 12:00:00 PM,0.055,0.049,0.049,#+INF,0,7.9
9/3/2021 1:00:00 PM,0.054,0.049,0.049,#+INF,0,8.0
9/3/2021 2:00:00 PM,0.054,0.049,0.049,#+INF,0,8.0
9/3/2021 3:00:00 PM,0.055,0.048,0.049,#+INF,0,8.0
9/3/2021 4:00:00 PM,0.055,0.047,0.049,#+INF,0,8.0
9/3/2021 5:00:00 PM,0.055,0.047,0.048,#+INF,0,8.0
9/3/2021 6:00:00 PM,0.054,0.046,0.049,#+INF,0,8.0
9/3/2021 7:00:00 PM,0.054,0.046,0.049,#+INF,0,7.9
9/3/2021 8:00:00 PM,0.054,0.045,0.049,#+INF,0,7.9
9/3/2021 9:00:00 PM,0.054,0.045,0.049,#+INF,0,7.9
9/3/2021 10:00:00 PM,0.054,0.045,0.049,#+INF,0,7.9
9/3/2021 11:00:00 PM,0.054,0.044,0.049,#+INF,0,7.9
9/4/2021 12:00:00 AM,0.054,0.044,0.049,#+INF,0,7.9
9/4/2021 1:00:00 AM,0.054,0.044,0.049,#+INF,0,7.9
9/4/2021 2:00:00 AM,0.054,0.044,0.049,#+INF,0,7.9
9/4/2021 3:00:00 AM,0.054,0.044,0.049,#+INF,0,7.9
9/4/2021 4:00:00 AM,0.054,0.044,0.049,#+INF,0,7.9
9/4/2021 5:00:00 AM,0.054,0.044,0.049,#+INF,0,7.9
9/4/2021 6:00:00 AM,0.054,0.045,0.049,#+INF,0,7.9
9/4/2021 7:00:00 AM,0.054,0.045,0.049,#+INF,0,7.9
9/4/2021 8:00:00 AM,0.054,0.045,0.049,#+INF,0,7.9
9/4/2021 9:00:00 AM,0.054,0.045,0.049,#+INF,0,7.9
9/4/2021 10:00:00 AM,0.054,0.045,0.049,#+INF,0,7.9
9/4/2021 11:00:00 AM,0.053,0.045,0.049,#+INF,0,7.9
9/4/2021 12:00:00 PM,0.053,0.046,0.048,#+INF,0,7.9
9/4/2021 1:00:00 PM,0.053,0.046,0.048,#+INF,0,8.0
9/4/2021 2:00:00 PM,0.053,0.045,0.048,#+INF,0,8.0
9/4/2021 3:00:00 PM,0.053,0.045,0.048,#+INF,0,8.0
9/4/2021 4:00:00 PM,0.053,0.044,0.048,#+INF,0,8.0
9/4/2021 5:00:00 PM,0.053,0.044,0.048,#+INF,0,7.9
9/4/2021 6:00:00 PM,0.053,0.043,0.048,#+INF,0,7.9
9/4/2021 7:00:00 PM,0.053,0.043,0.048,#+INF,0,7.9
9/4/2021 8:00:00 PM,0.053,0.043,0.049,#+INF,0,7.9
9/4/2021 9:00:00 PM,0.053,0.042,0.049,#+INF,0,7.9
9/4/2021 10:00:00 PM,0.053,0.042,0.049,#+INF,0,7.9
9/4/2021 11:00:00 PM,0.052,0.042,0.049,#+INF,0,7.9
9/5/2021 12:00:00 AM,0.052,0.042,0.049,#+INF,0,7.9
9/5/2021 1:00:00 AM,0.052,0.041,0.049,#+INF,0,7.9
9/5/2021 2:00:00 AM,0.052,0.041,0.049,#+INF,0,7.9
9/5/2021 3:00:00 AM,0.052,0.041,0.049,#+INF,0,7.9
9/5/2021 4:00:00 AM,0.052,0.041,0.049,#+INF,0,7.9
9/5/2021 5:00:00 AM,0.052,0.041,0.049,#+INF,0,7.9
9/5/2021 6:00:00 AM,0.052,0.041,0.049,#+INF,0,7.9
9/5/2021 7:00:00 AM,0.052,0.041,0.049,#+INF,0,7.9
9/5/2021 8:00:00 AM,0.052,0.041,0.049,#+INF,0,7.9
9/5/2021 9:00:00 AM,0.052,0.040,0.049,#+INF,0,7.9
9/5/2021 10:00:00 AM,0.052,0.040,0.049,#+INF,0,7.9
9/5/2021 11:00:00 AM,0.052,0.040,0.049,#+INF,0,7.9
9/5/2021 12:00:00 PM,0.052,0.040,0.049,#+INF,0,7.9
9/5/2021 1:00:00 PM,0.052,0.040,0.049,#+INF,0,7.9
9/5/2021 2:00:00 PM,0.051,0.040,0.049,#+INF,0,7.9
9/5/2021 3:00:00 PM,0.051,0.040,0.048,#+INF,0,7.9
9/5/2021 4:00:00 PM,0.051,0.040,0.048,#+INF,0,7.9
9/5/2021 5:00:00 PM,0.051,0.040,0.048,#+INF,0,7.9
9/5/2021 6:00:00 PM,0.051,0.039,0.048,#+INF,0,7.9
9/5/2021 7:00:00 PM,0.051,0.039,0.048,#+INF,0,7.9
9/5/2021 8:00:00 PM,0.051,0.039,0.049,#+INF,0,7.9
9/5/2021 9:00:00 PM,0.051,0.038,0.049,#+INF,0,7.9
9/5/2021 10:00:00 PM,0.051,0.038,0.049,#+INF,0,7.9
9/5/2021 11:00:00 PM,0.051,0.038,0.049,#+INF,0,7.9
9/6/2021 12:00:00 AM,0.051,0.038,0.049,#+INF,0,7.9
9/6/2021 1:00:00 AM,0.051,0.037,0.049,#+INF,0,7.9
9/6/2021 2:00:00 AM,0.051,0.037,0.049,#+INF,0,7.9
9/6/2021 3:00:00 AM,0.051,0.037,0.049,#+INF,0,7.9
9/6/2021 4:00:00 AM,0.050,0.037,0.049,#+INF,0,7.9
9/6/2021 5:00:00 AM,0.050,0.037,0.049,#+INF,0,7.9
9/6/2021 6:00:00 AM,0.050,0.037,0.049,#+INF,0,7.9
9/6/2021 7:00:00 AM,0.050,0.037,0.049,#+INF,0,7.9
9/6/2021 8:00:00 AM,0.050,0.037,0.049,#+INF,0,7.9
9/6/2021 9:00:00 AM,0.050,0.037,0.049,#+INF,0,7.9
9/6/2021 10:00:00 AM,0.050,0.037,0.049,#+INF,0,7.9
9/6/2021 11:00:00 AM,0.050,0.037,0.049,#+INF,0,7.9
9/6/2021 12:00:00 PM,0.050,0.037,0.048,#+INF,0,7.9
9/6/2021 1:00:00 PM,0.050,0.037,0.048,#+INF,0,7.9
9/6/2021 2:00:00 PM,0.050,0.037,0.048,#+INF,0,7.9
9/6/2021 3:00:00 PM,0.050,0.037,0.048,#+INF,0,7.9
9/6/2021 4:00:00 PM,0.050,0.037,0.048,#+INF,0,7.9
9/6/2021 5:00:00 PM,0.050,0.037,0.048,#+INF,0,7.9
9/6/2021 6:00:00 PM,0.049,0.036,0.048,#+INF,0,7.9
9/6/2021 7:00:00 PM,0.049,0.036,0.048,#+INF,0,7.9
9/6/2021 8:00:00 PM,0.049,0.035,0.048,#+INF,0,7.9
9/6/2021 9:00:00 PM,0.049,0.035,0.048,#+INF,0,7.9
9/6/2021 10:00:00 PM,0.049,0.035,0.049,#+INF,0,7.9
9/6/2021 11:00:00 PM,0.049,0.035,0.049,#+INF,0,7.9
9/7/2021 12:00:00 AM,0.049,0.035,0.049,#+INF,0,7.9
9/7/2021 1:00:00 AM,0.049,0.035,0.049,#+INF,0,7.9
9/7/2021 2:00:00 AM,0.049,0.034,0.049,#+INF,0,7.9
9/7/2021 3:00:00 AM,0.049,0.034,0.049,#+INF,0,7.9
9/7/2021 4:00:00 AM,0.049,0.034,0.049,#+INF,0,7.9
9/7/2021 5:00:00 AM,0.049,0.034,0.049,#+INF,0,7.9
9/7/2021 6:00:00 AM,0.049,0.034,0.049,#+INF,0,7.9
9/7/2021 7:00:00 AM,0.049,0.034,0.049,#+INF,0,7.9
9/7/2021 8:00:00 AM,0.049,0.034,0.049,#+INF,0,7.9
9/7/2021 9:00:00 AM,0.049,0.034,0.049,#+INF,0,7.9
9/7/2021 10:00:00 AM,0.048,0.034,0.049,#+INF,0,7.9
9/7/2021 11:00:00 AM,0.048,0.035,0.048,#+INF,0,7.9
9/7/2021 12:00:00 PM,0.048,0.035,0.048,#+INF,0,7.9
9/7/2021 1:00:00 PM,0.048,0.036,0.048,#+INF,0,7.9
9/7/2021 2:00:00 PM,0.048,0.035,0.048,#+INF,0,7.9
9/7/2021 3:00:00 PM,0.048,0.035,0.048,#+INF,0,7.9
9/7/2021 4:00:00 PM,0.048,0.035,0.048,#+INF,0,7.9
9/7/2021 5:00:00 PM,0.048,0.035,0.048,#+INF,0,7.9
9/7/2021 6:00:00 PM,0.048,0.035,0.048,#+INF,0,7.9
9/7/2021 7:00:00 PM,0.048,0.034,0.048,#+INF,0,7.9
9/7/2021 8:00:00 PM,0.048,0.034,0.048,#+INF,0,7.9
9/7/2021 9:00:00 PM,0.048,0.033,0.048,#+INF,0,7.9
9/7/2021 10:00:00 PM,0.048,0.033,0.048,#+INF,0,7.9
9/7/2021 11:00:00 PM,0.048,0.033,0.048,#+INF,0,7.9
9/8/2021 12:00:00 AM,0.048,0.033,0.049,#+INF,0,7.9
9/8/2021 1:00:00 AM,0.048,0.032,0.049,#+INF,0,7.9
9/8/2021 2:00:00 AM,0.048,0.032,0.049,#+INF,0,7.9
9/8/2021 3:00:00 AM,0.048,0.032,0.049,#+INF,0,7.9
9/8/2021 4:00:00 AM,0.048,0.032,0.049,#+INF,0,7.9
9/8/2021 5:00:00 AM,0.047,0.032,0.049,#+INF,0,7.9
9/8/2021 6:00:00 AM,0.047,0.032,0.049,#+INF,0,7.9
9/8/2021 7:00:00 AM,0.047,0.032,0.049,#+INF,0,7.9
9/8/2021 8:00:00 AM,0.047,0.032,0.049,#+INF,0,7.9
9/8/2021 9:00:00 AM,0.047,0.033,0.049,#+INF,0,7.9
9/8/2021 10:00:00 AM,0.047,0.033,0.049,#+INF,0,7.9
9/8/2021 11:00:00 AM,0.047,0.033,0.049,#+INF,0,7.9
9/8/2021 12:00:00 PM,0.047,0.033,0.048,#+INF,0,7.9
9/8/2021 1:00:00 PM,0.047,0.033,0.048,#+INF,0,7.9
9/8/2021 2:00:00 PM,0.047,0.033,0.048,#+INF,0,7.9
9/8/2021 3:00:00 PM,0.047,0.034,0.048,#+INF,0,7.9
9/8/2021 4:00:00 PM,0.047,0.034,0.048,#+INF,0,7.9
9/8/2021 5:00:00 PM,0.047,0.033,0.048,#+INF,0,7.9
9/8/2021 6:00:00 PM,0.047,0.033,0.048,#+INF,0,7.9
9/8/2021 7:00:00 PM,0.047,0.033,0.048,#+INF,0,7.9
9/8/2021 8:00:00 PM,0.047,0.032,0.048,#+INF,0,7.9
9/8/2021 9:00:00 PM,0.047,0.032,0.048,#+INF,0,7.9
9/8/2021 10:00:00 PM,0.047,0.032,0.048,#+INF,0,7.9
9/8/2021 11:00:00 PM,0.047,0.032,0.049,#+INF,0,7.9
9/9/2021 12:00:00 AM,0.047,0.032,0.049,#+INF,0,7.9
9/9/2021 1:00:00 AM,0.046,0.031,0.049,#+INF,0,7.9
9/9/2021 2:00:00 AM,0.046,0.031,0.049,#+INF,0,7.9
9/9/2021 3:00:00 AM,0.046,0.031,0.049,#+INF,0,7.9
9/9/2021 4:00:00 AM,0.046,0.031,0.049,#+INF,0,7.9
9/9/2021 5:00:00 AM,0.046,0.031,0.049,#+INF,0,7.9
9/9/2021 6:00:00 AM,0.046,0.031,0.049,#+INF,0,7.9
9/9/2021 7:00:00 AM,0.046,0.031,0.049,#+INF,0,7.9
9/9/2021 8:00:00 AM,0.046,0.031,0.049,#+INF,0,7.9
9/9/2021 9:00:00 AM,0.046,0.031,0.049,#+INF,0,7.9
9/9/2021 10:00:00 AM,0.046,0.031,0.048,#+INF,0,7.9
9/9/2021 11:00:00 AM,0.046,0.031,0.048,#+INF,0,7.9
9/9/2021 12:00:00 PM,0.046,0.032,0.048,#+INF,0,7.9
9/9/2021 1:00:00 PM,0.046,0.032,0.048,#+INF,0,7.9
9/9/2021 2:00:00 PM,0.046,0.032,0.048,#+INF,0,7.9
9/9/2021 3:00:00 PM,0.046,0.032,0.048,#+INF,0,7.9
9/9/2021 4:00:00 PM,0.046,0.032,0.048,#+INF,0,7.9
9/9/2021 5:00:00 PM,0.046,0.031,0.048,#+INF,0,7.9
9/9/2021 6:00:00 PM,0.046,0.031,0.048,#+INF,0,7.9
9/9/2021 7:00:00 PM,0.046,0.031,0.048,#+INF,0,7.9
9/9/2021 8:00:00 PM,0.046,0.030,0.048,#+INF,0,7.9
9/9/2021 9:00:00 PM,0.046,0.030,0.048,#+INF,0,7.9
9/9/2021 10:00:00 PM,0.046,0.030,0.048,#+INF,0,7.9
9/9/2021 11:00:00 PM,0.045,0.029,0.048,#+INF,0,7.9
9/10/2021 12:00:00 AM,0.045,0.029,0.048,#+INF,0,7.9
9/10/2021 1:00:00 AM,0.045,0.029,0.048,#+INF,0,7.9
9/10/2021 2:00:00 AM,0.045,0.029,0.048,#+INF,0,7.9
9/10/2021 3:00:00 AM,0.045,0.029,0.048,#+INF,0,7.9
9/10/2021 4:00:00 AM,0.045,0.029,0.048,#+INF,0,7.9
9/10/2021 5:00:00 AM,0.045,0.029,0.048,#+INF,0,7.9
9/10/2021 6:00:00 AM,0.045,0.029,0.048,#+INF,0,7.9
9/10/2021 7:00:00 AM,0.045,0.029,0.048,#+INF,0,7.9
9/10/2021 8:00:00 AM,0.045,0.029,0.048,#+INF,0,7.8
9/10/2021 9:00:00 AM,0.045,0.029,0.048,#+INF,0,7.9
9/10/2021 10:00:00 AM,0.045,0.029,0.048,#+INF,0,7.9
9/10/2021 11:00:00 AM,0.045,0.029,0.048,#+INF,0,7.9
9/10/2021 12:00:00 PM,0.045,0.030,0.048,#+INF,0,7.9
9/10/2021 1:00:00 PM,0.045,0.030,0.048,#+INF,0,7.9
9/10/2021 2:00:00 PM,0.045,0.030,0.048,#+INF,0,7.9
9/10/2021 3:00:00 PM,0.045,0.030,0.048,#+INF,0,7.9
9/10/2021 4:00:00 PM,0.045,0.030,0.048,#+INF,0,7.9
9/10/2021 5:00:00 PM,0.045,0.030,0.048,#+INF,0,7.9
9/10/2021 6:00:00 PM,0.045,0.030,0.048,#+INF,0,7.9
9/10/2021 7:00:00 PM,0.045,0.029,0.048,#+INF,0,7.9
9/10/2021 8:00:00 PM,0.045,0.029,0.048,#+INF,0,7.9
9/10/2021 9:00:00 PM,0.045,0.029,0.048,#+INF,0,7.9
9/10/2021 10:00:00 PM,0.045,0.029,0.048,#+INF,0,7.9
9/10/2021 11:00:00 PM,0.045,0.029,0.048,#+INF,0,7.9
9/11/2021 12:00:00 AM,0.044,0.029,0.048,#+INF,0,7.9
9/11/2021 1:00:00 AM,0.044,0.029,0.048,#+INF,0,7.9
9/11/2021 2:00:00 AM,0.044,0.029,0.048,#+INF,0,7.9
9/11/2021 3:00:00 AM,0.044,0.029,0.048,#+INF,0,7.9
9/11/2021 4:00:00 AM,0.044,0.030,0.048,#+INF,0,7.9
9/11/2021 5:00:00 AM,0.044,0.030,0.048,#+INF,0,7.9
9/11/2021 6:00:00 AM,0.044,0.030,0.048,#+INF,0,7.9
9/11/2021 7:00:00 AM,0.044,0.030,0.048,#+INF,0,7.9
9/11/2021 8:00:00 AM,0.044,0.030,0.048,#+INF,0,7.9
9/11/2021 9:00:00 AM,0.044,0.031,0.048,#+INF,0,7.9
9/11/2021 10:00:00 AM,0.044,0.031,0.048,#+INF,0,7.9
9/11/2021 11:00:00 AM,0.044,0.031,0.048,#+INF,0,7.9
9/11/2021 12:00:00 PM,0.044,0.031,0.048,#+INF,0,7.9
9/11/2021 1:00:00 PM,0.044,0.032,0.048,#+INF,0,7.9
9/11/2021 2:00:00 PM,0.044,0.032,0.048,#+INF,0,7.9
9/11/2021 3:00:00 PM,0.044,0.032,0.048,#+INF,0,7.9
9/11/2021 4:00:00 PM,0.044,0.032,0.048,#+INF,0,7.9
9/11/2021 5:00:00 PM,0.044,0.032,0.048,#+INF,0,7.9
9/11/2021 6:00:00 PM,0.044,0.032,0.048,#+INF,0,7.9
9/11/2021 7:00:00 PM,0.044,0.032,0.048,#+INF,0,7.9
9/11/2021 8:00:00 PM,0.044,0.031,0.048,#+INF,0,7.9
9/11/2021 9:00:00 PM,0.044,0.031,0.048,#+INF,0,7.9
9/11/2021 10:00:00 PM,0.044,0.031,0.048,#+INF,0,7.9
9/11/2021 11:00:00 PM,0.044,0.031,0.049,#+INF,0,7.9
9/12/2021 12:00:00 AM,0.044,0.031,0.049,#+INF,0,7.9
9/12/2021 1:00:00 AM,0.044,0.031,0.049,#+INF,0,7.9
9/12/2021 2:00:00 AM,0.044,0.031,0.048,#+INF,0,7.9
9/12/2021 3:00:00 AM,0.044,0.031,0.049,#+INF,0,7.9
9/12/2021 4:00:00 AM,0.044,0.031,0.049,#+INF,0,7.9
9/12/2021 5:00:00 AM,0.044,0.032,0.049,#+INF,0,7.9
9/12/2021 6:00:00 AM,0.044,0.032,0.049,#+INF,0,7.9
9/12/2021 7:00:00 AM,0.044,0.032,0.049,#+INF,0,7.9
9/12/2021 8:00:00 AM,0.044,0.032,0.049,#+INF,0,7.9
9/12/2021 9:00:00 AM,0.044,0.032,0.049,#+INF,0,7.9
9/12/2021 10:00:00 AM,0.044,0.032,0.049,#+INF,0,7.9
9/12/2021 11:00:00 AM,0.044,0.032,0.048,#+INF,0,7.9
9/12/2021 12:00:00 PM,0.044,0.032,0.048,#+INF,0,7.9
9/12/2021 1:00:00 PM,0.044,0.033,0.048,#+INF,0,7.9
9/12/2021 2:00:00 PM,0.044,0.033,0.048,#+INF,0,7.9
9/12/2021 3:00:00 PM,0.044,0.033,0.048,#+INF,0,7.9
9/12/2021 4:00:00 PM,0.044,0.033,0.048,#+INF,0,7.9
9/12/2021 5:00:00 PM,0.044,0.033,0.048,#+INF,0,7.9
9/12/2021 6:00:00 PM,0.044,0.032,0.048,#+INF,0,7.9
9/12/2021 7:00:00 PM,0.044,0.032,0.048,#+INF,0,7.9
9/12/2021 8:00:00 PM,0.044,0.032,0.048,#+INF,0,7.9
9/12/2021 9:00:00 PM,0.044,0.032,0.048,#+INF,0,7.9
9/12/2021 10:00:00 PM,0.044,0.032,0.048,#+INF,0,7.9
9/12/2021 11:00:00 PM,0.044,0.032,0.048,#+INF,0,7.9
9/13/2021 12:00:00 AM,0.044,0.032,0.048,#+INF,0,7.9
9/13/2021 1:00:00 AM,0.044,0.032,0.048,#+INF,0,7.9
9/13/2021 2:00:00 AM,0.044,0.032,0.048,#+INF,0,7.9
9/13/2021 3:00:00 AM,0.044,0.032,0.048,#+INF,0,7.8
9/13/2021 4:00:00 AM,0.044,0.032,0.048,#+INF,0,7.8
9/13/2021 5:00:00 AM,0.044,0.032,0.048,#+INF,0,7.8
9/13/2021 6:00:00 AM,0.044,0.032,0.048,#+INF,0,7.8
9/13/2021 7:00:00 AM,0.044,0.032,0.048,#+INF,0,7.8
9/13/2021 8:00:00 AM,0.044,0.032,0.048,#+INF,0,7.8
9/13/2021 9:00:00 AM,0.044,0.032,0.048,#+INF,0,7.8
9/13/2021 10:00:00 AM,0.044,0.033,0.048,#+INF,0,7.9
9/13/2021 11:00:00 AM,0.044,0.033,0.048,#+INF,0,7.9
9/13/2021 12:00:00 PM,0.044,0.034,0.048,#+INF,0,7.9
9/13/2021 1:00:00 PM,0.044,0.034,0.048,#+INF,0,7.9
9/13/2021 2:00:00 PM,0.044,0.034,0.048,#+INF,0,7.9
9/13/2021 3:00:00 PM,0.044,0.033,0.048,#+INF,0,7.9
9/13/2021 4:00:00 PM,0.044,0.033,0.048,#+INF,0,7.9
9/13/2021 5:00:00 PM,0.044,0.033,0.048,#+INF,0,7.9
9/13/2021 6:00:00 PM,0.044,0.033,0.048,#+INF,0,7.9
9/13/2021 7:00:00 PM,0.044,0.033,0.048,#+INF,0,7.9
9/13/2021 8:00:00 PM,0.044,0.032,0.048,#+INF,0,7.9
9/13/2021 9:00:00 PM,0.044,0.032,0.048,#+INF,0,7.9
9/13/2021 10:00:00 PM,0.044,0.032,0.048,#+INF,0,7.9
9/13/2021 11:00:00 PM,0.044,0.032,0.048,#+INF,0,7.9
9/14/2021 12:00:00 AM,0.044,0.032,0.048,#+INF,0,7.9
9/14/2021 1:00:00 AM,0.044,0.032,0.048,#+INF,0,7.9
9/14/2021 2:00:00 AM,0.043,0.032,0.048,#+INF,0,7.9
9/14/2021 3:00:00 AM,0.043,0.032,0.048,#+INF,0,7.9
9/14/2021 4:00:00 AM,0.043,0.032,0.048,#+INF,0,7.9
9/14/2021 5:00:00 AM,0.043,0.032,0.048,#+INF,0,7.9
9/14/2021 6:00:00 AM,0.043,0.032,0.048,#+INF,0,7.9
9/14/2021 7:00:00 AM,0.043,0.032,0.048,#+INF,0,7.8
9/14/2021 8:00:00 AM,0.043,0.032,0.048,#+INF,0,7.8
9/14/2021 9:00:00 AM,0.043,0.032,0.048,#+INF,0,7.8
9/14/2021 10:00:00 AM,0.043,0.032,0.048,#+INF,0,7.9
9/14/2021 11:00:00 AM,0.043,0.033,0.048,#+INF,0,7.9
9/14/2021 12:00:00 PM,0.043,0.033,0.048,#+INF,0,7.9
9/14/2021 1:00:00 PM,0.043,0.033,0.048,#+INF,0,7.9
9/14/2021 2:00:00 PM,0.043,0.033,0.048,#+INF,0,7.9
9/14/2021 3:00:00 PM,0.043,0.033,0.048,#+INF,0,7.9
9/14/2021 4:00:00 PM,0.043,0.033,0.048,#+INF,0,7.9
9/14/2021 5:00:00 PM,0.043,0.033,0.048,#+INF,0,7.9
9/14/2021 6:00:00 PM,0.043,0.033,0.048,#+INF,0,7.9
9/14/2021 7:00:00 PM,0.043,0.032,0.048,#+INF,0,7.9
9/14/2021 8:00:00 PM,0.043,0.032,0.048,#+INF,0,7.9
9/14/2021 9:00:00 PM,0.043,0.032,0.048,#+INF,0,7.9
9/14/2021 10:00:00 PM,0.043,0.032,0.048,#+INF,0,7.9
9/14/2021 11:00:00 PM,0.043,0.032,0.048,#+INF,0,7.9
9/15/2021 12:00:00 AM,0.043,0.032,0.048,#+INF,0,7.9
9/15/2021 1:00:00 AM,0.043,0.032,0.048,#+INF,0,7.9
9/15/2021 2:00:00 AM,0.043,0.032,0.048,#+INF,0,7.9
9/15/2021 3:00:00 AM,0.043,0.031,0.048,#+INF,0,7.9
9/15/2021 4:00:00 AM,0.043,0.031,0.048,#+INF,0,7.9
9/15/2021 5:00:00 AM,0.043,0.031,0.048,#+INF,0,7.9
9/15/2021 6:00:00 AM,0.043,0.031,0.048,#+INF,0,7.9
9/15/2021 7:00:00 AM,0.043,0.031,0.048,#+INF,0,7.9
9/15/2021 8:00:00 AM,0.043,0.031,0.048,#+INF,0,7.8
9/15/2021 9:00:00 AM,0.043,0.031,0.048,#+INF,0,7.8
9/15/2021 10:00:00 AM,0.043,0.031,0.048,#+INF,0,7.8
9/15/2021 11:00:00 AM,0.043,0.031,0.048,#+INF,0,7.8
9/15/2021 12:00:00 PM,0.043,0.029,0.048,#+INF,0,7.8
9/15/2021 1:00:00 PM,0.043,0.030,0.048,#+INF,0,7.9
9/15/2021 2:00:00 PM,0.043,0.030,0.048,#+INF,0,7.9
9/15/2021 3:00:00 PM,0.043,0.030,0.047,#+INF,0,7.9
9/15/2021 4:00:00 PM,0.043,0.030,0.047,#+INF,0,7.9
9/15/2021 5:00:00 PM,0.043,0.029,0.047,#+INF,0,7.9
9/15/2021 6:00:00 PM,0.043,0.029,0.048,#+INF,0,7.9
9/15/2021 7:00:00 PM,0.043,0.029,0.048,#+INF,0,7.9
9/15/2021 8:00:00 PM,0.043,0.029,0.048,#+INF,0,7.9
9/15/2021 9:00:00 PM,0.043,0.029,0.048,#+INF,0,7.8
9/15/2021 10:00:00 PM,0.043,0.029,0.048,#+INF,0,7.8
9/15/2021 11:00:00 PM,0.043,0.029,0.048,#+INF,0,7.8
9/16/2021 12:00:00 AM,0.043,0.029,0.048,#+INF,0,7.8
9/16/2021 1:00:00 AM,0.043,0.029,0.048,#+INF,0,7.8
9/16/2021 2:00:00 AM,0.043,0.030,0.048,#+INF,0,7.8
9/16/2021 3:00:00 AM,0.043,0.030,0.048,#+INF,0,7.9
9/16/2021 4:00:00 AM,0.043,0.030,0.048,#+INF,0,7.9
9/16/2021 5:00:00 AM,0.043,0.030,0.048,#+INF,0,7.8
9/16/2021 6:00:00 AM,0.043,0.030,0.048,#+INF,0,7.8
9/16/2021 7:00:00 AM,0.043,0.030,0.048,#+INF,0,7.8
9/16/2021 8:00:00 AM,0.043,0.030,0.048,#+INF,0,7.8
9/16/2021 9:00:00 AM,0.042,0.030,0.047,#+INF,0,7.8
9/16/2021 10:00:00 AM,0.042,0.031,0.047,#+INF,0,7.9
9/16/2021 11:00:00 AM,0.042,0.031,0.047,#+INF,0,7.9
9/16/2021 12:00:00 PM,0.042,0.031,0.047,#+INF,0,7.9
9/16/2021 1:00:00 PM,0.042,0.031,0.047,#+INF,0,7.9
9/16/2021 2:00:00 PM,0.042,0.031,0.047,#+INF,0,7.9
9/16/2021 3:00:00 PM,0.042,0.031,0.047,#+INF,0,7.9
9/16/2021 4:00:00 PM,0.042,0.031,0.047,#+INF,0,7.9
9/16/2021 5:00:00 PM,0.042,0.030,0.047,#+INF,0,7.9
9/16/2021 6:00:00 PM,0.042,0.030,0.047,#+INF,0,7.9
9/16/2021 7:00:00 PM,0.042,0.030,0.047,#+INF,0,7.9
9/16/2021 8:00:00 PM,0.042,0.030,0.047,#+INF,0,7.9
9/16/2021 9:00:00 PM,0.042,0.029,0.047,#+INF,0,7.9
9/16/2021 10:00:00 PM,0.042,0.029,0.047,#+INF,0,7.9
9/16/2021 11:00:00 PM,0.042,0.029,0.047,#+INF,0,7.8
9/17/2021 12:00:00 AM,0.042,0.029,0.047,#+INF,0,7.9
9/17/2021 1:00:00 AM,0.042,0.030,0.047,#+INF,0,7.9
9/17/2021 2:00:00 AM,0.042,0.030,0.047,#+INF,0,7.9
9/17/2021 3:00:00 AM,0.042,0.030,0.047,#+INF,0,7.9
9/17/2021 4:00:00 AM,0.042,0.030,0.047,#+INF,0,7.9
9/17/2021 5:00:00 AM,0.042,0.030,0.047,#+INF,0,7.9
9/17/2021 6:00:00 AM,0.042,0.030,0.047,#+INF,0,7.9
9/17/2021 7:00:00 AM,0.042,0.030,0.047,#+INF,0,7.9
9/17/2021 8:00:00 AM,0.042,0.030,0.047,#+INF,0,7.9
9/17/2021 9:00:00 AM,0.042,0.030,0.047,#+INF,0,7.9
9/17/2021 10:00:00 AM,0.042,0.030,0.047,#+INF,0,7.9
9/17/2021 11:00:00 AM,0.042,0.030,0.047,#+INF,0,7.9
9/17/2021 12:00:00 PM,0.042,0.031,0.047,#+INF,0,7.9
9/17/2021 1:00:00 PM,0.042,0.030,0.047,#+INF,0,7.9
9/17/2021 2:00:00 PM,0.042,0.030,0.047,#+INF,0,7.9
9/17/2021 3:00:00 PM,0.042,0.030,0.047,#+INF,0,7.9
9/17/2021 4:00:00 PM,0.042,0.030,0.047,#+INF,0,7.9
