,Corrected Water Potential (MPa)
2022-05-12 14:00:00,-1.1892049494882264
2022-05-12 14:30:00,-1.172095389646673
2022-05-12 15:00:00,-1.1468352448619545
2022-05-12 15:30:00,-1.1283555192604224
2022-05-12 16:00:00,-1.1288564130082155
2022-05-12 16:30:00,-1.1468713510783244
2022-05-12 17:00:00,-1.1656047368654083
2022-05-12 17:30:00,-1.16501816516006
2022-05-12 18:00:00,-1.1338827869265533
2022-05-12 18:30:00,-1.0678650804814027
2022-05-12 19:00:00,-0.9626438195962751
2022-05-12 19:30:00,-0.81723363611482
2022-05-12 20:00:00,-0.7477791518993566
2022-05-12 20:30:00,-0.6783246676838932
2022-05-12 21:00:00,-0.6088701834684297
2022-05-12 21:30:00,-0.5394156992529663
2022-05-12 22:00:00,-0.4699612150375029
2022-05-12 22:30:00,-0.4005067308220394
2022-05-12 23:00:00,
2022-05-12 23:30:00,
2022-05-13 00:00:00,
2022-05-13 00:30:00,
2022-05-13 01:00:00,
2022-05-13 01:30:00,
2022-05-13 02:00:00,
2022-05-13 02:30:00,-0.1241180406899235
2022-05-13 03:00:00,-0.1241180406899235
2022-05-13 03:30:00,-0.1241180406899235
2022-05-13 04:00:00,-0.1241180406899235
2022-05-13 04:30:00,-0.1241180406899235
2022-05-13 05:00:00,-0.08611309082936001
2022-05-13 05:30:00,-0.06331905759023404
2022-05-13 06:00:00,-0.05820722225566157
2022-05-13 06:30:00,-0.06947190065818716
2022-05-13 07:00:00,-0.09643716044617279
2022-05-13 07:30:00,-0.1394783163279414
2022-05-13 08:00:00,-0.19710672479529792
2022-05-13 08:30:00,-0.26351776231355384
2022-05-13 09:00:00,-0.33105224660657595
2022-05-13 09:30:00,-0.3973023982937422
2022-05-13 10:00:00,-0.4697581655169287
2022-05-13 10:30:00,-0.5603810470703705
2022-05-13 11:00:00,-0.6721797643188003
2022-05-13 11:30:00,-0.7903173676375077
2022-05-13 12:00:00,-0.8881113873236851
2022-05-13 12:30:00,-0.9441099677090008
2022-05-13 13:00:00,-0.9558173726648929
2022-05-13 13:30:00,-0.9409780962363793
2022-05-13 14:00:00,-0.9286638577559727
2022-05-13 14:30:00,-0.9443272418505974
2022-05-13 15:00:00,-0.9919478406105776
2022-05-13 15:30:00,-1.0460557363982366
2022-05-13 16:00:00,-1.0690857636356512
2022-05-13 16:30:00,-1.0432391525117006
2022-05-13 17:00:00,-0.9830678635148271
2022-05-13 17:30:00,-0.9167666522166641
2022-05-13 18:00:00,-0.8615332287176557
2022-05-13 18:30:00,-0.816134332223903
2022-05-13 19:00:00,-0.7664422756688007
2022-05-13 19:30:00,-0.6937578666347033
2022-05-13 20:00:00,-0.5860138527557488
2022-05-13 20:30:00,-0.4489383629908532
2022-05-13 21:00:00,-0.30613388796581836
2022-05-13 21:30:00,-0.18535356997802516
2022-05-13 22:00:00,-0.10299505272683411
2022-05-13 22:30:00,-0.059102009808552645
2022-05-13 23:00:00,-0.04276941282503636
2022-05-13 23:30:00,-0.04041037766748277
2022-05-14 00:00:00,-0.041569887850474586
2022-05-14 00:30:00,-0.04107823809609739
2022-05-14 01:00:00,-0.0381674282061465
2022-05-14 01:30:00,-0.03401502371752103
2022-05-14 02:00:00,-0.029896276770108747
2022-05-14 02:30:00,-0.02681359167704903
2022-05-14 03:00:00,-0.025760274867911295
2022-05-14 03:30:00,-0.027653582496019423
2022-05-14 04:00:00,-0.032931023308660344
2022-05-14 04:30:00,-0.04129219159300603
2022-05-14 05:00:00,-0.051953313329305084
2022-05-14 05:30:00,-0.06451229950322118
2022-05-14 06:00:00,-0.08022350490575438
2022-05-14 06:30:00,-0.10324808199035675
2022-05-14 07:00:00,-0.1407773872918989
2022-05-14 07:30:00,-0.20055981128163328
2022-05-14 08:00:00,-0.2861131965222433
2022-05-14 08:30:00,-0.3934000054874863
2022-05-14 09:00:00,-0.512433702460359
2022-05-14 09:30:00,-0.6318360566707549
2022-05-14 10:00:00,-0.741846920884009
2022-05-14 10:30:00,-0.8355922363896362
2022-05-14 11:00:00,-0.9107409017946504
2022-05-14 11:30:00,-0.9698563003993123
2022-05-14 12:00:00,-1.0174425309023505
2022-05-14 12:30:00,-1.0565040234087728
2022-05-14 13:00:00,-1.0874574344367292
2022-05-14 13:30:00,-1.1084773807770036
2022-05-14 14:00:00,-1.1167195580405531
2022-05-14 14:30:00,-1.1099611778690264
2022-05-14 15:00:00,-1.0863745052647769
2022-05-14 15:30:00,-1.0439140626605825
2022-05-14 16:00:00,-0.9841251530811452
2022-05-14 16:30:00,-0.9171937969450669
2022-05-14 17:00:00,-0.8589388501385624
2022-05-14 17:30:00,-0.820176041535203
2022-05-14 18:00:00,-0.7979612822608065
2022-05-14 18:30:00,-0.7747387062167258
2022-05-14 19:00:00,-0.7268089828049974
2022-05-14 19:30:00,-0.6394671047641629
2022-05-14 20:00:00,-0.5182000726484971
2022-05-14 20:30:00,-0.3852703904929237
2022-05-14 21:00:00,-0.2650273943018412
2022-05-14 21:30:00,-0.17184099642854403
2022-05-14 22:00:00,-0.10869092277148669
2022-05-14 22:30:00,-0.07239036117525331
2022-05-14 23:00:00,-0.058280712022743694
2022-05-14 23:30:00,-0.061748903757230564
2022-05-15 00:00:00,-0.07742775896313227
2022-05-15 00:30:00,-0.0978132368101617
2022-05-15 01:00:00,-0.11414957420140644
2022-05-15 01:30:00,-0.12100363361523847
2022-05-15 02:00:00,-0.12027134414704253
2022-05-15 02:30:00,-0.11910642765628013
2022-05-15 03:00:00,-0.1236310422598097
2022-05-15 03:30:00,-0.1353435188680482
2022-05-15 04:00:00,-0.15262716966183626
2022-05-15 04:30:00,-0.17391871882938564
2022-05-15 05:00:00,-0.19900173943722624
2022-05-15 05:30:00,-0.22787524988030008
2022-05-15 06:00:00,-0.25895224036954856
2022-05-15 06:30:00,-0.289187531434383
2022-05-15 07:00:00,-0.3170141301490406
2022-05-15 07:30:00,-0.34553061831989224
2022-05-15 08:00:00,-0.3824620059124251
2022-05-15 08:30:00,-0.43623390454831207
2022-05-15 09:00:00,-0.5108123192900027
2022-05-15 09:30:00,-0.6034346664932785
2022-05-15 10:00:00,-0.7067401890519995
2022-05-15 10:30:00,-0.8121267154019528
2022-05-15 11:00:00,-0.9110152192002153
2022-05-15 11:30:00,-0.9955438525016276
2022-05-15 12:00:00,-1.0613314385863981
2022-05-15 12:30:00,-1.1099745132546712
2022-05-15 13:00:00,-1.146500638952261
2022-05-15 13:30:00,-1.1729063798991677
2022-05-15 14:00:00,-1.185090525375191
2022-05-15 14:30:00,-1.1768635391194766
2022-05-15 15:00:00,-1.145117461587133
2022-05-15 15:30:00,-1.0899745691775065
2022-05-15 16:00:00,-1.0129334279703994
2022-05-15 16:30:00,-0.9191344968129442
2022-05-15 17:00:00,-0.8212070415334041
2022-05-15 17:30:00,-0.7356362098608678
2022-05-15 18:00:00,-0.6709400824268337
2022-05-15 18:30:00,-0.6199428892275417
2022-05-15 19:00:00,-0.5656564578122931
2022-05-15 19:30:00,-0.49491783153827956
2022-05-15 20:00:00,-0.40700006155447155
2022-05-15 20:30:00,-0.3121384567774878
2022-05-15 21:00:00,-0.22438242618203288
2022-05-15 21:30:00,-0.15469986359481797
2022-05-15 22:00:00,-0.10719739443524841
2022-05-15 22:30:00,-0.07922442395996507
2022-05-15 23:00:00,-0.06451738597626956
2022-05-15 23:30:00,-0.05707391382588712
2022-05-16 00:00:00,-0.05342935877106955
2022-05-16 00:30:00,-0.05287914674796757
2022-05-16 01:00:00,-0.0564260160184918
2022-05-16 01:30:00,-0.06510771558545982
2022-05-16 02:00:00,-0.078341033452282
2022-05-16 02:30:00,-0.09326969216015499
2022-05-16 03:00:00,-0.10576520119194355
2022-05-16 03:30:00,-0.11259443668377003
2022-05-16 04:00:00,-0.11341178280397252
2022-05-16 04:30:00,-0.11110120197401424
2022-05-16 05:00:00,-0.11008951374406643
2022-05-16 05:30:00,-0.11433040019144611
2022-05-16 06:00:00,-0.12697617535251726
2022-05-16 06:30:00,-0.15121445958491128
2022-05-16 07:00:00,-0.19011731812783636
2022-05-16 07:30:00,-0.2453014176763355
2022-05-16 08:00:00,-0.3164599604230507
2022-05-16 08:30:00,-0.4022859106713132
2022-05-16 09:00:00,-0.5004334417054583
2022-05-16 09:30:00,-0.6055515095069811
2022-05-16 10:00:00,-0.7087919153307398
2022-05-16 10:30:00,-0.8017269621923356
2022-05-16 11:00:00,-0.8812995577813968
2022-05-16 11:30:00,-0.9497725427409547
2022-05-16 12:00:00,-1.0099792998573613
2022-05-16 12:30:00,-1.062356756973454
2022-05-16 13:00:00,-1.1065610907852093
2022-05-16 13:30:00,-1.142871764231524
2022-05-16 14:00:00,-1.1690549596332904
2022-05-16 14:30:00,-1.1771905613837939
2022-05-16 15:00:00,-1.1581384520657174
2022-05-16 15:30:00,-1.1116957672497076
2022-05-16 16:00:00,-1.0500140764268107
2022-05-16 16:30:00,-0.9876100915797641
2022-05-16 17:00:00,-0.9287786624557599
2022-05-16 17:30:00,-0.8676450244474023
2022-05-16 18:00:00,-0.7996001352524499
2022-05-16 18:30:00,-0.7280582112612988
2022-05-16 19:00:00,-0.6571071272623696
2022-05-16 19:30:00,-0.6080658855186035
2022-05-16 20:00:00,-0.5590246437748374
2022-05-16 20:30:00,-0.5099834020310713
2022-05-16 21:00:00,-0.46094216028730517
2022-05-16 21:30:00,-0.4119009185435391
2022-05-16 22:00:00,-0.362859676799773
2022-05-16 22:30:00,-0.3138184350560069
2022-05-16 23:00:00,-0.37598924589100685
2022-05-16 23:30:00,-0.3496925811107005
2022-05-17 00:00:00,-0.32339591633039416
2022-05-17 00:30:00,-0.29709925155008776
2022-05-17 01:00:00,
2022-05-17 01:30:00,
2022-05-17 02:00:00,
2022-05-17 02:30:00,
2022-05-17 03:00:00,
2022-05-17 03:30:00,-0.1393192628682497
2022-05-17 04:00:00,-0.11302259808794332
2022-05-17 04:30:00,-0.08672593330763698
2022-05-17 05:00:00,-0.060429268527330625
2022-05-17 05:30:00,-0.03413260374702427
2022-05-17 06:00:00,-0.03218328436772675
2022-05-17 06:30:00,-0.03673157549790028
2022-05-17 07:00:00,-0.05144464820528337
2022-05-17 07:30:00,-0.08021483030847154
2022-05-17 08:00:00,-0.12596254425385875
2022-05-17 08:30:00,-0.1886411002818714
2022-05-17 09:00:00,-0.26477719331224076
2022-05-17 09:30:00,-0.3492982055096108
2022-05-17 10:00:00,-0.43767632785433364
2022-05-17 10:30:00,-0.5259819033122739
2022-05-17 11:00:00,-0.609140186496695
2022-05-17 11:30:00,-0.6805275218576087
2022-05-17 12:00:00,-0.7350539994550332
2022-05-17 12:30:00,-0.7731743765394431
2022-05-17 13:00:00,-0.8002536722416144
2022-05-17 13:30:00,-0.8203996831371205
2022-05-17 14:00:00,-0.8320991040816346
2022-05-17 14:30:00,-0.8327421114692545
2022-05-17 15:00:00,-0.8277449074378708
2022-05-17 15:30:00,-0.8315819018201007
2022-05-17 16:00:00,-0.8551546443542778
2022-05-17 16:30:00,-0.8910193053978294
2022-05-17 17:00:00,-0.9141422901362893
2022-05-17 17:30:00,-0.900159604420634
2022-05-17 18:00:00,-0.84347616707343
2022-05-17 18:30:00,-0.75910043211514
2022-05-17 19:00:00,-0.669693238246101
2022-05-17 19:30:00,-0.5902608310138131
2022-05-17 20:00:00,-0.5210244172372884
2022-05-17 20:30:00,-0.45228935025955597
2022-05-17 21:00:00,-0.37650732426856337
2022-05-17 21:30:00,-0.29625020503984506
2022-05-17 22:00:00,-0.22124079938738417
2022-05-17 22:30:00,-0.15986489231963505
2022-05-17 23:00:00,-0.11459853153304862
2022-05-17 23:30:00,-0.08335658525313021
2022-05-18 00:00:00,-0.06236023690057852
2022-05-18 00:30:00,-0.04786978121765011
2022-05-18 01:00:00,-0.03730655858860331
2022-05-18 01:30:00,-0.02981349037862703
2022-05-18 02:00:00,-0.025398321306822482
2022-05-18 02:30:00,-0.023457027008581217
2022-05-18 03:00:00,-0.022410139810807656
2022-05-18 03:30:00,-0.0207636333117897
2022-05-18 04:00:00,-0.018305172331653248
2022-05-18 04:30:00,-0.01637573160351046
2022-05-18 05:00:00,-0.017403281640335836
2022-05-18 05:30:00,-0.024442492852348303
2022-05-18 06:00:00,-0.04070027507991788
2022-05-18 06:30:00,-0.06868841636217367
2022-05-18 07:00:00,-0.1097186136122558
2022-05-18 07:30:00,-0.16476053942317476
2022-05-18 08:00:00,-0.23566217591098065
2022-05-18 08:30:00,-0.3243057161487224
2022-05-18 09:00:00,-0.42876657884066594
2022-05-18 09:30:00,-0.5389218873624033
2022-05-18 10:00:00,-0.6364478579652858
2022-05-18 10:30:00,-0.7023330732963254
2022-05-18 11:00:00,-0.7279282196931836
2022-05-18 11:30:00,-0.7204666953482536
2022-05-18 12:00:00,-0.6975535223827352
2022-05-18 12:30:00,-0.6738692181446309
2022-05-18 13:00:00,-0.6506803921049059
2022-05-18 13:30:00,-0.6179037987261078
2022-05-18 14:00:00,-0.566119585178109
2022-05-18 14:30:00,-0.49515157522376113
2022-05-18 15:00:00,-0.4123753375633417
2022-05-18 15:30:00,-0.32726583672953236
2022-05-18 16:00:00,-0.24954776177252566
2022-05-18 16:30:00,-0.190027177061481
2022-05-18 17:00:00,-0.15982490005635563
2022-05-18 17:30:00,-0.16690090015954465
2022-05-18 18:00:00,-0.2125824844580088
2022-05-18 18:30:00,-0.2910514731734711
2022-05-18 19:00:00,-0.3904093277776329
2022-05-18 19:30:00,-0.49273513792225965
2022-05-18 20:00:00,-0.5762886436683873
2022-05-18 20:30:00,-0.6242175863310601
2022-05-18 21:00:00,-0.6340411581050616
2022-05-18 21:30:00,-0.616899295686346
2022-05-18 22:00:00,-0.5870007727306632
2022-05-18 22:30:00,-0.5531791991299944
2022-05-18 23:00:00,-0.518967119197624
2022-05-18 23:30:00,-0.48591701154985534
2022-05-19 00:00:00,-0.4542741284252524
2022-05-19 00:30:00,-0.42234796026063826
2022-05-19 01:00:00,-0.3879435793148517
2022-05-19 01:30:00,-0.35098789838599503
2022-05-19 02:00:00,-0.3145139308360551
2022-05-19 02:30:00,-0.2834755296702943
2022-05-19 03:00:00,-0.26252792591570256
2022-05-19 03:30:00,-0.25375644003007974
2022-05-19 04:00:00,-0.25533295883197105
2022-05-19 04:30:00,-0.2622255323444661
2022-05-19 05:00:00,-0.2690113627161645
2022-05-19 05:30:00,-0.273150516720676
2022-05-19 06:00:00,-0.2761604064286322
2022-05-19 06:30:00,-0.2816987089947576
2022-05-19 07:00:00,-0.29270391126410683
2022-05-19 07:30:00,-0.31043364288931824
2022-05-19 08:00:00,-0.3354650382359051
2022-05-19 08:30:00,-0.36868256613416084
2022-05-19 09:00:00,-0.4111127839580196
2022-05-19 09:30:00,-0.46291474230784896
2022-05-19 10:00:00,-0.5219102928545162
2022-05-19 10:30:00,-0.5822684653061663
2022-05-19 11:00:00,-0.634725679441571
2022-05-19 11:30:00,-0.6688512441701615
2022-05-19 12:00:00,-0.6759255267513563
2022-05-19 12:30:00,-0.6510323462570903
2022-05-19 13:00:00,-0.5946844347243295
2022-05-19 13:30:00,-0.5141742377938628
2022-05-19 14:00:00,-0.4229097552448935
2022-05-19 14:30:00,-0.33626190349492097
2022-05-19 15:00:00,-0.2657693390833209
2022-05-19 15:30:00,-0.21563438522617914
2022-05-19 16:00:00,-0.1834430384717138
2022-05-19 16:30:00,-0.16371068137299283
2022-05-19 17:00:00,-0.1513141865588738
2022-05-19 17:30:00,-0.1428011432277868
2022-05-19 18:00:00,-0.13600506321489086
2022-05-19 18:30:00,-0.1298045210893923
2022-05-19 19:00:00,-0.12457209682026238
2022-05-19 19:30:00,-0.1220034311563508
2022-05-19 20:00:00,-0.12355065978660089
2022-05-19 20:30:00,-0.12866729071499022
2022-05-19 21:00:00,-0.13471479001309872
2022-05-19 21:30:00,-0.1388716498353617
2022-05-19 22:00:00,-0.1402430729578147
2022-05-19 22:30:00,-0.13995163262931318
2022-05-19 23:00:00,-0.13931416215952905
2022-05-19 23:30:00,-0.13866193094802468
2022-05-20 00:00:00,-0.13812247594870847
2022-05-20 00:30:00,-0.1384858675378477
2022-05-20 01:00:00,-0.14039182459466917
2022-05-20 01:30:00,-0.1430131705258695
2022-05-20 02:00:00,-0.14417567090419203
2022-05-20 02:30:00,-0.14177942179503514
2022-05-20 03:00:00,-0.13499159098928465
2022-05-20 03:30:00,-0.12444559837290448
2022-05-20 04:00:00,-0.11196276395589277
2022-05-20 04:30:00,-0.10039901010674016
2022-05-20 05:00:00,-0.09324865089659821
2022-05-20 05:30:00,-0.09333946306880685
2022-05-20 06:00:00,-0.10134476622433213
2022-05-20 06:30:00,-0.11585825643172014
2022-05-20 07:00:00,-0.1352453319764376
2022-05-20 07:30:00,-0.15932827462865634
2022-05-20 08:00:00,-0.1893752974948531
2022-05-20 08:30:00,-0.22685276058388448
2022-05-20 09:00:00,-0.2719157589490972
2022-05-20 09:30:00,-0.3219766924536108
2022-05-20 10:00:00,-0.3712742046282204
2022-05-20 10:30:00,-0.41272352587501676
2022-05-20 11:00:00,-0.4412836924634044
2022-05-20 11:30:00,-0.4561230490484352
2022-05-20 12:00:00,-0.4605610301274759
2022-05-20 12:30:00,-0.46098406750654386
2022-05-20 13:00:00,-0.4644397307746696
2022-05-20 13:30:00,-0.4736962917023669
2022-05-20 14:00:00,-0.4837127283746887
2022-05-20 14:30:00,-0.48564299885409123
2022-05-20 15:00:00,-0.47597563110613345
2022-05-20 15:30:00,-0.4600843897967434
2022-05-20 16:00:00,-0.44537927787620746
2022-05-20 16:30:00,-0.4325513801149403
2022-05-20 17:00:00,-0.4153801980157192
2022-05-20 17:30:00,-0.3883572297315914
2022-05-20 18:00:00,-0.3527441379514986
2022-05-20 18:30:00,-0.3152175024342572
2022-05-20 19:00:00,-0.2822309235374243
2022-05-20 19:30:00,-0.2563130196259686
2022-05-20 20:00:00,-0.23615554970613972
2022-05-20 20:30:00,-0.21845455525649707
2022-05-20 21:00:00,-0.20001938461337326
2022-05-20 21:30:00,-0.1797830735858541
2022-05-20 22:00:00,-0.15964194858414063
2022-05-20 22:30:00,-0.14282498427057486
2022-05-20 23:00:00,-0.13104832112457798
2022-05-20 23:30:00,-0.1231575345058774
2022-05-21 00:00:00,-0.11612914128546536
2022-05-21 00:30:00,-0.10726629863044468
2022-05-21 01:00:00,-0.09611131861596096
2022-05-21 01:30:00,-0.0848270952137504
2022-05-21 02:00:00,-0.07635160226134427
2022-05-21 02:30:00,-0.0717746764481541
2022-05-21 03:00:00,-0.06979558604123326
2022-05-21 03:30:00,-0.06860880134067054
2022-05-21 04:00:00,-0.06729773402951608
2022-05-21 04:30:00,-0.06520685966379325
2022-05-21 05:00:00,-0.061436959335878776
2022-05-21 05:30:00,-0.05610481364819799
2022-05-21 06:00:00,-0.0515394784312363
2022-05-21 06:30:00,-0.05179608343272786
2022-05-21 07:00:00,-0.062284426431769575
2022-05-21 07:30:00,-0.09058512529177194
2022-05-21 08:00:00,-0.14534824633143867
2022-05-21 08:30:00,-0.23062715400523745
2022-05-21 09:00:00,-0.3397068983038151
2022-05-21 09:30:00,-0.455772823614164
2022-05-21 10:00:00,-0.5600426306672417
2022-05-21 10:30:00,-0.640303448893413
2022-05-21 11:00:00,-0.6940791035842342
2022-05-21 11:30:00,-0.7265374557601273
2022-05-21 12:00:00,-0.7459419068688202
2022-05-21 12:30:00,-0.7592147689058216
2022-05-21 13:00:00,-0.7694203597803696
2022-05-21 13:30:00,-0.7760206914575393
2022-05-21 14:00:00,-0.7776457651323808
2022-05-21 14:30:00,-0.7756029266244507
2022-05-21 15:00:00,-0.7755763363236352
2022-05-21 15:30:00,-0.7858978123935091
2022-05-21 16:00:00,-0.8134815473085965
2022-05-21 16:30:00,-0.8599189847845204
2022-05-21 17:00:00,-0.9192171378385247
2022-05-21 17:30:00,-0.9778478741729367
2022-05-21 18:00:00,-1.0194564519696592
2022-05-21 18:30:00,-1.0331949583963222
2022-05-21 19:00:00,-1.0162751749217882
2022-05-21 19:30:00,-0.9663041246740328
2022-05-21 20:00:00,-0.8760058284448653
2022-05-21 20:30:00,-0.7422247927279723
2022-05-21 21:00:00,-0.5786970001510604
2022-05-21 21:30:00,-0.41392532988827924
2022-05-21 22:00:00,-0.2750338441373222
2022-05-21 22:30:00,-0.174800689751452
2022-05-21 23:00:00,-0.11146680023947798
2022-05-21 23:30:00,-0.0760188770172527
2022-05-22 00:00:00,-0.05860268140523224
2022-05-22 00:30:00,-0.051432663180298085
2022-05-22 01:00:00,-0.05002130964556836
2022-05-22 01:30:00,-0.05383492440285733
2022-05-22 02:00:00,-0.0576485391601463
2022-05-22 02:30:00,-0.061462153917435265
2022-05-22 03:00:00,-0.06527576867472423
2022-05-22 03:30:00,
2022-05-22 04:00:00,
2022-05-22 04:30:00,
2022-05-22 05:00:00,
2022-05-22 05:30:00,
2022-05-22 06:00:00,
2022-05-22 06:30:00,
2022-05-22 07:00:00,-0.09578468673303596
2022-05-22 07:30:00,-0.09959830149032493
2022-05-22 08:00:00,-0.1034119162476139
2022-05-22 08:30:00,-0.10722553100490287
2022-05-22 09:00:00,-0.3365150923675137
2022-05-22 09:30:00,-0.4982294949835754
2022-05-22 10:00:00,-0.6599438975996371
2022-05-22 10:30:00,-0.8216583002156989
2022-05-22 11:00:00,-0.9833727028317605
2022-05-22 11:30:00,-1.1450871054478222
2022-05-22 12:00:00,-1.125233151346901
2022-05-22 12:30:00,-1.1168601957162563
2022-05-22 13:00:00,-1.1236885978864495
2022-05-22 13:30:00,-1.1394138927001534
2022-05-22 14:00:00,-1.1566841081208343
2022-05-22 14:30:00,-1.1743025666147577
2022-05-22 15:00:00,-1.1960079982754714
2022-05-22 15:30:00,-1.2229810700527748
2022-05-22 16:00:00,-1.2491536335330855
2022-05-22 16:30:00,-1.264816118007358
2022-05-22 17:00:00,-1.263761889697876
2022-05-22 17:30:00,-1.2450801836636465
2022-05-22 18:00:00,-1.2083534993968998
2022-05-22 18:30:00,-1.149838172726083
2022-05-22 19:00:00,-1.0648862079682053
2022-05-22 19:30:00,-0.9528576105902055
2022-05-22 20:00:00,-0.8187146785690673
2022-05-22 20:30:00,-0.6713522858553491
2022-05-22 21:00:00,-0.5219083259118628
2022-05-22 21:30:00,-0.3825180087578952
2022-05-22 22:00:00,-0.2640541237513098
2022-05-22 22:30:00,-0.1732189287408372
2022-05-22 23:00:00,-0.11103914576219183
2022-05-22 23:30:00,-0.073664954344762
2022-05-23 00:00:00,-0.05438957781585228
2022-05-23 00:30:00,-0.04568623041914167
2022-05-23 01:00:00,-0.040991575519422625
2022-05-23 01:30:00,-0.036179494688283
2022-05-23 02:00:00,-0.03009780058872001
2022-05-23 02:30:00,-0.02365830281854069
2022-05-23 03:00:00,-0.018186475149010412
2022-05-23 03:30:00,-0.014356744898943695
2022-05-23 04:00:00,-0.012175893889782491
2022-05-23 04:30:00,-0.011484156983060165
2022-05-23 05:00:00,-0.012455592571210898
2022-05-23 05:30:00,-0.015976814469421004
2022-05-23 06:00:00,-0.024015272499956185
2022-05-23 06:30:00,-0.04017118882952264
2022-05-23 07:00:00,-0.07031649577371665
2022-05-23 07:30:00,-0.12206445313043589
2022-05-23 08:00:00,-0.201540025810405
2022-05-23 08:30:00,-0.3086638026221588
2022-05-23 09:00:00,-0.4351849535952247
2022-05-23 09:30:00,-0.5677164531763096
2022-05-23 10:00:00,-0.6929630198524432
2022-05-23 10:30:00,-0.8013332493749633
2022-05-23 11:00:00,-0.8881600634775465
2022-05-23 11:30:00,-0.9533581051676201
2022-05-23 12:00:00,-1.0003248312366333
2022-05-23 12:30:00,-1.0347724461154557
2022-05-23 13:00:00,-1.0634931187819476
2022-05-23 13:30:00,-1.0923721407199836
2022-05-23 14:00:00,-1.1245777777321073
2022-05-23 14:30:00,-1.1603454112190188
2022-05-23 15:00:00,-1.196955209697255
2022-05-23 15:30:00,-1.2270637403988027
2022-05-23 16:00:00,-1.239030594708221
2022-05-23 16:30:00,-1.2233877667549125
2022-05-23 17:00:00,-1.1803483083758954
2022-05-23 17:30:00,-1.1194168488704161
2022-05-23 18:00:00,-1.0520210157516208
2022-05-23 18:30:00,-0.9853372694003191
2022-05-23 19:00:00,-0.9203088493990883
2022-05-23 19:30:00,-0.8519541903776601
2022-05-23 20:00:00,-0.772139765951977
2022-05-23 20:30:00,-0.6749741849333606
2022-05-23 21:00:00,-0.5614381477427294
2022-05-23 21:30:00,-0.4399003420874368
2022-05-23 22:00:00,-0.32308857966467386
2022-05-23 22:30:00,-0.2236166753732049
2022-05-23 23:00:00,-0.1494958769427215
2022-05-23 23:30:00,-0.10118230374246304
2022-05-24 00:00:00,-0.07237292960828227
2022-05-24 00:30:00,-0.05453460828319952
2022-05-24 01:00:00,-0.04173380233331781
2022-05-24 01:30:00,-0.03208997351553821
2022-05-24 02:00:00,-0.025877120835708332
2022-05-24 02:30:00,-0.02317891547198466
2022-05-24 03:00:00,-0.023126983844587393
2022-05-24 03:30:00,-0.02437279423719095
2022-05-24 04:00:00,-0.025761060742233666
2022-05-24 04:30:00,-0.026774000476729003
2022-05-24 05:00:00,-0.027634019304669518
2022-05-24 05:30:00,-0.02911386220773042
2022-05-24 06:00:00,-0.032444861573653457
2022-05-24 06:30:00,-0.039507155720326655
2022-05-24 07:00:00,-0.053035027333455324
2022-05-24 07:30:00,-0.07691189737262277
2022-05-24 08:00:00,-0.1168173638405589
2022-05-24 08:30:00,-0.18022738228893126
2022-05-24 09:00:00,-0.27376588945325586
2022-05-24 09:30:00,-0.39792079575420836
2022-05-24 10:00:00,-0.5428520280758427
2022-05-24 10:30:00,-0.6897328857198158
2022-05-24 11:00:00,-0.8180342759449751
2022-05-24 11:30:00,-0.9142788792861415
2022-05-24 12:00:00,-0.9766526016089337
2022-05-24 12:30:00,-1.0127145084466516
2022-05-24 13:00:00,-1.032266648486767
2022-05-24 13:30:00,-1.0418421400104163
2022-05-24 14:00:00,-1.045452225652448
2022-05-24 14:30:00,-1.0477785807862987
2022-05-24 15:00:00,-1.05301775897388
2022-05-24 15:30:00,-1.0608687534338934
2022-05-24 16:00:00,-1.066559180602794
2022-05-24 16:30:00,-1.0643826639938223
2022-05-24 17:00:00,-1.0481520010347343
2022-05-24 17:30:00,-1.0091909484082886
2022-05-24 18:00:00,-0.9394326682371844
2022-05-24 18:30:00,-0.840178584774929
2022-05-24 19:00:00,-0.7265564982566439
2022-05-24 19:30:00,-0.6203501913171927
2022-05-24 20:00:00,-0.5365585331216235
2022-05-24 20:30:00,-0.47550318738911573
2022-05-24 21:00:00,-0.4261724070241359
2022-05-24 21:30:00,-0.376391929200417
2022-05-24 22:00:00,-0.3211706698799736
2022-05-24 22:30:00,-0.26407236248023197
2022-05-24 23:00:00,-0.21259169255724472
2022-05-24 23:30:00,-0.17231249271483579
2022-05-25 00:00:00,-0.14425847373426692
2022-05-25 00:30:00,-0.12607758213853137
2022-05-25 01:00:00,-0.11454157332148181
2022-05-25 01:30:00,-0.10711493530363762
2022-05-25 02:00:00,-0.10229970423251755
2022-05-25 02:30:00,-0.09941278539205917
2022-05-25 03:00:00,-0.09834496520701959
2022-05-25 03:30:00,-0.09943568544474546
2022-05-25 04:00:00,-0.10325308548492834
2022-05-25 04:30:00,-0.11030847575119447
2022-05-25 05:00:00,-0.1210323121631934
2022-05-25 05:30:00,-0.13581114637441416
2022-05-25 06:00:00,-0.15471949514421576
2022-05-25 06:30:00,-0.17745264151819395
2022-05-25 07:00:00,-0.20414523719059433
2022-05-25 07:30:00,-0.2361694596918985
2022-05-25 08:00:00,-0.27543842628646276
2022-05-25 08:30:00,-0.3229329959902085
2022-05-25 09:00:00,-0.3789625336656829
2022-05-25 09:30:00,-0.4453961785914627
2022-05-25 10:00:00,-0.5263804145060106
2022-05-25 10:30:00,-0.6251376088181819
2022-05-25 11:00:00,-0.7393673955258989
2022-05-25 11:30:00,-0.8594558924716542
2022-05-25 12:00:00,-0.9708603086420862
2022-05-25 12:30:00,-1.05938619105403
2022-05-25 13:00:00,-1.1172425299021258
2022-05-25 13:30:00,-1.1468902918442274
2022-05-25 14:00:00,-1.1586923579810087
2022-05-25 14:30:00,-1.1620744439850632
2022-05-25 15:00:00,-1.1575947478297162
2022-05-25 15:30:00,-1.1391173007525504
2022-05-25 16:00:00,-1.1048453910548428
2022-05-25 16:30:00,-1.0639694091612022
2022-05-25 17:00:00,-1.0299251357558379
2022-05-25 17:30:00,-1.007736512538037
2022-05-25 18:00:00,-0.9893268329648497
2022-05-25 18:30:00,-0.960264067600412
2022-05-25 19:00:00,-0.9101751672575363
2022-05-25 19:30:00,-0.8384411430912675
2022-05-25 20:00:00,-0.7523643426392866
2022-05-25 20:30:00,-0.660818785155359
2022-05-25 21:00:00,-0.5696635491683253
2022-05-25 21:30:00,-0.48253188082162046
2022-05-25 22:00:00,-0.40396663177393755
2022-05-25 22:30:00,-0.3397233695250658
2022-05-25 23:00:00,-0.29326577826074984
2022-05-25 23:30:00,-0.26256398604391645
2022-05-26 00:00:00,-0.24109553045334223
2022-05-26 00:30:00,-0.2222023048372106
2022-05-26 01:00:00,-0.20255850077687806
2022-05-26 01:30:00,-0.1821396879150369
2022-05-26 02:00:00,-0.16231166080110387
2022-05-26 02:30:00,-0.14486053638269744
2022-05-26 03:00:00,-0.13230311504145845
2022-05-26 03:30:00,-0.12780845691722859
2022-05-26 04:00:00,-0.13406189562713877
2022-05-26 04:30:00,-0.15192898768879298
2022-05-26 05:00:00,-0.17939874457199756
2022-05-26 05:30:00,-0.21078506406852365
2022-05-26 06:00:00,-0.23736421149673562
2022-05-26 06:30:00,-0.2509198476841188
2022-05-26 07:00:00,-0.24879936439181533
2022-05-26 07:30:00,-0.23639399549520235
2022-05-26 08:00:00,-0.22470088661612622
2022-05-26 08:30:00,-0.22499849593593269
2022-05-26 09:00:00,-0.2443949919946428
2022-05-26 09:30:00,-0.28433053440666534
2022-05-26 10:00:00,-0.34215061134298
2022-05-26 10:30:00,-0.4146526484000828
2022-05-26 11:00:00,-0.501355169788758
2022-05-26 11:30:00,-0.6048845509832264
2022-05-26 12:00:00,-0.7276281194126465
2022-05-26 12:30:00,-0.8664278833774152
2022-05-26 13:00:00,-1.009177098965208
2022-05-26 13:30:00,-1.1372903077141563
2022-05-26 14:00:00,-1.234270907375439
2022-05-26 14:30:00,-1.2940287873005667
2022-05-26 15:00:00,-1.3210003127694263
2022-05-26 15:30:00,-1.3219843683764108
2022-05-26 16:00:00,-1.2986300291507036
2022-05-26 16:30:00,-1.2482444583667474
2022-05-26 17:00:00,-1.1711262161649219
2022-05-26 17:30:00,-1.0763823461724882
2022-05-26 18:00:00,-0.9803178662894734
2022-05-26 18:30:00,-0.89802203575591
2022-05-26 19:00:00,-0.8339762174794914
2022-05-26 19:30:00,-0.778117340393995
2022-05-26 20:00:00,-0.7111906966070086
2022-05-26 20:30:00,-0.6180156775342466
2022-05-26 21:00:00,-0.49945773572412405
2022-05-26 21:30:00,-0.3724550930389784
2022-05-26 22:00:00,-0.258692474524353
2022-05-26 22:30:00,-0.172949575950351
2022-05-26 23:00:00,-0.11914613689463323
2022-05-26 23:30:00,-0.09288023451646178
2022-05-27 00:00:00,-0.08576339799721779
2022-05-27 00:30:00,-0.08903286605214998
2022-05-27 01:00:00,-0.09596726871121257
2022-05-27 01:30:00,-0.10281013574839751
2022-05-27 02:00:00,-0.10819973040706388
2022-05-27 02:30:00,-0.11178317799816863
2022-05-27 03:00:00,-0.11293773878104146
2022-05-27 03:30:00,-0.11033725306750686
2022-05-27 04:00:00,-0.10280651624347627
2022-05-27 04:30:00,-0.09084926734399941
2022-05-27 05:00:00,-0.07728343938989739
2022-05-27 05:30:00,-0.06628869940768257
2022-05-27 06:00:00,-0.061921124347206875
2022-05-27 06:30:00,-0.06739461435852082
2022-05-27 07:00:00,-0.08532650284630391
2022-05-27 07:30:00,-0.11844881711510619
2022-05-27 08:00:00,-0.17043150827327055
2022-05-27 08:30:00,-0.2462978453206713
2022-05-27 09:00:00,-0.35067555625286095
2022-05-27 09:30:00,-0.48260082315169434
2022-05-27 10:00:00,-0.6305058226526374
2022-05-27 10:30:00,-0.7743183790601136
2022-05-27 11:00:00,-0.8953419282200904
2022-05-27 11:30:00,-0.9846673899598108
2022-05-27 12:00:00,-1.0425414964709416
2022-05-27 12:30:00,-1.0719603196201521
2022-05-27 13:00:00,-1.0744749289049245
2022-05-27 13:30:00,-1.0515431519885479
2022-05-27 14:00:00,-1.0097477952917537
2022-05-27 14:30:00,-0.964215664091889
2022-05-27 15:00:00,-0.9333341368732936
2022-05-27 15:30:00,-0.9258119398921322
2022-05-27 16:00:00,-0.932040686335793
2022-05-27 16:30:00,-0.9295787205180833
2022-05-27 17:00:00,-0.8978820837647304
2022-05-27 17:30:00,-0.8289708519160126
2022-05-27 18:00:00,-0.7280227429764492
2022-05-27 18:30:00,-0.6085288747377521
2022-05-27 19:00:00,-0.48758994359962504
2022-05-27 19:30:00,-0.38148971196511045
2022-05-27 20:00:00,-0.300408453212914
2022-05-27 20:30:00,-0.24480435530864786
2022-05-27 21:00:00,-0.20728007432621737
2022-05-27 21:30:00,-0.17918435766444854
2022-05-27 22:00:00,-0.15689219933589876
2022-05-27 22:30:00,-0.14295105031173896
2022-05-27 23:00:00,-0.14152412640820383
2022-05-27 23:30:00,-0.1524782707910872
2022-05-28 00:00:00,-0.1697392480807212
2022-05-28 00:30:00,-0.18536767449156416
2022-05-28 01:00:00,-0.1949679373788393
2022-05-28 01:30:00,-0.1988263185234364
2022-05-28 02:00:00,-0.1983736524627086
2022-05-28 02:30:00,-0.19311131755658612
2022-05-28 03:00:00,-0.18173975405564916
2022-05-28 03:30:00,-0.16530199719699853
2022-05-28 04:00:00,-0.1481531352903371
2022-05-28 04:30:00,-0.13579249802777002
2022-05-28 05:00:00,-0.1313638056701291
2022-05-28 05:30:00,-0.13337917523265733
2022-05-28 06:00:00,-0.13714062899544655
2022-05-28 06:30:00,-0.1398452681567457
2022-05-28 07:00:00,-0.14522095304798932
2022-05-28 07:30:00,-0.1631212591475049
2022-05-28 08:00:00,-0.20397932346098877
2022-05-28 08:30:00,-0.27250004905869907
2022-05-28 09:00:00,-0.3650155160379924
2022-05-28 09:30:00,-0.47137338674989754
2022-05-28 10:00:00,-0.5791198810413101
2022-05-28 10:30:00,-0.6777623890193548
2022-05-28 11:00:00,-0.761885201836799
2022-05-28 11:30:00,-0.8317324774111
2022-05-28 12:00:00,-0.8906561422329814
2022-05-28 12:30:00,-0.9417193641669588
2022-05-28 13:00:00,-0.9867921703432967
2022-05-28 13:30:00,-1.028438774778292
2022-05-28 14:00:00,-1.071468172761368
2022-05-28 14:30:00,-1.120545220611206
2022-05-28 15:00:00,-1.173932779278075
2022-05-28 15:30:00,-1.2197911258738987
2022-05-28 16:00:00,-1.2426272588796141
2022-05-28 16:30:00,-1.2366034488310604
2022-05-28 17:00:00,-1.210683321377768
2022-05-28 17:30:00,-1.1783166640096805
2022-05-28 18:00:00,-1.1441012446931242
2022-05-28 18:30:00,-1.1018007637702543
2022-05-28 19:00:00,-1.0411139276101065
2022-05-28 19:30:00,-0.9534310781078169
2022-05-28 20:00:00,-0.8349975129386398
2022-05-28 20:30:00,-0.6900779080957355
2022-05-28 21:00:00,-0.5324731741480202
2022-05-28 21:30:00,-0.3821135703752819
2022-05-28 22:00:00,-0.25758981168280587
2022-05-28 22:30:00,-0.16918658122244326
2022-05-28 23:00:00,-0.116523042568463
2022-05-28 23:30:00,-0.09138198608895239
2022-05-29 00:00:00,-0.08310603177785239
2022-05-29 00:30:00,-0.08308394041609304
2022-05-29 01:00:00,-0.08617461508063708
2022-05-29 01:30:00,-0.08956525884105263
2022-05-29 02:00:00,-0.09147278633371991
2022-05-29 02:30:00,-0.09114474420751405
2022-05-29 03:00:00,-0.08925230798655122
2022-05-29 03:30:00,-0.08752418129154368
2022-05-29 04:00:00,-0.08793510017021851
2022-05-29 04:30:00,-0.09213823170537398
2022-05-29 05:00:00,-0.10100582969877257
2022-05-29 05:30:00,-0.1142662236463119
2022-05-29 06:00:00,-0.13114452964813253
2022-05-29 06:30:00,-0.15219335338147005
2022-05-29 07:00:00,-0.18025773949539056
2022-05-29 07:30:00,-0.2185428252148738
2022-05-29 08:00:00,-0.26718065987400624
2022-05-29 08:30:00,-0.32209172924371676
2022-05-29 09:00:00,-0.3777346385091242
2022-05-29 09:30:00,-0.43091546919529217
2022-05-29 10:00:00,-0.4818534472760748
2022-05-29 10:30:00,-0.5323311230378552
2022-05-29 11:00:00,-0.5840257744540247
2022-05-29 11:30:00,-0.6387364253517138
2022-05-29 12:00:00,-0.6985062271484176
2022-05-29 12:30:00,-0.7634964878895149
2022-05-29 13:00:00,-0.829708778142918
2022-05-29 13:30:00,-0.8906730193918319
2022-05-29 14:00:00,-0.9427779850805367
2022-05-29 14:30:00,-0.9881305856146396
2022-05-29 15:00:00,-1.0297763882915283
2022-05-29 15:30:00,-1.0626306566516739
2022-05-29 16:00:00,-1.0700976258535022
2022-05-29 16:30:00,-1.0320556529137905
2022-05-29 17:00:00,-0.9388236655892425
2022-05-29 17:30:00,-0.8003730292770431
2022-05-29 18:00:00,-0.6439212432009533
2022-05-29 18:30:00,-0.5006763170466828
2022-05-29 19:00:00,-0.39040021076855214
2022-05-29 19:30:00,-0.3149742326678332
2022-05-29 20:00:00,-0.26425868957611
2022-05-29 20:30:00,-0.22685095848539796
2022-05-29 21:00:00,-0.1968853972592587
2022-05-29 21:30:00,-0.1742258363670078
2022-05-29 22:00:00,-0.16056877691716911
2022-05-29 22:30:00,-0.15545453237515863
2022-05-29 23:00:00,-0.15529509576698
2022-05-29 23:30:00,-0.15556850276343398
2022-05-30 00:00:00,-0.15335836224898375
2022-05-30 00:30:00,-0.14786028634123025
2022-05-30 01:00:00,-0.1393572934762874
2022-05-30 01:30:00,-0.12836774696725056
2022-05-30 02:00:00,-0.11529910294476096
2022-05-30 02:30:00,-0.10019019799596189
2022-05-30 03:00:00,-0.08293225616877133
2022-05-30 03:30:00,-0.06424345810729207
2022-05-30 04:00:00,-0.046395107767957515
2022-05-30 04:30:00,-0.032492864499472716
2022-05-30 05:00:00,-0.024760714063040597
2022-05-30 05:30:00,-0.023459991688628133
2022-05-30 06:00:00,-0.02727228743042972
2022-05-30 06:30:00,-0.03436595263016317
2022-05-30 07:00:00,-0.04304094506534148
2022-05-30 07:30:00,-0.05198535326120819
2022-05-30 08:00:00,-0.0608958747638407
2022-05-30 08:30:00,-0.07118460179976349
2022-05-30 09:00:00,-0.08560948750546639
2022-05-30 09:30:00,-0.10664326923240738
2022-05-30 10:00:00,-0.13456866385323202
2022-05-30 10:30:00,-0.16625475696146236
2022-05-30 11:00:00,-0.195370997228951
2022-05-30 11:30:00,-0.21459133889508136
2022-05-30 12:00:00,-0.2190645826239732
2022-05-30 12:30:00,-0.20905729665536701
2022-05-30 13:00:00,-0.1899069611127524
2022-05-30 13:30:00,-0.16923348911432903
2022-05-30 14:00:00,-0.15332580201138019
2022-05-30 14:30:00,-0.14511011492741643
2022-05-30 15:00:00,-0.14454130797704928
2022-05-30 15:30:00,-0.15039211676782074
2022-05-30 16:00:00,-0.1619235143977172
2022-05-30 16:30:00,-0.179192097726409
2022-05-30 17:00:00,-0.20166966779254386
2022-05-30 17:30:00,-0.2266599587114668
2022-05-30 18:00:00,-0.2496708355276788
2022-05-30 18:30:00,-0.26633982123347844
2022-05-30 19:00:00,-0.273298607509341
2022-05-30 19:30:00,-0.2677320204111363
2022-05-30 20:00:00,-0.24794446390174157
2022-05-30 20:30:00,-0.21523355500123567
2022-05-30 21:00:00,-0.17482162644333762
2022-05-30 21:30:00,-0.13460638831090688
2022-05-30 22:00:00,-0.10216730832600292
2022-05-30 22:30:00,-0.08138867295594637
2022-05-30 23:00:00,-0.07104715698834016
2022-05-30 23:30:00,-0.06673251533796364
2022-05-31 00:00:00,-0.06418711914596743
2022-05-31 00:30:00,-0.061000767455294994
2022-05-31 01:00:00,-0.06334829638133888
2022-05-31 01:30:00,-0.06569582530738274
2022-05-31 02:00:00,-0.06804335423342663
2022-05-31 02:30:00,-0.0703908831594705
2022-05-31 03:00:00,
2022-05-31 03:30:00,
2022-05-31 04:00:00,
2022-05-31 04:30:00,
2022-05-31 05:00:00,
2022-05-31 05:30:00,
2022-05-31 06:00:00,
2022-05-31 06:30:00,
2022-05-31 07:00:00,-0.09151864349386539
2022-05-31 07:30:00,-0.09386617241990926
2022-05-31 08:00:00,-0.09621370134595314
2022-05-31 08:30:00,-0.09856123027199701
2022-05-31 09:00:00,-0.14825934533791313
2022-05-31 09:30:00,-0.21513001771987986
2022-05-31 10:00:00,-0.2820006901018466
2022-05-31 10:30:00,-0.39539186914779806
2022-05-31 11:00:00,-0.5201889446395591
2022-05-31 11:30:00,-0.6395225884485024
2022-05-31 12:00:00,-0.735061213191023
2022-05-31 12:30:00,-0.7964850870774897
2022-05-31 13:00:00,-0.8274110830768666
2022-05-31 13:30:00,-0.8427281277834991
2022-05-31 14:00:00,-0.8592219900080112
2022-05-31 14:30:00,-0.8856279680171798
2022-05-31 15:00:00,-0.9183567920168226
2022-05-31 15:30:00,-0.9460856559642674
2022-05-31 16:00:00,-0.9590158406562344
2022-05-31 16:30:00,-0.9534680561929905
2022-05-31 17:00:00,-0.9292113201344229
2022-05-31 17:30:00,-0.8866271294125515
2022-05-31 18:00:00,-0.8278702452824352
2022-05-31 18:30:00,-0.7577030229707034
2022-05-31 19:00:00,-0.6810476803167006
2022-05-31 19:30:00,-0.6006104304002673
2022-05-31 20:00:00,-0.5173529337176905
2022-05-31 20:30:00,-0.43226037088979674
2022-05-31 21:00:00,-0.3474340910770521
2022-05-31 21:30:00,-0.2666328335204211
2022-05-31 22:00:00,-0.19528096384412574
2022-05-31 22:30:00,-0.13901494839451956
2022-05-31 23:00:00,-0.10090875919804089
2022-05-31 23:30:00,-0.07945277835708858
2022-06-01 00:00:00,-0.06908994645646546
2022-06-01 00:30:00,-0.063061455164089
2022-06-01 01:00:00,-0.056519794869344595
2022-06-01 01:30:00,-0.047853309879662694
2022-06-01 02:00:00,-0.05028546387291917
2022-06-01 02:30:00,-0.05271761786617565
2022-06-01 03:00:00,-0.05514977185943213
2022-06-01 03:30:00,-0.057581925852688606
2022-06-01 04:00:00,
2022-06-01 04:30:00,
2022-06-01 05:00:00,
2022-06-01 05:30:00,
2022-06-01 06:00:00,
2022-06-01 06:30:00,
2022-06-01 07:00:00,
2022-06-01 07:30:00,
2022-06-01 08:00:00,
2022-06-01 08:30:00,
2022-06-01 09:00:00,-0.1458826820421596
2022-06-01 09:30:00,-0.15275041568979963
2022-06-01 10:00:00,-0.15961814933743967
2022-06-01 10:30:00,-0.16648588298507971
2022-06-01 11:00:00,
2022-06-01 11:30:00,
2022-06-01 12:00:00,
2022-06-01 12:30:00,
2022-06-01 13:00:00,
2022-06-01 13:30:00,
2022-06-01 14:00:00,
2022-06-01 14:30:00,
2022-06-01 15:00:00,
2022-06-01 15:30:00,
2022-06-01 16:00:00,
2022-06-01 16:30:00,
2022-06-01 17:00:00,
2022-06-01 17:30:00,
2022-06-01 18:00:00,
2022-06-01 18:30:00,
2022-06-01 19:00:00,
2022-06-01 19:30:00,
2022-06-01 20:00:00,
2022-06-01 20:30:00,
2022-06-01 21:00:00,
2022-06-01 21:30:00,
2022-06-01 22:00:00,
2022-06-01 22:30:00,
2022-06-01 23:00:00,
2022-06-01 23:30:00,
2022-06-02 00:00:00,
2022-06-02 00:30:00,
2022-06-02 01:00:00,
2022-06-02 01:30:00,
2022-06-02 02:00:00,
2022-06-02 02:30:00,
2022-06-02 03:00:00,
2022-06-02 03:30:00,
2022-06-02 04:00:00,
2022-06-02 04:30:00,
2022-06-02 05:00:00,
2022-06-02 05:30:00,
2022-06-02 06:00:00,
2022-06-02 06:30:00,
2022-06-02 07:00:00,
2022-06-02 07:30:00,
2022-06-02 08:00:00,
2022-06-02 08:30:00,
2022-06-02 09:00:00,
2022-06-02 09:30:00,
2022-06-02 10:00:00,
2022-06-02 10:30:00,
2022-06-02 11:00:00,
2022-06-02 11:30:00,
2022-06-02 12:00:00,
2022-06-02 12:30:00,
2022-06-02 13:00:00,
2022-06-02 13:30:00,
2022-06-02 14:00:00,
2022-06-02 14:30:00,
2022-06-02 15:00:00,
2022-06-02 15:30:00,
2022-06-02 16:00:00,
2022-06-02 16:30:00,
2022-06-02 17:00:00,
2022-06-02 17:30:00,
2022-06-02 18:00:00,
2022-06-02 18:30:00,
2022-06-02 19:00:00,
2022-06-02 19:30:00,
2022-06-02 20:00:00,
2022-06-02 20:30:00,
2022-06-02 21:00:00,
2022-06-02 21:30:00,
2022-06-02 22:00:00,
2022-06-02 22:30:00,
2022-06-02 23:00:00,
2022-06-02 23:30:00,
2022-06-03 00:00:00,
2022-06-03 00:30:00,
2022-06-03 01:00:00,
2022-06-03 01:30:00,
2022-06-03 02:00:00,
2022-06-03 02:30:00,
2022-06-03 03:00:00,
2022-06-03 03:30:00,
2022-06-03 04:00:00,
2022-06-03 04:30:00,
2022-06-03 05:00:00,
2022-06-03 05:30:00,
2022-06-03 06:00:00,
2022-06-03 06:30:00,
2022-06-03 07:00:00,
2022-06-03 07:30:00,
2022-06-03 08:00:00,
2022-06-03 08:30:00,
2022-06-03 09:00:00,
2022-06-03 09:30:00,
2022-06-03 10:00:00,
2022-06-03 10:30:00,
2022-06-03 11:00:00,
2022-06-03 11:30:00,
2022-06-03 12:00:00,
2022-06-03 12:30:00,
2022-06-03 13:00:00,
2022-06-03 13:30:00,
2022-06-03 14:00:00,
2022-06-03 14:30:00,
2022-06-03 15:00:00,
2022-06-03 15:30:00,
2022-06-03 16:00:00,
2022-06-03 16:30:00,
2022-06-03 17:00:00,
2022-06-03 17:30:00,
2022-06-03 18:00:00,
2022-06-03 18:30:00,
2022-06-03 19:00:00,
2022-06-03 19:30:00,
2022-06-03 20:00:00,
2022-06-03 20:30:00,
2022-06-03 21:00:00,
2022-06-03 21:30:00,
2022-06-03 22:00:00,
2022-06-03 22:30:00,
2022-06-03 23:00:00,
2022-06-03 23:30:00,
2022-06-04 00:00:00,
2022-06-04 00:30:00,
2022-06-04 01:00:00,
2022-06-04 01:30:00,
2022-06-04 02:00:00,
2022-06-04 02:30:00,
2022-06-04 03:00:00,
2022-06-04 03:30:00,
2022-06-04 04:00:00,
2022-06-04 04:30:00,
2022-06-04 05:00:00,
2022-06-04 05:30:00,
2022-06-04 06:00:00,
2022-06-04 06:30:00,
2022-06-04 07:00:00,
2022-06-04 07:30:00,
2022-06-04 08:00:00,
2022-06-04 08:30:00,
2022-06-04 09:00:00,
2022-06-04 09:30:00,
2022-06-04 10:00:00,
2022-06-04 10:30:00,
2022-06-04 11:00:00,
2022-06-04 11:30:00,
2022-06-04 12:00:00,
2022-06-04 12:30:00,
2022-06-04 13:00:00,
2022-06-04 13:30:00,
2022-06-04 14:00:00,
2022-06-04 14:30:00,
2022-06-04 15:00:00,
2022-06-04 15:30:00,
2022-06-04 16:00:00,
2022-06-04 16:30:00,
2022-06-04 17:00:00,
2022-06-04 17:30:00,
2022-06-04 18:00:00,
2022-06-04 18:30:00,
2022-06-04 19:00:00,
2022-06-04 19:30:00,
2022-06-04 20:00:00,
2022-06-04 20:30:00,
2022-06-04 21:00:00,
2022-06-04 21:30:00,
2022-06-04 22:00:00,
2022-06-04 22:30:00,
2022-06-04 23:00:00,
2022-06-04 23:30:00,
2022-06-05 00:00:00,
2022-06-05 00:30:00,
2022-06-05 01:00:00,
2022-06-05 01:30:00,
2022-06-05 02:00:00,
2022-06-05 02:30:00,
2022-06-05 03:00:00,
2022-06-05 03:30:00,
2022-06-05 04:00:00,
2022-06-05 04:30:00,
2022-06-05 05:00:00,
2022-06-05 05:30:00,
2022-06-05 06:00:00,
2022-06-05 06:30:00,
2022-06-05 07:00:00,
2022-06-05 07:30:00,
2022-06-05 08:00:00,
2022-06-05 08:30:00,
2022-06-05 09:00:00,
2022-06-05 09:30:00,
2022-06-05 10:00:00,
2022-06-05 10:30:00,
2022-06-05 11:00:00,
2022-06-05 11:30:00,
2022-06-05 12:00:00,
2022-06-05 12:30:00,
2022-06-05 13:00:00,
2022-06-05 13:30:00,
2022-06-05 14:00:00,
2022-06-05 14:30:00,
2022-06-05 15:00:00,
2022-06-05 15:30:00,
2022-06-05 16:00:00,
2022-06-05 16:30:00,
2022-06-05 17:00:00,
2022-06-05 17:30:00,
2022-06-05 18:00:00,
2022-06-05 18:30:00,
2022-06-05 19:00:00,
2022-06-05 19:30:00,
2022-06-05 20:00:00,
2022-06-05 20:30:00,
2022-06-05 21:00:00,
2022-06-05 21:30:00,
2022-06-05 22:00:00,
2022-06-05 22:30:00,
2022-06-05 23:00:00,
2022-06-05 23:30:00,
2022-06-06 00:00:00,
2022-06-06 00:30:00,
2022-06-06 01:00:00,
2022-06-06 01:30:00,
2022-06-06 02:00:00,
2022-06-06 02:30:00,
2022-06-06 03:00:00,
2022-06-06 03:30:00,
2022-06-06 04:00:00,
2022-06-06 04:30:00,
2022-06-06 05:00:00,
2022-06-06 05:30:00,
2022-06-06 06:00:00,
2022-06-06 06:30:00,
2022-06-06 07:00:00,
2022-06-06 07:30:00,
2022-06-06 08:00:00,
2022-06-06 08:30:00,
2022-06-06 09:00:00,
2022-06-06 09:30:00,
2022-06-06 10:00:00,
2022-06-06 10:30:00,
2022-06-06 11:00:00,
2022-06-06 11:30:00,
2022-06-06 12:00:00,
2022-06-06 12:30:00,
2022-06-06 13:00:00,
2022-06-06 13:30:00,
2022-06-06 14:00:00,
2022-06-06 14:30:00,
2022-06-06 15:00:00,
2022-06-06 15:30:00,
2022-06-06 16:00:00,
2022-06-06 16:30:00,
2022-06-06 17:00:00,
2022-06-06 17:30:00,
2022-06-06 18:00:00,
2022-06-06 18:30:00,
2022-06-06 19:00:00,
2022-06-06 19:30:00,
2022-06-06 20:00:00,
2022-06-06 20:30:00,
2022-06-06 21:00:00,
2022-06-06 21:30:00,
2022-06-06 22:00:00,
2022-06-06 22:30:00,
2022-06-06 23:00:00,
2022-06-06 23:30:00,
2022-06-07 00:00:00,
2022-06-07 00:30:00,
2022-06-07 01:00:00,
2022-06-07 01:30:00,
2022-06-07 02:00:00,
2022-06-07 02:30:00,
2022-06-07 03:00:00,
2022-06-07 03:30:00,
2022-06-07 04:00:00,
2022-06-07 04:30:00,
2022-06-07 05:00:00,
2022-06-07 05:30:00,
2022-06-07 06:00:00,
2022-06-07 06:30:00,
2022-06-07 07:00:00,
2022-06-07 07:30:00,
2022-06-07 08:00:00,
2022-06-07 08:30:00,
2022-06-07 09:00:00,
2022-06-07 09:30:00,
2022-06-07 10:00:00,
2022-06-07 10:30:00,
2022-06-07 11:00:00,
2022-06-07 11:30:00,
2022-06-07 12:00:00,
2022-06-07 12:30:00,
2022-06-07 13:00:00,
2022-06-07 13:30:00,
2022-06-07 14:00:00,
2022-06-07 14:30:00,
2022-06-07 15:00:00,
2022-06-07 15:30:00,
2022-06-07 16:00:00,
2022-06-07 16:30:00,
2022-06-07 17:00:00,
2022-06-07 17:30:00,
2022-06-07 18:00:00,
2022-06-07 18:30:00,
2022-06-07 19:00:00,
2022-06-07 19:30:00,
2022-06-07 20:00:00,
2022-06-07 20:30:00,
2022-06-07 21:00:00,
2022-06-07 21:30:00,
2022-06-07 22:00:00,
2022-06-07 22:30:00,
2022-06-07 23:00:00,
2022-06-07 23:30:00,
2022-06-08 00:00:00,
2022-06-08 00:30:00,
2022-06-08 01:00:00,
2022-06-08 01:30:00,
2022-06-08 02:00:00,
2022-06-08 02:30:00,
2022-06-08 03:00:00,
2022-06-08 03:30:00,
2022-06-08 04:00:00,
2022-06-08 04:30:00,
2022-06-08 05:00:00,
2022-06-08 05:30:00,
2022-06-08 06:00:00,
2022-06-08 06:30:00,
2022-06-08 07:00:00,-0.4151085628613909
2022-06-08 07:30:00,-0.4175407168546474
2022-06-08 08:00:00,-0.41997287084790386
2022-06-08 08:30:00,-0.4224050248411603
2022-06-08 09:00:00,
2022-06-08 09:30:00,
2022-06-08 10:00:00,
2022-06-08 10:30:00,-1.5125616779225282
2022-06-08 11:00:00,-1.5194294115701683
2022-06-08 11:30:00,-1.5262971452178082
2022-06-08 12:00:00,-1.5331648788654484
2022-06-08 12:30:00,-1.5400326125130883
2022-06-08 13:00:00,-1.5032213916302166
2022-06-08 13:30:00,-1.4515055015182703
2022-06-08 14:00:00,-1.3797701309529629
2022-06-08 14:30:00,-1.293643552769147
2022-06-08 15:00:00,-1.2086901850982383
2022-06-08 15:30:00,-1.1468513096498152
2022-06-08 16:00:00,-1.1248458465495748
2022-06-08 16:30:00,-1.137067595170483
2022-06-08 17:00:00,-1.1528223877445378
2022-06-08 17:30:00,-1.138331074410658
2022-06-08 18:00:00,-1.0814512852031266
2022-06-08 18:30:00,-0.9932808869031307
2022-06-08 19:00:00,-0.8920638034439025
2022-06-08 19:30:00,-0.7922664865301557
2022-06-08 20:00:00,-0.7055179287528177
2022-06-08 20:30:00,-0.6416735106871214
2022-06-08 21:00:00,-0.6026233422563021
2022-06-08 21:30:00,-0.5768180992997032
2022-06-08 22:00:00,-0.5448255148899899
2022-06-08 22:30:00,-0.4933723122855232
2022-06-08 23:00:00,-0.4248371788344168
2022-06-08 23:30:00,-0.35398239482440047
2022-06-09 00:00:00,-0.2968009955371761
2022-06-09 00:30:00,-0.26185643714831536
2022-06-09 01:00:00,-0.2489811807318602
2022-06-09 01:30:00,-0.2526154046225439
2022-06-09 02:00:00,-0.26554422420424945
2022-06-09 02:30:00,-0.2813178431704924
2022-06-09 03:00:00,-0.2953529688733126
2022-06-09 03:30:00,-0.3049357191689451
2022-06-09 04:00:00,-0.3088303122780467
2022-06-09 04:30:00,-0.30757922442551666
2022-06-09 05:00:00,-0.3046345417670684
2022-06-09 05:30:00,-0.3069672117204313
2022-06-09 06:00:00,-0.32432923439049743
2022-06-09 06:30:00,-0.36825389940817
2022-06-09 07:00:00,-0.45093929891850243
2022-06-09 07:30:00,-0.5808502939220058
2022-06-09 08:00:00,-0.7538845139816766
2022-06-09 08:30:00,-0.9473602555578442
2022-06-09 09:00:00,-1.126695879469723
2022-06-09 09:30:00,-1.2631018927850521
2022-06-09 10:00:00,-1.3474712918197982
2022-06-09 10:30:00,-1.3895731235698312
2022-06-09 11:00:00,-1.4076640881526545
2022-06-09 11:30:00,-1.4195376933067367
2022-06-09 12:00:00,-1.4382189430479548
2022-06-09 12:30:00,-1.4690936251713467
2022-06-09 13:00:00,-1.5084811826602669
2022-06-09 13:30:00,-1.5473020286738326
2022-06-09 14:00:00,-1.5781299787207819
2022-06-09 14:30:00,-1.5973276060873298
2022-06-09 15:00:00,-1.6003239517814998
2022-06-09 15:30:00,-1.5797123672945528
2022-06-09 16:00:00,-1.5316322924957184
2022-06-09 16:30:00,-1.4604869418875102
2022-06-09 17:00:00,-1.3735159656286484
2022-06-09 17:30:00,-1.273881653905845
2022-06-09 18:00:00,-1.1626132398117908
2022-06-09 18:30:00,-1.044532454049153
2022-06-09 19:00:00,-0.9285821098450338
2022-06-09 19:30:00,-0.8227832402951669
2022-06-09 20:00:00,-0.7303759659726253
2022-06-09 20:30:00,-0.6503598392236571
2022-06-09 21:00:00,-0.5807772488792761
2022-06-09 21:30:00,-0.5214035561476303
2022-06-09 22:00:00,-0.47395791963506384
2022-06-09 22:30:00,-0.4404655566159883
2022-06-09 23:00:00,-0.4217781818755429
2022-06-09 23:30:00,-0.41728975082188524
2022-06-10 00:00:00,-0.42530072251966516
2022-06-10 00:30:00,-0.4431706597829395
2022-06-10 01:00:00,-0.46711620965995787
2022-06-10 01:30:00,-0.49227439064450923
2022-06-10 02:00:00,-0.513905549666707
2022-06-10 02:30:00,-0.5296337630870543
2022-06-10 03:00:00,-0.5409356978519361
2022-06-10 03:30:00,-0.5521289205022037
2022-06-10 04:00:00,-0.567656938317585
2022-06-10 04:30:00,-0.5902823736047383
2022-06-10 05:00:00,-0.6213702461115806
2022-06-10 05:30:00,-0.6619314282907535
2022-06-10 06:00:00,-0.7128396126302774
2022-06-10 06:30:00,-0.7740843591559452
2022-06-10 07:00:00,-0.8437472692468063
2022-06-10 07:30:00,-0.9177743905123491
2022-06-10 08:00:00,-0.9916591558254717
2022-06-10 08:30:00,-1.063518078138987
2022-06-10 09:00:00,-1.1354616188927356
2022-06-10 09:30:00,-1.2109554359492507
2022-06-10 10:00:00,-1.2903769817924895
2022-06-10 10:30:00,-1.3694370695188598
2022-06-10 11:00:00,-1.4416160398483873
2022-06-10 11:30:00,-1.5011881445616577
2022-06-10 12:00:00,-1.5442603191525026
2022-06-10 12:30:00,-1.5689620964583058
2022-06-10 13:00:00,-1.5764411694465135
2022-06-10 13:30:00,-1.5722192535739121
2022-06-10 14:00:00,-1.5662888920658402
2022-06-10 14:30:00,-1.570611591936026
2022-06-10 15:00:00,-1.5938978654501275
2022-06-10 15:30:00,-1.63551485957686
2022-06-10 16:00:00,-1.6831661593440117
2022-06-10 16:30:00,-1.7185776222987574
2022-06-10 17:00:00,-1.7274275438462396
2022-06-10 17:30:00,-1.7030370478284946
2022-06-10 18:00:00,-1.6408463796302863
2022-06-10 18:30:00,-1.5346633448365399
2022-06-10 19:00:00,-1.3840815117529215
2022-06-10 19:30:00,-1.2048015482812906
2022-06-10 20:00:00,-1.0256866911821902
2022-06-10 20:30:00,-0.8720529705289295
2022-06-10 21:00:00,-0.7519861498800052
2022-06-10 21:30:00,-0.6574554934348938
2022-06-10 22:00:00,-0.5751007436568045
2022-06-10 22:30:00,-0.496010238394593
2022-06-10 23:00:00,-0.41986946314213114
2022-06-10 23:30:00,-0.35346761531431037
2022-06-11 00:00:00,-0.30512474979104054
2022-06-11 00:30:00,-0.2789298339628916
2022-06-11 01:00:00,-0.2729562834267098
2022-06-11 01:30:00,-0.2815056111817099
2022-06-11 02:00:00,-0.29828249456234196
2022-06-11 02:30:00,-0.31854254620255973
2022-06-11 03:00:00,-0.3400744214190424
2022-06-11 03:30:00,-0.36274817430704864
2022-06-11 04:00:00,-0.38648575362088416
2022-06-11 04:30:00,-0.40933967910582164
2022-06-11 05:00:00,-0.4283290682553095
2022-06-11 05:30:00,-0.4433951039795094
2022-06-11 06:00:00,-0.4610612126184205
2022-06-11 06:30:00,-0.4929875299783224
2022-06-11 07:00:00,-0.5481720211364781
2022-06-11 07:30:00,-0.6236509723628247
2022-06-11 08:00:00,-0.701548074387472
2022-06-11 08:30:00,-0.7565143162174981
2022-06-11 09:00:00,-0.7702473689440643
2022-06-11 09:30:00,-0.744570309510968
2022-06-11 10:00:00,-0.7045953161094397
2022-06-11 10:30:00,-0.6890188632492033
2022-06-11 11:00:00,-0.7322071464751662
2022-06-11 11:30:00,-0.8470711549071157
2022-06-11 12:00:00,-1.0182846598470605
2022-06-11 12:30:00,-1.2112133508518392
2022-06-11 13:00:00,-1.391305326379233
2022-06-11 13:30:00,-1.5390651823713823
2022-06-11 14:00:00,-1.6506812847396697
2022-06-11 14:30:00,-1.7283908146280451
2022-06-11 15:00:00,-1.7713618721636306
2022-06-11 15:30:00,-1.7749803185825597
2022-06-11 16:00:00,-1.7404167960840915
2022-06-11 16:30:00,-1.6842960260345312
2022-06-11 17:00:00,-1.6316981326350852
2022-06-11 17:30:00,-1.5941360853683775
2022-06-11 18:00:00,-1.556999578859861
2022-06-11 18:30:00,-1.491263636437442
2022-06-11 19:00:00,-1.3764014604342147
2022-06-11 19:30:00,-1.2134527381151943
2022-06-11 20:00:00,-1.0211683064845671
2022-06-11 20:30:00,-0.8231555061978486
2022-06-11 21:00:00,-0.6381031460274439
2022-06-11 21:30:00,-0.47782982871092283
2022-06-11 22:00:00,-0.34914131225676165
2022-06-11 22:30:00,-0.25454169896761997
2022-06-11 23:00:00,-0.1916001205238415
2022-06-11 23:30:00,-0.15317402976572608
2022-06-12 00:00:00,-0.1298756292098016
2022-06-12 00:30:00,-0.1138366624788979
2022-06-12 01:00:00,-0.10130258313303066
2022-06-12 01:30:00,-0.09246209345011085
2022-06-12 02:00:00,-0.08919193377881574
2022-06-12 02:30:00,-0.09268847042373145
2022-06-12 03:00:00,-0.10253089133987418
2022-06-12 03:30:00,-0.11718111677547184
2022-06-12 04:00:00,-0.13499345540705726
2022-06-12 04:30:00,-0.1552227865648182
2022-06-12 05:00:00,-0.17877699585416015
2022-06-12 05:30:00,-0.20812649096293778
2022-06-12 06:00:00,-0.2464326359940849
2022-06-12 06:30:00,-0.29708635818833157
2022-06-12 07:00:00,-0.36397075448185784
2022-06-12 07:30:00,-0.450856007364566
2022-06-12 08:00:00,-0.5588279516056583
2022-06-12 08:30:00,-0.6835492197894874
2022-06-12 09:00:00,-0.8154979529083085
2022-06-12 09:30:00,-0.9438843836690929
2022-06-12 10:00:00,-1.0611222579304358
2022-06-12 10:30:00,-1.1636894217910367
2022-06-12 11:00:00,-1.2491436628903452
2022-06-12 11:30:00,-1.314549761864079
2022-06-12 12:00:00,-1.3601037419136073
2022-06-12 12:30:00,-1.3927467156593654
2022-06-12 13:00:00,-1.422776093237167
2022-06-12 13:30:00,-1.4576783079715605
2022-06-12 14:00:00,-1.502140808924677
2022-06-12 14:30:00,-1.5599682252939218
2022-06-12 15:00:00,-1.62671755915132
2022-06-12 15:30:00,-1.6790000365600348
2022-06-12 16:00:00,-1.6807907465017968
2022-06-12 16:30:00,-1.609934922261769
2022-06-12 17:00:00,-1.4792955421348222
2022-06-12 17:30:00,-1.3284087143433958
2022-06-12 18:00:00,-1.1937838001687637
2022-06-12 18:30:00,-1.0871049946711622
2022-06-12 19:00:00,-0.99737055906411
2022-06-12 19:30:00,-0.907434191417476
2022-06-12 20:00:00,-0.8073722292953582
2022-06-12 20:30:00,-0.6978633848165008
2022-06-12 21:00:00,-0.587481588700306
2022-06-12 21:30:00,-0.48810137899089046
2022-06-12 22:00:00,-0.40965329777503023
2022-06-12 22:30:00,-0.3559536322634344
2022-06-12 23:00:00,-0.3241192268370711
2022-06-12 23:30:00,-0.3074735201120648
2022-06-13 00:00:00,-0.29922904817101575
2022-06-13 00:30:00,-0.294692818353616
2022-06-13 01:00:00,-0.2914632371234981
2022-06-13 01:30:00,-0.2882572965591905
2022-06-13 02:00:00,-0.28381532777325214
2022-06-13 02:30:00,-0.27703000894395136
2022-06-13 03:00:00,-0.2679000451056403
2022-06-13 03:30:00,-0.2577668490169963
2022-06-13 04:00:00,-0.24823470018106836
2022-06-13 04:30:00,-0.2399712760482735
2022-06-13 05:00:00,-0.23283416957747147
2022-06-13 05:30:00,-0.2269859051852011
2022-06-13 06:00:00,-0.2232444864668394
2022-06-13 06:30:00,-0.22214960805235495
2022-06-13 07:00:00,-0.2233244040659585
2022-06-13 07:30:00,-0.22615615780422413
2022-06-13 08:00:00,-0.2307684182982869
2022-06-13 08:30:00,-0.23799470450422658
2022-06-13 09:00:00,-0.24848211634094539
2022-06-13 09:30:00,-0.2618361230051824
2022-06-13 10:00:00,-0.2764609665309929
2022-06-13 10:30:00,-0.2901484840634955
2022-06-13 11:00:00,-0.3009870556947579
2022-06-13 11:30:00,-0.3079859747295825
2022-06-13 12:00:00,-0.31126764082109404
2022-06-13 12:30:00,-0.31210019762085967
2022-06-13 13:00:00,-0.3127149770793875
2022-06-13 13:30:00,-0.3154118949087456
2022-06-13 14:00:00,-0.32117485953840946
2022-06-13 14:30:00,-0.3290724811544713
2022-06-13 15:00:00,-0.33704782346984075
2022-06-13 15:30:00,-0.34313419371020015
2022-06-13 16:00:00,-0.34618297767982614
2022-06-13 16:30:00,-0.34611154367636016
2022-06-13 17:00:00,-0.34366672028195755
2022-06-13 17:30:00,-0.3394333969390536
2022-06-13 18:00:00,-0.33278216245429293
2022-06-13 18:30:00,-0.32219557684603145
2022-06-13 19:00:00,-0.30699123548047147
2022-06-13 19:30:00,-0.28835483094545844
2022-06-13 20:00:00,-0.2684656123523856
2022-06-13 20:30:00,-0.24926256803315255
2022-06-13 21:00:00,-0.23259471915771515
2022-06-13 21:30:00,-0.22084288863643786
2022-06-13 22:00:00,-0.21616211443518274
2022-06-13 22:30:00,-0.21871325826501778
2022-06-13 23:00:00,-0.22597606284001637
2022-06-13 23:30:00,-0.23406131669708438
2022-06-14 00:00:00,-0.23989914011900015
2022-06-14 00:30:00,-0.24248526590099137
2022-06-14 01:00:00,-0.2422003653030538
2022-06-14 01:30:00,-0.23867301481126732
2022-06-14 02:00:00,-0.22931861218911748
2022-06-14 02:30:00,-0.21102906967205506
2022-06-14 03:00:00,-0.1845432000594607
2022-06-14 03:30:00,-0.15685075723239947
2022-06-14 04:00:00,-0.13785437947919105
2022-06-14 04:30:00,-0.13379391053805662
2022-06-14 05:00:00,-0.14346325335340757
2022-06-14 05:30:00,-0.15983026693347904
2022-06-14 06:00:00,-0.17482765871569428
2022-06-14 06:30:00,-0.183580631428389
2022-06-14 07:00:00,-0.18567196931138158
2022-06-14 07:30:00,-0.18363080381752175
2022-06-14 08:00:00,-0.18067879738618378
2022-06-14 08:30:00,-0.17941893685515783
2022-06-14 09:00:00,-0.1816030738162143
2022-06-14 09:30:00,-0.1881112548049068
2022-06-14 10:00:00,-0.1986370634875931
2022-06-14 10:30:00,-0.2115873458050739
2022-06-14 11:00:00,-0.22474084887998583
2022-06-14 11:30:00,-0.23620302777799748
2022-06-14 12:00:00,-0.24485905786922463
2022-06-14 12:30:00,-0.2503155224911964
2022-06-14 13:00:00,-0.2527780786305205
2022-06-14 13:30:00,-0.25301327880294905
2022-06-14 14:00:00,-0.25236861980760933
2022-06-14 14:30:00,-0.2526579406865943
2022-06-14 15:00:00,-0.25547080732686045
2022-06-14 15:30:00,-0.26096815891830133
2022-06-14 16:00:00,-0.2672744600499217
2022-06-14 16:30:00,-0.2715437413687502
2022-06-14 17:00:00,-0.2721354858275058
2022-06-14 17:30:00,-0.26978987051133235
2022-06-14 18:00:00,-0.2668768201973874
2022-06-14 18:30:00,-0.26596197074318095
2022-06-14 19:00:00,-0.2686361433620945
2022-06-14 19:30:00,-0.27408552357630256
2022-06-14 20:00:00,-0.27799760984200533
2022-06-14 20:30:00,-0.27440679519183975
2022-06-14 21:00:00,-0.2607498539330156
2022-06-14 21:30:00,-0.24165130836393126
2022-06-14 22:00:00,-0.2266912739159498
2022-06-14 22:30:00,-0.2233421905968806
2022-06-14 23:00:00,-0.23194298935862295
2022-06-14 23:30:00,-0.2473661079512114
2022-06-15 00:00:00,-0.2644390621618618
2022-06-15 00:30:00,-0.28132171480331625
2022-06-15 01:00:00,-0.2989105348577511
2022-06-15 01:30:00,-0.31822145711219085
2022-06-15 02:00:00,-0.3384900729963636
2022-06-15 02:30:00,-0.3575951561868638
2022-06-15 03:00:00,-0.3743791432877019
2022-06-15 03:30:00,-0.39026380299704666
2022-06-15 04:00:00,-0.40808254660343196
2022-06-15 04:30:00,-0.4292863683590363
2022-06-15 05:00:00,-0.45256654508993105
2022-06-15 05:30:00,-0.47508137245667925
2022-06-15 06:00:00,-0.4945982144209588
2022-06-15 06:30:00,-0.5104432608736731
2022-06-15 07:00:00,-0.5231635558217199
2022-06-15 07:30:00,-0.5342607681754695
2022-06-15 08:00:00,-0.5463851340724816
2022-06-15 08:30:00,-0.5622354059403492
2022-06-15 09:00:00,-0.5812309461056795
2022-06-15 09:30:00,-0.5974086141081211
2022-06-15 10:00:00,-0.6028572119362039
2022-06-15 10:30:00,-0.5943454728431872
2022-06-15 11:00:00,-0.6019175706581982
2022-06-15 11:30:00,-0.6094896684732092
2022-06-15 12:00:00,-0.6170617662882201
2022-06-15 12:30:00,-0.6246338641032311
2022-06-15 13:00:00,
2022-06-15 13:30:00,
2022-06-15 14:00:00,
2022-06-15 14:30:00,
2022-06-15 15:00:00,
2022-06-15 15:30:00,
2022-06-15 16:00:00,
2022-06-15 16:30:00,
2022-06-15 17:00:00,
2022-06-15 17:30:00,
2022-06-15 18:00:00,
2022-06-15 18:30:00,
2022-06-15 19:00:00,
2022-06-15 19:30:00,
2022-06-15 20:00:00,
2022-06-15 20:30:00,
2022-06-15 21:00:00,
2022-06-15 21:30:00,
2022-06-15 22:00:00,
2022-06-15 22:30:00,
2022-06-15 23:00:00,-0.5517836981133362
2022-06-15 23:30:00,-0.5413319902863233
2022-06-16 00:00:00,-0.5308802824593103
2022-06-16 00:30:00,-0.5204285746322973
2022-06-16 01:00:00,
2022-06-16 01:30:00,
2022-06-16 02:00:00,
2022-06-16 02:30:00,
2022-06-16 03:00:00,
2022-06-16 03:30:00,
2022-06-16 04:00:00,
2022-06-16 04:30:00,
2022-06-16 05:00:00,
2022-06-16 05:30:00,
2022-06-16 06:00:00,
2022-06-16 06:30:00,
2022-06-16 07:00:00,
2022-06-16 07:30:00,
2022-06-16 08:00:00,
2022-06-16 08:30:00,
2022-06-16 09:00:00,
2022-06-16 09:30:00,
2022-06-16 10:00:00,
2022-06-16 10:30:00,
2022-06-16 11:00:00,
2022-06-16 11:30:00,
2022-06-16 12:00:00,
2022-06-16 12:30:00,
2022-06-16 13:00:00,
2022-06-16 13:30:00,
2022-06-16 14:00:00,
2022-06-16 14:30:00,
2022-06-16 15:00:00,
2022-06-16 15:30:00,
2022-06-16 16:00:00,
2022-06-16 16:30:00,
2022-06-16 17:00:00,
2022-06-16 17:30:00,
2022-06-16 18:00:00,
2022-06-16 18:30:00,
2022-06-16 19:00:00,
2022-06-16 19:30:00,
2022-06-16 20:00:00,
2022-06-16 20:30:00,
2022-06-16 21:00:00,
2022-06-16 21:30:00,
2022-06-16 22:00:00,
2022-06-16 22:30:00,
2022-06-16 23:00:00,
2022-06-16 23:30:00,
2022-06-17 00:00:00,
2022-06-17 00:30:00,
2022-06-17 01:00:00,
2022-06-17 01:30:00,
2022-06-17 02:00:00,
2022-06-17 02:30:00,
2022-06-17 03:00:00,
2022-06-17 03:30:00,
2022-06-17 04:00:00,
2022-06-17 04:30:00,
2022-06-17 05:00:00,
2022-06-17 05:30:00,
2022-06-17 06:00:00,
2022-06-17 06:30:00,
2022-06-17 07:00:00,-0.17552221634086998
2022-06-17 07:30:00,-0.16507050851385704
2022-06-17 08:00:00,-0.15461880068684408
2022-06-17 08:30:00,-0.14416709285983115
2022-06-17 09:00:00,
2022-06-17 09:30:00,
2022-06-17 10:00:00,
2022-06-17 10:30:00,
2022-06-17 11:00:00,
2022-06-17 11:30:00,
2022-06-17 12:00:00,
2022-06-17 12:30:00,
2022-06-17 13:00:00,
2022-06-17 13:30:00,
2022-06-17 14:00:00,-1.071387635188879
2022-06-17 14:30:00,-1.07895973300389
2022-06-17 15:00:00,-1.086531830818901
2022-06-17 15:30:00,-1.094103928633912
2022-06-17 16:00:00,-1.101676026448923
2022-06-17 16:30:00,-1.0606785720254002
2022-06-17 17:00:00,-1.0125164878669677
2022-06-17 17:30:00,-0.959790277358404
2022-06-17 18:00:00,-0.9060425944937732
2022-06-17 18:30:00,-0.8526920126418539
2022-06-17 19:00:00,-0.797504739334482
2022-06-17 19:30:00,-0.7367005009662078
2022-06-17 20:00:00,-0.6670103257174965
2022-06-17 20:30:00,-0.5854055590058101
2022-06-17 21:00:00,-0.49026226226886266
2022-06-17 21:30:00,-0.38578351299287633
2022-06-17 22:00:00,-0.2836496439630323
2022-06-17 22:30:00,-0.1972129603100014
2022-06-17 23:00:00,-0.13371538503281824
2022-06-17 23:30:00,-0.09286116448232777
2022-06-18 00:00:00,-0.07165739784182018
2022-06-18 00:30:00,-0.06874605980366337
2022-06-18 01:00:00,-0.08423033263807288
2022-06-18 01:30:00,-0.11682570864431571
2022-06-18 02:00:00,-0.16149150198104087
2022-06-18 02:30:00,-0.2090549605765956
2022-06-18 03:00:00,-0.2482952902980613
2022-06-18 03:30:00,-0.2698563275585772
2022-06-18 04:00:00,-0.2695987760546826
2022-06-18 04:30:00,-0.24968951876059023
2022-06-18 05:00:00,-0.21811689842187262
2022-06-18 05:30:00,-0.1873239454558167
2022-06-18 06:00:00,-0.1713080513844784
2022-06-18 06:30:00,-0.18148494484545008
2022-06-18 07:00:00,-0.22307543819543027
2022-06-18 07:30:00,-0.293958826235185
2022-06-18 08:00:00,-0.3877313199982616
2022-06-18 08:30:00,-0.5005690559553562
2022-06-18 09:00:00,-0.6370185270807589
2022-06-18 09:30:00,-0.8075067715569249
2022-06-18 10:00:00,-0.7893167633615595
2022-06-18 10:30:00,-0.7711267551661942
2022-06-18 11:00:00,-0.7529367469708288
2022-06-18 11:30:00,-0.7347467387754635
2022-06-18 12:00:00,
2022-06-18 12:30:00,
2022-06-18 13:00:00,
2022-06-18 13:30:00,
2022-06-18 14:00:00,
2022-06-18 14:30:00,
2022-06-18 15:00:00,
2022-06-18 15:30:00,
2022-06-18 16:00:00,
2022-06-18 16:30:00,
2022-06-18 17:00:00,
2022-06-18 17:30:00,
2022-06-18 18:00:00,
2022-06-18 18:30:00,
2022-06-18 19:00:00,
2022-06-18 19:30:00,
2022-06-18 20:00:00,
2022-06-18 20:30:00,
2022-06-18 21:00:00,-0.38913658306352206
2022-06-18 21:30:00,-0.37094657486815674
2022-06-18 22:00:00,-0.35275656667279137
2022-06-18 22:30:00,-0.33456655847742606
2022-06-18 23:00:00,-0.4775137950320162
2022-06-18 23:30:00,-0.45445853410867626
2022-06-19 00:00:00,-0.4314032731853363
2022-06-19 00:30:00,-0.40834801226199635
2022-06-19 01:00:00,
2022-06-19 01:30:00,
2022-06-19 02:00:00,
2022-06-19 02:30:00,
2022-06-19 03:00:00,
2022-06-19 03:30:00,
2022-06-19 04:00:00,
2022-06-19 04:30:00,
2022-06-19 05:00:00,-0.20085066395193668
2022-06-19 05:30:00,-0.1777954030285967
2022-06-19 06:00:00,-0.15474014210525674
2022-06-19 06:30:00,-0.1316848811819168
2022-06-19 07:00:00,-0.10862962025857681
2022-06-19 07:30:00,-0.1554448942893411
2022-06-19 08:00:00,-0.2095634116303772
2022-06-19 08:30:00,-0.2648757174101604
2022-06-19 09:00:00,-0.31637655028206074
2022-06-19 09:30:00,-0.3619417230584983
2022-06-19 10:00:00,-0.40098275354494983
2022-06-19 10:30:00,-0.43184028680698905
2022-06-19 11:00:00,-0.4519668539687537
2022-06-19 11:30:00,-0.46118486437668826
2022-06-19 12:00:00,-0.4636100789825128
2022-06-19 12:30:00,-0.46485091383123156
2022-06-19 13:00:00,-0.46681888812995326
2022-06-19 13:30:00,-0.4657457796547802
2022-06-19 14:00:00,-0.45584301840777286
2022-06-19 14:30:00,-0.4350415049850053
2022-06-19 15:00:00,-0.40705795961153896
2022-06-19 15:30:00,-0.37812838110780517
2022-06-19 16:00:00,-0.352272358434612
2022-06-19 16:30:00,-0.32944379646821004
2022-06-19 17:00:00,-0.30700801230877417
2022-06-19 17:30:00,-0.2820606164102021
2022-06-19 18:00:00,-0.2528629115610671
2022-06-19 18:30:00,-0.21960400065154861
2022-06-19 19:00:00,-0.1846810041180145
2022-06-19 19:30:00,-0.15187228730184515
2022-06-19 20:00:00,-0.12522717686129695
2022-06-19 20:30:00,-0.10894662132322594
2022-06-19 21:00:00,-0.10676412914546723
2022-06-19 21:30:00,-0.11889042907110242
2022-06-19 22:00:00,-0.13934123663299688
2022-06-19 22:30:00,-0.15848906438285967
2022-06-19 23:00:00,-0.16965513728416146
2022-06-19 23:30:00,-0.17294865625659925
2022-06-20 00:00:00,-0.17294119617066264
2022-06-20 00:30:00,-0.17378801633634466
2022-06-20 01:00:00,-0.1767134458432573
2022-06-20 01:30:00,-0.18075865962002327
2022-06-20 02:00:00,-0.1845936105410153
2022-06-20 02:30:00,-0.1875408021290469
2022-06-20 03:00:00,-0.18962257838317728
2022-06-20 03:30:00,-0.1911063497518622
2022-06-20 04:00:00,-0.1920463025618889
2022-06-20 04:30:00,-0.19225523242709547
2022-06-20 05:00:00,-0.19181659669227313
2022-06-20 05:30:00,-0.19148022638545614
2022-06-20 06:00:00,-0.19220270530671116
2022-06-20 06:30:00,-0.1942683746849734
2022-06-20 07:00:00,-0.19713277320921035
2022-06-20 07:30:00,-0.2001315833340481
2022-06-20 08:00:00,-0.20309951121124334
2022-06-20 08:30:00,-0.206317768061558
2022-06-20 09:00:00,-0.21016125546739076
2022-06-20 09:30:00,-0.2149351397419672
2022-06-20 10:00:00,-0.22088350714935298
2022-06-20 10:30:00,-0.22803576033449102
2022-06-20 11:00:00,-0.23582882830067736
2022-06-20 11:30:00,-0.24303712302503336
2022-06-20 12:00:00,-0.24841158771765462
2022-06-20 12:30:00,-0.25150813122922394
2022-06-20 13:00:00,-0.2525341785238412
2022-06-20 13:30:00,-0.2511276282117771
2022-06-20 14:00:00,-0.2459441693087104
2022-06-20 14:30:00,-0.23645067028888894
2022-06-20 15:00:00,-0.22466782993321496
2022-06-20 15:30:00,-0.21380125436013667
2022-06-20 16:00:00,-0.20540347965641456
2022-06-20 16:30:00,-0.19906629233094478
2022-06-20 17:00:00,-0.19425027777390094
2022-06-20 17:30:00,-0.1865035420471384
2022-06-20 18:00:00,-0.17875680632037586
2022-06-20 18:30:00,-0.1710100705936133
2022-06-20 19:00:00,-0.16326333486685074
2022-06-20 19:30:00,
2022-06-20 20:00:00,
2022-06-20 20:30:00,
2022-06-20 21:00:00,
2022-06-20 21:30:00,
2022-06-20 22:00:00,
2022-06-20 22:30:00,
2022-06-20 23:00:00,-0.21223432207697107
2022-06-20 23:30:00,-0.21815087609238412
2022-06-21 00:00:00,-0.2240674301077972
2022-06-21 00:30:00,-0.22998398412321025
2022-06-21 01:00:00,
2022-06-21 01:30:00,
2022-06-21 02:00:00,
2022-06-21 02:30:00,
2022-06-21 03:00:00,
2022-06-21 03:30:00,
2022-06-21 04:00:00,
2022-06-21 04:30:00,
2022-06-21 05:00:00,
2022-06-21 05:30:00,
2022-06-21 06:00:00,
2022-06-21 06:30:00,
2022-06-21 07:00:00,
2022-06-21 07:30:00,
2022-06-21 08:00:00,
2022-06-21 08:30:00,
2022-06-21 09:00:00,
2022-06-21 09:30:00,
2022-06-21 10:00:00,-0.08579597759922528
2022-06-21 10:30:00,-0.07804924187246272
2022-06-21 11:00:00,-0.07030250614570017
2022-06-21 11:30:00,-0.06255577041893763
2022-06-21 12:00:00,-0.054809034692175074
2022-06-21 12:30:00,-0.05814360408494263
2022-06-21 13:00:00,-0.059023640650489456
2022-06-21 13:30:00,-0.06063918415437267
2022-06-21 14:00:00,-0.0652845256554056
2022-06-21 14:30:00,-0.07328578023912813
2022-06-21 15:00:00,-0.08381095295711193
2022-06-21 15:30:00,-0.09543583367108875
2022-06-21 16:00:00,-0.10559719372311822
2022-06-21 16:30:00,-0.11088022582446859
2022-06-21 17:00:00,-0.10944697642506022
2022-06-21 17:30:00,-0.10305903130247364
2022-06-21 18:00:00,-0.0955700284727576
2022-06-21 18:30:00,-0.08931582814389098
2022-06-21 19:00:00,-0.08360998705734582
2022-06-21 19:30:00,-0.07651450930118053
2022-06-21 20:00:00,-0.06715042654046698
2022-06-21 20:30:00,-0.06949808700821775
2022-06-21 21:00:00,-0.07184574747596853
2022-06-21 21:30:00,-0.0741934079437193
2022-06-21 22:00:00,-0.07654106841147007
2022-06-21 22:30:00,
2022-06-21 23:00:00,
2022-06-21 23:30:00,
2022-06-22 00:00:00,
2022-06-22 00:30:00,
2022-06-22 01:00:00,
2022-06-22 01:30:00,
2022-06-22 02:00:00,
2022-06-22 02:30:00,
2022-06-22 03:00:00,
2022-06-22 03:30:00,
2022-06-22 04:00:00,
2022-06-22 04:30:00,
2022-06-22 05:00:00,
2022-06-22 05:30:00,
2022-06-22 06:00:00,
2022-06-22 06:30:00,
2022-06-22 07:00:00,
2022-06-22 07:30:00,
2022-06-22 08:00:00,
2022-06-22 08:30:00,
2022-06-22 09:00:00,
2022-06-22 09:30:00,
2022-06-22 10:00:00,
2022-06-22 10:30:00,
2022-06-22 11:00:00,
2022-06-22 11:30:00,
2022-06-22 12:00:00,
2022-06-22 12:30:00,-0.09767001262122703
2022-06-22 13:00:00,-0.1000176730889778
2022-06-22 13:30:00,-0.10236533355672858
2022-06-22 14:00:00,-0.10471299402447935
2022-06-22 14:30:00,-0.10706065449223012
2022-06-22 15:00:00,-0.11771840624809932
2022-06-22 15:30:00,-0.12897196491618654
2022-06-22 16:00:00,-0.14022552358427376
2022-06-22 16:30:00,-0.151479082252361
2022-06-22 17:00:00,-0.16273264092044823
2022-06-22 17:30:00,
2022-06-22 18:00:00,
2022-06-22 18:30:00,
2022-06-22 19:00:00,
2022-06-22 19:30:00,
2022-06-22 20:00:00,
2022-06-22 20:30:00,
2022-06-22 21:00:00,
2022-06-22 21:30:00,
2022-06-22 22:00:00,
2022-06-22 22:30:00,
2022-06-22 23:00:00,
2022-06-22 23:30:00,
2022-06-23 00:00:00,
2022-06-23 00:30:00,
2022-06-23 01:00:00,
2022-06-23 01:30:00,
2022-06-23 02:00:00,
2022-06-23 02:30:00,
2022-06-23 03:00:00,
2022-06-23 03:30:00,
2022-06-23 04:00:00,
2022-06-23 04:30:00,
2022-06-23 05:00:00,
2022-06-23 05:30:00,
2022-06-23 06:00:00,
2022-06-23 06:30:00,
2022-06-23 07:00:00,
2022-06-23 07:30:00,
2022-06-23 08:00:00,
2022-06-23 08:30:00,
2022-06-23 09:00:00,
2022-06-23 09:30:00,
2022-06-23 10:00:00,
2022-06-23 10:30:00,
2022-06-23 11:00:00,
2022-06-23 11:30:00,
2022-06-23 12:00:00,
2022-06-23 12:30:00,
2022-06-23 13:00:00,
2022-06-23 13:30:00,
2022-06-23 14:00:00,
2022-06-23 14:30:00,
2022-06-23 15:00:00,
2022-06-23 15:30:00,
2022-06-23 16:00:00,
2022-06-23 16:30:00,
2022-06-23 17:00:00,
2022-06-23 17:30:00,
2022-06-23 18:00:00,
2022-06-23 18:30:00,
2022-06-23 19:00:00,
2022-06-23 19:30:00,
2022-06-23 20:00:00,
2022-06-23 20:30:00,
2022-06-23 21:00:00,
2022-06-23 21:30:00,
2022-06-23 22:00:00,
2022-06-23 22:30:00,
2022-06-23 23:00:00,
2022-06-23 23:30:00,
2022-06-24 00:00:00,
2022-06-24 00:30:00,
2022-06-24 01:00:00,
2022-06-24 01:30:00,
2022-06-24 02:00:00,
2022-06-24 02:30:00,
2022-06-24 03:00:00,
2022-06-24 03:30:00,
2022-06-24 04:00:00,
2022-06-24 04:30:00,
2022-06-24 05:00:00,
2022-06-24 05:30:00,
2022-06-24 06:00:00,
2022-06-24 06:30:00,
2022-06-24 07:00:00,
2022-06-24 07:30:00,
2022-06-24 08:00:00,
2022-06-24 08:30:00,
2022-06-24 09:00:00,
2022-06-24 09:30:00,
2022-06-24 10:00:00,
2022-06-24 10:30:00,
2022-06-24 11:00:00,
2022-06-24 11:30:00,
2022-06-24 12:00:00,
2022-06-24 12:30:00,
2022-06-24 13:00:00,
2022-06-24 13:30:00,
2022-06-24 14:00:00,
2022-06-24 14:30:00,
2022-06-24 15:00:00,
2022-06-24 15:30:00,
2022-06-24 16:00:00,
2022-06-24 16:30:00,
2022-06-24 17:00:00,
2022-06-24 17:30:00,
2022-06-24 18:00:00,
2022-06-24 18:30:00,
2022-06-24 19:00:00,
2022-06-24 19:30:00,
2022-06-24 20:00:00,
2022-06-24 20:30:00,
2022-06-24 21:00:00,
2022-06-24 21:30:00,
2022-06-24 22:00:00,
2022-06-24 22:30:00,
2022-06-24 23:00:00,
2022-06-24 23:30:00,
2022-06-25 00:00:00,
2022-06-25 00:30:00,
2022-06-25 01:00:00,
2022-06-25 01:30:00,
2022-06-25 02:00:00,
2022-06-25 02:30:00,
2022-06-25 03:00:00,
2022-06-25 03:30:00,
2022-06-25 04:00:00,
2022-06-25 04:30:00,
2022-06-25 05:00:00,
2022-06-25 05:30:00,
2022-06-25 06:00:00,
2022-06-25 06:30:00,
2022-06-25 07:00:00,
2022-06-25 07:30:00,
2022-06-25 08:00:00,
2022-06-25 08:30:00,
2022-06-25 09:00:00,
2022-06-25 09:30:00,
2022-06-25 10:00:00,
2022-06-25 10:30:00,
2022-06-25 11:00:00,
2022-06-25 11:30:00,
2022-06-25 12:00:00,
2022-06-25 12:30:00,
2022-06-25 13:00:00,
2022-06-25 13:30:00,
2022-06-25 14:00:00,
2022-06-25 14:30:00,
2022-06-25 15:00:00,
2022-06-25 15:30:00,
2022-06-25 16:00:00,
2022-06-25 16:30:00,
2022-06-25 17:00:00,
2022-06-25 17:30:00,
2022-06-25 18:00:00,
2022-06-25 18:30:00,
2022-06-25 19:00:00,
2022-06-25 19:30:00,
2022-06-25 20:00:00,
2022-06-25 20:30:00,
2022-06-25 21:00:00,-1.198060038384473
2022-06-25 21:30:00,-1.2093135970525604
2022-06-25 22:00:00,-1.2205671557206474
2022-06-25 22:30:00,-1.2318207143887347
2022-06-25 23:00:00,
2022-06-25 23:30:00,
2022-06-26 00:00:00,
2022-06-26 00:30:00,
2022-06-26 01:00:00,-0.8275559396799298
2022-06-26 01:30:00,-0.8334724936953429
2022-06-26 02:00:00,-0.839389047710756
2022-06-26 02:30:00,-0.845305601726169
2022-06-26 03:00:00,-0.8512221557415821
2022-06-26 03:30:00,-0.9074467109058362
2022-06-26 04:00:00,-0.9465998744197504
2022-06-26 04:30:00,-0.9742147037676027
2022-06-26 05:00:00,-0.9953007208910147
2022-06-26 05:30:00,-1.0127573842439843
2022-06-26 06:00:00,-1.0279142632018625
2022-06-26 06:30:00,-1.0418747757519684
2022-06-26 07:00:00,-1.0564826480392813
2022-06-26 07:30:00,-1.0752687950067643
2022-06-26 08:00:00,-1.1048777620435737
2022-06-26 08:30:00,-1.156202392729349
2022-06-26 09:00:00,-1.243074273056822
2022-06-26 09:30:00,-1.3781482038989998
2022-06-26 10:00:00,-1.568218115331161
2022-06-26 10:30:00,-1.8098620769656613
2022-06-26 11:00:00,-2.084734007384368
2022-06-26 11:30:00,-2.3591861190593724
2022-06-26 12:00:00,-2.5942179353781225
2022-06-26 12:30:00,-2.7574888643825113
2022-06-26 13:00:00,-2.824267772935328
2022-06-26 13:30:00,-2.7759694419796133
2022-06-26 14:00:00,-2.613492041967584
2022-06-26 14:30:00,-2.3734624149904353
2022-06-26 15:00:00,-2.1189584398180803
2022-06-26 15:30:00,-1.9063567531733647
2022-06-26 16:00:00,-1.759067918074081
2022-06-26 16:30:00,-1.6660143022443938
2022-06-26 17:00:00,-1.5966252187737806
2022-06-26 17:30:00,-1.5178651591344259
2022-06-26 18:00:00,-1.406107680813118
2022-06-26 18:30:00,-1.2543267990281384
2022-06-26 19:00:00,-1.0759845598233586
2022-06-26 19:30:00,-1.0759845598233586
2022-06-26 20:00:00,-1.0759845598233586
2022-06-26 20:30:00,-1.0759845598233586
2022-06-26 21:00:00,-1.0759845598233586
2022-06-26 21:30:00,
2022-06-26 22:00:00,
2022-06-26 22:30:00,
2022-06-26 23:00:00,-1.156202392729349
2022-06-26 23:30:00,-1.156202392729349
2022-06-27 00:00:00,-1.156202392729349
2022-06-27 00:30:00,-1.156202392729349
2022-06-27 01:00:00,
2022-06-27 01:30:00,
2022-06-27 02:00:00,
2022-06-27 02:30:00,
2022-06-27 03:00:00,
2022-06-27 03:30:00,
2022-06-27 04:00:00,
2022-06-27 04:30:00,
2022-06-27 05:00:00,
2022-06-27 05:30:00,
2022-06-27 06:00:00,
2022-06-27 06:30:00,
2022-06-27 07:00:00,
2022-06-27 07:30:00,
2022-06-27 08:00:00,
2022-06-27 08:30:00,
2022-06-27 09:00:00,
2022-06-27 09:30:00,
2022-06-27 10:00:00,
2022-06-27 10:30:00,
2022-06-27 11:00:00,
2022-06-27 11:30:00,
2022-06-27 12:00:00,
2022-06-27 12:30:00,
2022-06-27 13:00:00,
2022-06-27 13:30:00,
2022-06-27 14:00:00,
2022-06-27 14:30:00,
2022-06-27 15:00:00,
2022-06-27 15:30:00,
2022-06-27 16:00:00,
2022-06-27 16:30:00,
2022-06-27 17:00:00,
2022-06-27 17:30:00,
2022-06-27 18:00:00,
2022-06-27 18:30:00,
2022-06-27 19:00:00,
2022-06-27 19:30:00,
2022-06-27 20:00:00,
2022-06-27 20:30:00,
2022-06-27 21:00:00,
2022-06-27 21:30:00,
2022-06-27 22:00:00,
2022-06-27 22:30:00,
2022-06-27 23:00:00,
2022-06-27 23:30:00,
2022-06-28 00:00:00,
2022-06-28 00:30:00,
2022-06-28 01:00:00,
2022-06-28 01:30:00,
2022-06-28 02:00:00,
2022-06-28 02:30:00,
2022-06-28 03:00:00,
2022-06-28 03:30:00,
2022-06-28 04:00:00,
2022-06-28 04:30:00,
2022-06-28 05:00:00,
2022-06-28 05:30:00,
2022-06-28 06:00:00,
2022-06-28 06:30:00,
2022-06-28 07:00:00,
2022-06-28 07:30:00,
2022-06-28 08:00:00,
2022-06-28 08:30:00,
2022-06-28 09:00:00,
2022-06-28 09:30:00,
2022-06-28 10:00:00,
2022-06-28 10:30:00,
2022-06-28 11:00:00,
2022-06-28 11:30:00,
2022-06-28 12:00:00,
2022-06-28 12:30:00,
2022-06-28 13:00:00,
2022-06-28 13:30:00,
2022-06-28 14:00:00,
2022-06-28 14:30:00,
2022-06-28 15:00:00,
2022-06-28 15:30:00,
2022-06-28 16:00:00,
2022-06-28 16:30:00,
2022-06-28 17:00:00,
2022-06-28 17:30:00,
2022-06-28 18:00:00,
2022-06-28 18:30:00,
2022-06-28 19:00:00,
2022-06-28 19:30:00,
2022-06-28 20:00:00,
2022-06-28 20:30:00,
2022-06-28 21:00:00,
2022-06-28 21:30:00,
2022-06-28 22:00:00,
2022-06-28 22:30:00,
2022-06-28 23:00:00,
2022-06-28 23:30:00,
2022-06-29 00:00:00,
2022-06-29 00:30:00,
2022-06-29 01:00:00,
2022-06-29 01:30:00,
2022-06-29 02:00:00,
2022-06-29 02:30:00,
2022-06-29 03:00:00,
2022-06-29 03:30:00,
2022-06-29 04:00:00,
