 ,Area,Mean,Min,Max,,Total pore area ,Fibre Area (microm),FWA (%)
1,105.343,255,255,255,,90163.281,289684.478,76.26331106
2,87.691,255,255,255,,,,
3,80.858,255,255,255,,,,
4,1048.304,255,255,255,,,,
5,305.21,255,255,255,,,,
6,59.22,255,255,255,,,,
7,33.026,255,255,255,,,*1e-12,
8,25.055,255,255,255,,Total area (mu m 2) ,Total area (m2),Tracheid density 
9,36.443,255,255,255,,379847.759,3.79848E-07,1.03E+09
10,52.387,255,255,255,,,,
11,31.318,255,255,255,,,,
12,18.221,255,255,255,,,,
13,675.333,255,255,255,,,,
14,741.386,255,255,255,,,,
15,681.597,255,255,255,,,,
16,31.318,255,255,255,,,,
17,29.04,255,255,255,,,,
18,587.643,255,255,255,,,,
19,460.662,255,255,255,,,,
20,499.382,255,255,255,,,,
21,446.426,255,255,255,,,,
22,297.238,255,255,255,,,,
23,102.496,255,255,255,,,,
24,69.469,255,255,255,,,,
25,267.628,255,255,255,,,,
26,262.503,255,255,255,,,,
27,74.594,255,255,255,,,,
28,145.772,255,255,255,,,,
29,97.371,255,255,255,,,,
30,43.276,255,255,255,,,,
31,67.192,255,255,255,,,,
32,616.114,255,255,255,,,,
33,915.06,255,255,255,,,,
34,58.081,255,255,255,,,,
35,34.165,255,255,255,,,,
36,39.859,255,255,255,,,,
37,471.481,255,255,255,,,,
38,34.735,255,255,255,,,,
39,28.471,255,255,255,,,,
40,39.859,255,255,255,,,,
41,37.582,255,255,255,,,,
42,580.24,255,255,255,,,,
43,699.249,255,255,255,,,,
44,533.548,255,255,255,,,,
45,748.789,255,255,255,,,,
46,444.718,255,255,255,,,,
47,500.521,255,255,255,,,,
48,234.032,255,255,255,,,,
49,312.612,255,255,255,,,,
50,158.299,255,255,255,,,,
51,148.05,255,255,255,,,,
52,134.383,255,255,255,,,,
53,129.828,255,255,255,,,,
54,208.978,255,255,255,,,,
55,83.135,255,255,255,,,,
56,92.246,255,255,255,,,,
57,137.23,255,255,255,,,,
58,482.869,255,255,255,,,,
59,60.359,255,255,255,,,,
60,43.276,255,255,255,,,,
61,47.831,255,255,255,,,,
62,36.443,255,255,255,,,,
63,558.033,255,255,255,,,,
64,642.307,255,255,255,,,,
65,987.946,255,255,255,,,,
66,29.61,255,255,255,,,,
67,314.32,255,255,255,,,,
68,571.129,255,255,255,,,,
69,432.191,255,255,255,,,,
70,539.242,255,255,255,,,,
71,613.836,255,255,255,,,,
72,555.186,255,255,255,,,,
73,215.811,255,255,255,,,,
74,99.649,255,255,255,,,,
75,85.983,255,255,255,,,,
76,126.411,255,255,255,,,,
77,54.664,255,255,255,,,,
78,101.357,255,255,255,,,,
79,64.914,255,255,255,,,,
80,79.719,255,255,255,,,,
81,63.206,255,255,255,,,,
82,50.109,255,255,255,,,,
83,81.997,255,255,255,,,,
84,409.983,255,255,255,,,,
85,40.429,255,255,255,,,,
86,33.026,255,255,255,,,,
87,915.629,255,255,255,,,,
88,419.094,255,255,255,,,,
89,33.026,255,255,255,,,,
90,657.681,255,255,255,,,,
91,425.927,255,255,255,,,,
92,493.119,255,255,255,,,,
93,305.21,255,255,255,,,,
94,347.347,255,255,255,,,,
95,613.267,255,255,255,,,,
96,566.005,255,255,255,,,,
97,389.484,255,255,255,,,,
98,288.127,255,255,255,,,,
99,334.25,255,255,255,,,,
100,146.911,255,255,255,,,,
101,144.633,255,255,255,,,,
102,99.079,255,255,255,,,,
103,117.301,255,255,255,,,,
104,76.872,255,255,255,,,,
105,177.659,255,255,255,,,,
106,77.441,255,255,255,,,,
107,74.025,255,255,255,,,,
108,40.998,255,255,255,,,,
109,1079.053,255,255,255,,,,
110,24.485,255,255,255,,,,
111,23.916,255,255,255,,,,
112,81.997,255,255,255,,,,
113,20.499,255,255,255,,,,
114,770.996,255,255,255,,,,
115,26.193,255,255,255,,,,
116,34.165,255,255,255,,,,
117,61.497,255,255,255,,,,
118,783.524,255,255,255,,,,
119,717.471,255,255,255,,,,
120,749.928,255,255,255,,,,
121,52.387,255,255,255,,,,
122,45.554,255,255,255,,,,
123,80.288,255,255,255,,,,
124,370.693,255,255,255,,,,
125,63.206,255,255,255,,,,
126,541.52,255,255,255,,,,
127,353.611,255,255,255,,,,
128,409.983,255,255,255,,,,
129,506.215,255,255,255,,,,
130,354.749,255,255,255,,,,
131,81.427,255,255,255,,,,
132,306.918,255,255,255,,,,
133,35.874,255,255,255,,,,
134,29.04,255,255,255,,,,
135,344.5,255,255,255,,,,
136,34.735,255,255,255,,,,
137,29.61,255,255,255,,,,
138,235.74,255,255,255,,,,
139,19.36,255,255,255,,,,
140,48.97,255,255,255,,,,
141,15.944,255,255,255,,,,
142,71.747,255,255,255,,,,
143,54.095,255,255,255,,,,
144,25.624,255,255,255,,,,
145,58.65,255,255,255,,,,
146,566.005,255,255,255,,,,
147,255.67,255,255,255,,,,
148,168.549,255,255,255,,,,
149,198.728,255,255,255,,,,
150,58.65,255,255,255,,,,
151,522.729,255,255,255,,,,
152,45.554,255,255,255,,,,
153,190.756,255,255,255,,,,
154,21.069,255,255,255,,,,
155,152.035,255,255,255,,,,
156,429.344,255,255,255,,,,
157,528.423,255,255,255,,,,
158,44.984,255,255,255,,,,
159,17.652,255,255,255,,,,
160,26.763,255,255,255,,,,
161,288.697,255,255,255,,,,
162,279.586,255,255,255,,,,
163,220.366,255,255,255,,,,
164,163.424,255,255,255,,,,
165,132.675,255,255,255,,,,
166,113.884,255,255,255,,,,
167,90.538,255,255,255,,,,
168,454.968,255,255,255,,,,
169,20.499,255,255,255,,,,
170,79.719,255,255,255,,,,
171,84.274,255,255,255,,,,
172,48.97,255,255,255,,,,
173,428.774,255,255,255,,,,
174,490.841,255,255,255,,,,
175,332.542,255,255,255,,,,
176,56.373,255,255,255,,,,
177,387.776,255,255,255,,,,
178,596.753,255,255,255,,,,
179,39.29,255,255,255,,,,
180,23.916,255,255,255,,,,
181,28.471,255,255,255,,,,
182,26.193,255,255,255,,,,
183,31.888,255,255,255,,,,
184,36.443,255,255,255,,,,
185,544.367,255,255,255,,,,
186,484.008,255,255,255,,,,
187,441.871,255,255,255,,,,
188,364.999,255,255,255,,,,
189,363.291,255,255,255,,,,
190,319.445,255,255,255,,,,
191,189.617,255,255,255,,,,
192,152.035,255,255,255,,,,
193,140.647,255,255,255,,,,
194,88.26,255,255,255,,,,
195,92.246,255,255,255,,,,
196,72.886,255,255,255,,,,
197,84.274,255,255,255,,,,
198,940.114,255,255,255,,,,
199,770.996,255,255,255,,,,
200,43.276,255,255,255,,,,
201,71.747,255,255,255,,,,
202,672.486,255,255,255,,,,
203,67.761,255,255,255,,,,
204,38.721,255,255,255,,,,
205,136.092,255,255,255,,,,
206,136.661,255,255,255,,,,
207,187.34,255,255,255,,,,
208,33.596,255,255,255,,,,
209,104.204,255,255,255,,,,
210,85.983,255,255,255,,,,
211,138.939,255,255,255,,,,
212,158.299,255,255,255,,,,
213,122.995,255,255,255,,,,
214,23.346,255,255,255,,,,
215,143.494,255,255,255,,,,
216,130.967,255,255,255,,,,
217,55.803,255,255,255,,,,
218,264.781,255,255,255,,,,
219,51.248,255,255,255,,,,
220,461.801,255,255,255,,,,
221,37.012,255,255,255,,,,
222,416.247,255,255,255,,,,
223,408.275,255,255,255,,,,
224,132.106,255,255,255,,,,
225,42.707,255,255,255,,,,
226,403.72,255,255,255,,,,
227,30.749,255,255,255,,,,
228,275.03,255,255,255,,,,
229,30.749,255,255,255,,,,
230,29.04,255,255,255,,,,
231,306.349,255,255,255,,,,
232,31.318,255,255,255,,,,
233,171.396,255,255,255,,,,
234,370.124,255,255,255,,,,
235,30.179,255,255,255,,,,
236,386.068,255,255,255,,,,
237,215.811,255,255,255,,,,
238,27.902,255,255,255,,,,
239,142.925,255,255,255,,,,
240,169.688,255,255,255,,,,
241,19.36,255,255,255,,,,
242,17.652,255,255,255,,,,
243,707.221,255,255,255,,,,
244,86.552,255,255,255,,,,
245,21.069,255,255,255,,,,
246,46.123,255,255,255,,,,
247,63.775,255,255,255,,,,
248,455.537,255,255,255,,,,
249,357.027,255,255,255,,,,
250,276.739,255,255,255,,,,
251,395.748,255,255,255,,,,
252,46.693,255,255,255,,,,
253,30.179,255,255,255,,,,
254,23.346,255,255,255,,,,
255,456.676,255,255,255,,,,
256,478.314,255,255,255,,,,
257,296.099,255,255,255,,,,
258,21.069,255,255,255,,,,
259,26.193,255,255,255,,,,
260,272.183,255,255,255,,,,
261,193.603,255,255,255,,,,
262,223.783,255,255,255,,,,
263,123.564,255,255,255,,,,
264,133.245,255,255,255,,,,
265,13.666,255,255,255,,,,
266,12.527,255,255,255,,,,
267,397.456,255,255,255,,,,
268,58.65,255,255,255,,,,
269,87.121,255,255,255,,,,
270,75.733,255,255,255,,,,
271,75.164,255,255,255,,,,
272,50.678,255,255,255,,,,
273,50.678,255,255,255,,,,
274,726.012,255,255,255,,,,
275,24.485,255,255,255,,,,
276,27.332,255,255,255,,,,
277,39.29,255,255,255,,,,
278,22.207,255,255,255,,,,
279,18.791,255,255,255,,,,
280,29.04,255,255,255,,,,
281,18.791,255,255,255,,,,
282,22.207,255,255,255,,,,
283,354.749,255,255,255,,,,
284,558.602,255,255,255,,,,
285,525.576,255,255,255,,,,
286,550.061,255,255,255,,,,
287,470.911,255,255,255,,,,
288,465.787,255,255,255,,,,
289,453.259,255,255,255,,,,
290,421.941,255,255,255,,,,
291,239.157,255,255,255,,,,
292,260.795,255,255,255,,,,
293,195.881,255,255,255,,,,
294,185.631,255,255,255,,,,
295,243.712,255,255,255,,,,
296,318.876,255,255,255,,,,
297,194.742,255,255,255,,,,
298,126.411,255,255,255,,,,
299,54.095,255,255,255,,,,
300,66.622,255,255,255,,,,
301,67.192,255,255,255,,,,
302,334.25,255,255,255,,,,
303,27.902,255,255,255,,,,
304,39.859,255,255,255,,,,
305,39.29,255,255,255,,,,
306,405.428,255,255,255,,,,
307,296.099,255,255,255,,,,
308,370.124,255,255,255,,,,
309,708.36,255,255,255,,,,
310,441.871,255,255,255,,,,
311,154.313,255,255,255,,,,
312,18.221,255,255,255,,,,
313,18.221,255,255,255,,,,
314,372.971,255,255,255,,,,
315,752.775,255,255,255,,,,
316,14.805,255,255,255,,,,
317,312.043,255,255,255,,,,
318,268.767,255,255,255,,,,
319,242.573,255,255,255,,,,
320,179.368,255,255,255,,,,
321,206.7,255,255,255,,,,
322,192.464,255,255,255,,,,
323,67.761,255,255,255,,,,
324,85.413,255,255,255,,,,
325,62.067,255,255,255,,,,
326,39.859,255,255,255,,,,
327,63.775,255,255,255,,,,
328,588.212,255,255,255,,,,
329,27.902,255,255,255,,,,
330,293.252,255,255,255,,,,
331,482.3,255,255,255,,,,
332,15.944,255,255,255,,,,
333,17.083,255,255,255,,,,
334,261.364,255,255,255,,,,
335,334.82,255,255,255,,,,
336,14.805,255,255,255,,,,
337,247.698,255,255,255,,,,
338,214.102,255,255,255,,,,
339,453.259,255,255,255,,,,
340,206.13,255,255,255,,,,
341,239.726,255,255,255,,,,
342,334.82,255,255,255,,,,
343,150.327,255,255,255,,,,
344,195.311,255,255,255,,,,
345,117.87,255,255,255,,,,
346,48.97,255,255,255,,,,
347,25.624,255,255,255,,,,
348,25.055,255,255,255,,,,
349,46.123,255,255,255,,,,
350,26.193,255,255,255,,,,
351,19.36,255,255,255,,,,
352,27.332,255,255,255,,,,
353,437.315,255,255,255,,,,
354,23.916,255,255,255,,,,
355,26.763,255,255,255,,,,
356,294.96,255,255,255,,,,
357,488.563,255,255,255,,,,
358,17.083,255,255,255,,,,
359,614.975,255,255,255,,,,
360,493.688,255,255,255,,,,
361,551.769,255,255,255,,,,
362,409.983,255,255,255,,,,
363,497.674,255,255,255,,,,
364,459.523,255,255,255,,,,
365,752.205,255,255,255,,,,
366,460.092,255,255,255,,,,
367,318.876,255,255,255,,,,
368,330.264,255,255,255,,,,
369,240.296,255,255,255,,,,
370,228.338,255,255,255,,,,
371,117.301,255,255,255,,,,
372,131.536,255,255,255,,,,
373,65.483,255,255,255,,,,
374,111.607,255,255,255,,,,
375,419.094,255,255,255,,,,
376,691.277,255,255,255,,,,
377,244.851,255,255,255,,,,
378,41.568,255,255,255,,,,
379,486.855,255,255,255,,,,
380,157.16,255,255,255,,,,
381,29.61,255,255,255,,,,
382,52.387,255,255,255,,,,
383,450.982,255,255,255,,,,
384,42.707,255,255,255,,,,
385,224.352,255,255,255,,,,
386,293.821,255,255,255,,,,
387,199.297,255,255,255,,,,
388,19.36,255,255,255,,,,
389,16.513,255,255,255,,,,
390,190.187,255,255,255,,,,
391,13.097,255,255,255,,,,
392,379847.759,65.84,0,255,,,,