Date,S1,S2,S3
2021-08-02 09:00:00,0.0481927710843374,0.13095238095238093,1.0
2021-08-02 10:00:00,0.0481927710843374,0.13095238095238093,1.0
2021-08-02 11:00:00,0.0481927710843374,0.13095238095238093,1.0
2021-08-02 12:00:00,0.0481927710843374,0.13095238095238093,1.0
2021-08-02 13:00:00,0.0481927710843374,0.14285714285714285,1.0
2021-08-02 14:00:00,0.0481927710843374,0.14285714285714285,1.0
2021-08-02 15:00:00,0.0481927710843374,0.14285714285714285,1.0
2021-08-02 16:00:00,0.0481927710843374,0.14285714285714285,1.0
2021-08-02 17:00:00,0.0481927710843374,0.14285714285714285,1.0
2021-08-02 18:00:00,0.0481927710843374,0.14285714285714285,1.0
2021-08-02 19:00:00,0.0481927710843374,0.14285714285714285,1.0
2021-08-02 20:00:00,0.0481927710843374,0.14285714285714285,0.9166666666666672
2021-08-02 21:00:00,0.0481927710843374,0.14285714285714285,0.9166666666666672
2021-08-02 22:00:00,0.0481927710843374,0.13095238095238093,0.9166666666666672
2021-08-02 23:00:00,0.0481927710843374,0.13095238095238093,0.9166666666666672
2021-08-03 00:00:00,0.0481927710843374,0.13095238095238093,0.9166666666666672
2021-08-03 01:00:00,0.0481927710843374,0.13095238095238093,0.9166666666666672
2021-08-03 02:00:00,0.0481927710843374,0.13095238095238093,0.9166666666666672
2021-08-03 03:00:00,0.0481927710843374,0.13095238095238093,0.9166666666666672
2021-08-03 04:00:00,0.0481927710843374,0.13095238095238093,0.9166666666666672
2021-08-03 05:00:00,0.0481927710843374,0.13095238095238093,0.9166666666666672
2021-08-03 06:00:00,0.0481927710843374,0.13095238095238093,0.9166666666666672
2021-08-03 07:00:00,0.0481927710843374,0.13095238095238093,0.9166666666666672
2021-08-03 08:00:00,0.0481927710843374,0.13095238095238093,0.9166666666666672
2021-08-03 09:00:00,0.0481927710843374,0.13095238095238093,0.9166666666666672
2021-08-03 10:00:00,0.0481927710843374,0.13095238095238093,0.9166666666666672
2021-08-03 11:00:00,0.0481927710843374,0.14285714285714285,0.9166666666666672
2021-08-03 12:00:00,0.0481927710843374,0.14285714285714285,0.9166666666666672
2021-08-03 13:00:00,0.0481927710843374,0.15476190476190477,0.9166666666666672
2021-08-03 14:00:00,0.0481927710843374,0.14285714285714285,0.9166666666666672
2021-08-03 15:00:00,0.0481927710843374,0.15476190476190477,0.9166666666666672
2021-08-03 16:00:00,0.0481927710843374,0.14285714285714285,0.8333333333333337
2021-08-03 17:00:00,0.0481927710843374,0.14285714285714285,0.8333333333333337
2021-08-03 18:00:00,0.0481927710843374,0.14285714285714285,0.8333333333333337
2021-08-03 19:00:00,0.0481927710843374,0.13095238095238093,0.8333333333333337
2021-08-03 20:00:00,0.0481927710843374,0.13095238095238093,0.8333333333333337
2021-08-03 21:00:00,0.0481927710843374,0.13095238095238093,0.8333333333333337
2021-08-03 22:00:00,0.0481927710843374,0.13095238095238093,0.8333333333333337
2021-08-03 23:00:00,0.0481927710843374,0.11904761904761903,0.8333333333333337
2021-08-04 00:00:00,0.0481927710843374,0.11904761904761903,0.8333333333333337
2021-08-04 01:00:00,0.0481927710843374,0.11904761904761903,0.8333333333333337
2021-08-04 02:00:00,0.0481927710843374,0.11904761904761903,0.8333333333333337
2021-08-04 03:00:00,0.036144578313253045,0.11904761904761903,0.8333333333333337
2021-08-04 04:00:00,0.036144578313253045,0.10714285714285715,0.8333333333333337
2021-08-04 05:00:00,0.036144578313253045,0.10714285714285715,0.8333333333333337
2021-08-04 06:00:00,0.036144578313253045,0.10714285714285715,0.8333333333333337
2021-08-04 07:00:00,0.036144578313253045,0.10714285714285715,0.8333333333333337
2021-08-04 08:00:00,0.036144578313253045,0.10714285714285715,0.8333333333333337
2021-08-04 09:00:00,0.036144578313253045,0.11904761904761903,0.8333333333333337
2021-08-04 10:00:00,0.036144578313253045,0.11904761904761903,0.8333333333333337
2021-08-04 11:00:00,0.036144578313253045,0.11904761904761903,0.8333333333333337
2021-08-04 12:00:00,0.036144578313253045,0.13095238095238093,0.8333333333333337
2021-08-04 13:00:00,0.036144578313253045,0.13095238095238093,0.8333333333333337
2021-08-04 14:00:00,0.036144578313253045,0.13095238095238093,0.8333333333333337
2021-08-04 15:00:00,0.036144578313253045,0.13095238095238093,0.8333333333333337
2021-08-04 16:00:00,0.036144578313253045,0.13095238095238093,0.8333333333333337
2021-08-04 17:00:00,0.036144578313253045,0.13095238095238093,0.8333333333333337
2021-08-04 18:00:00,0.036144578313253045,0.13095238095238093,0.8333333333333337
2021-08-04 19:00:00,0.036144578313253045,0.11904761904761903,0.8333333333333337
2021-08-04 20:00:00,0.036144578313253045,0.11904761904761903,0.8333333333333337
2021-08-04 21:00:00,0.036144578313253045,0.11904761904761903,0.8333333333333337
2021-08-04 22:00:00,0.036144578313253045,0.11904761904761903,0.8333333333333337
2021-08-04 23:00:00,0.036144578313253045,0.10714285714285715,0.8333333333333337
2021-08-05 00:00:00,0.036144578313253045,0.10714285714285715,0.8333333333333337
2021-08-05 01:00:00,0.036144578313253045,0.10714285714285715,0.8333333333333337
2021-08-05 02:00:00,0.036144578313253045,0.10714285714285715,0.8333333333333337
2021-08-05 03:00:00,0.036144578313253045,0.10714285714285715,0.8333333333333337
2021-08-05 04:00:00,0.036144578313253045,0.10714285714285715,0.8333333333333337
2021-08-05 05:00:00,0.036144578313253045,0.10714285714285715,0.8333333333333337
2021-08-05 06:00:00,0.036144578313253045,0.10714285714285715,0.8333333333333337
2021-08-05 07:00:00,0.036144578313253045,0.10714285714285715,0.8333333333333337
2021-08-05 08:00:00,0.036144578313253045,0.10714285714285715,0.8333333333333337
2021-08-05 09:00:00,0.036144578313253045,0.10714285714285715,0.8333333333333337
2021-08-05 10:00:00,0.036144578313253045,0.10714285714285715,0.8333333333333337
2021-08-05 11:00:00,0.036144578313253045,0.11904761904761903,0.7500000000000003
2021-08-05 12:00:00,0.036144578313253045,0.13095238095238093,0.7500000000000003
2021-08-05 13:00:00,0.036144578313253045,0.13095238095238093,0.7500000000000003
2021-08-05 14:00:00,0.036144578313253045,0.13095238095238093,0.7500000000000003
2021-08-05 15:00:00,0.036144578313253045,0.13095238095238093,0.7500000000000003
2021-08-05 16:00:00,0.036144578313253045,0.13095238095238093,0.7500000000000003
2021-08-05 17:00:00,0.036144578313253045,0.11904761904761903,0.7500000000000003
2021-08-05 18:00:00,0.036144578313253045,0.11904761904761903,0.7500000000000003
2021-08-05 19:00:00,0.036144578313253045,0.11904761904761903,0.7500000000000003
2021-08-05 20:00:00,0.036144578313253045,0.11904761904761903,0.7500000000000003
2021-08-05 21:00:00,0.036144578313253045,0.10714285714285715,0.7500000000000003
2021-08-05 22:00:00,0.036144578313253045,0.10714285714285715,0.7500000000000003
2021-08-05 23:00:00,0.036144578313253045,0.10714285714285715,0.7500000000000003
2021-08-06 00:00:00,0.036144578313253045,0.10714285714285715,0.7500000000000003
2021-08-06 01:00:00,0.036144578313253045,0.09523809523809523,0.7500000000000003
2021-08-06 02:00:00,0.036144578313253045,0.09523809523809523,0.7500000000000003
2021-08-06 03:00:00,0.036144578313253045,0.09523809523809523,0.7500000000000003
2021-08-06 04:00:00,0.036144578313253045,0.09523809523809523,0.7500000000000003
2021-08-06 05:00:00,0.0240963855421687,0.09523809523809523,0.7500000000000003
2021-08-06 06:00:00,0.0240963855421687,0.09523809523809523,0.7500000000000003
2021-08-06 07:00:00,0.0240963855421687,0.09523809523809523,0.7500000000000003
2021-08-06 08:00:00,0.0240963855421687,0.09523809523809523,0.7500000000000003
2021-08-06 09:00:00,0.0240963855421687,0.09523809523809523,0.7500000000000003
2021-08-06 10:00:00,0.0240963855421687,0.10714285714285715,0.7500000000000003
2021-08-06 11:00:00,0.0240963855421687,0.10714285714285715,0.7500000000000003
2021-08-06 12:00:00,0.0240963855421687,0.10714285714285715,0.7500000000000003
2021-08-06 13:00:00,0.0240963855421687,0.11904761904761903,0.7500000000000003
2021-08-06 14:00:00,0.0240963855421687,0.10714285714285715,0.6666666666666669
2021-08-06 15:00:00,0.0240963855421687,0.10714285714285715,0.6666666666666669
2021-08-06 16:00:00,0.0240963855421687,0.10714285714285715,0.6666666666666669
2021-08-06 17:00:00,0.0240963855421687,0.10714285714285715,0.6666666666666669
2021-08-06 18:00:00,0.0240963855421687,0.09523809523809523,0.6666666666666669
2021-08-06 19:00:00,0.0240963855421687,0.09523809523809523,0.6666666666666669
2021-08-06 20:00:00,0.0240963855421687,0.09523809523809523,0.6666666666666669
2021-08-06 21:00:00,0.0240963855421687,0.09523809523809523,0.6666666666666669
2021-08-06 22:00:00,0.0240963855421687,0.09523809523809523,0.6666666666666669
2021-08-06 23:00:00,0.0240963855421687,0.09523809523809523,0.6666666666666669
2021-08-07 00:00:00,0.0240963855421687,0.08333333333333331,0.6666666666666669
2021-08-07 01:00:00,0.0240963855421687,0.08333333333333331,0.6666666666666669
2021-08-07 02:00:00,0.0240963855421687,0.08333333333333331,0.6666666666666669
2021-08-07 03:00:00,0.0240963855421687,0.08333333333333331,0.6666666666666669
2021-08-07 04:00:00,0.0240963855421687,0.08333333333333331,0.6666666666666669
2021-08-07 05:00:00,0.0240963855421687,0.08333333333333331,0.6666666666666669
2021-08-07 06:00:00,0.0240963855421687,0.08333333333333331,0.6666666666666669
2021-08-07 07:00:00,0.0240963855421687,0.08333333333333331,0.6666666666666669
2021-08-07 08:00:00,0.0240963855421687,0.08333333333333331,0.6666666666666669
2021-08-07 09:00:00,0.0240963855421687,0.08333333333333331,0.6666666666666669
2021-08-07 10:00:00,0.0240963855421687,0.08333333333333331,0.6666666666666669
2021-08-07 11:00:00,0.0240963855421687,0.08333333333333331,0.6666666666666669
2021-08-07 12:00:00,0.0240963855421687,0.08333333333333331,0.6666666666666669
2021-08-07 13:00:00,0.0240963855421687,0.08333333333333331,0.6666666666666669
2021-08-07 14:00:00,0.0240963855421687,0.08333333333333331,0.6666666666666669
2021-08-07 15:00:00,0.0240963855421687,0.08333333333333331,0.6666666666666669
2021-08-07 16:00:00,0.0240963855421687,0.08333333333333331,0.6666666666666669
2021-08-07 17:00:00,0.0240963855421687,0.09523809523809523,0.6666666666666669
2021-08-07 18:00:00,0.0240963855421687,0.09523809523809523,0.5833333333333335
2021-08-07 19:00:00,0.0240963855421687,0.08333333333333331,0.5833333333333335
2021-08-07 20:00:00,0.0240963855421687,0.08333333333333331,0.5833333333333335
2021-08-07 21:00:00,0.0240963855421687,0.08333333333333331,0.5833333333333335
2021-08-07 22:00:00,0.0240963855421687,0.08333333333333331,0.5833333333333335
2021-08-07 23:00:00,0.0240963855421687,0.07142857142857141,0.6666666666666669
2021-08-08 00:00:00,0.0240963855421687,0.07142857142857141,0.5833333333333335
2021-08-08 01:00:00,0.0240963855421687,0.07142857142857141,0.5833333333333335
2021-08-08 02:00:00,0.0240963855421687,0.07142857142857141,0.5833333333333335
2021-08-08 03:00:00,0.0240963855421687,0.07142857142857141,0.5833333333333335
2021-08-08 04:00:00,0.0240963855421687,0.07142857142857141,0.5833333333333335
2021-08-08 05:00:00,0.0240963855421687,0.07142857142857141,0.5833333333333335
2021-08-08 06:00:00,0.0240963855421687,0.07142857142857141,0.5833333333333335
2021-08-08 07:00:00,0.0240963855421687,0.07142857142857141,0.5833333333333335
2021-08-08 08:00:00,0.0240963855421687,0.07142857142857141,0.5833333333333335
2021-08-08 09:00:00,0.0240963855421687,0.07142857142857141,0.5833333333333335
2021-08-08 10:00:00,0.0240963855421687,0.07142857142857141,0.5833333333333335
2021-08-08 11:00:00,0.0240963855421687,0.07142857142857141,0.5833333333333335
2021-08-08 12:00:00,0.0240963855421687,0.07142857142857141,0.5833333333333335
2021-08-08 13:00:00,0.0240963855421687,0.07142857142857141,0.5833333333333335
2021-08-08 14:00:00,0.0240963855421687,0.07142857142857141,0.5833333333333335
2021-08-08 15:00:00,0.0240963855421687,0.07142857142857141,0.5833333333333335
2021-08-08 16:00:00,0.01204819277108435,0.07142857142857141,0.5833333333333335
2021-08-08 17:00:00,0.01204819277108435,0.07142857142857141,0.5833333333333335
2021-08-08 18:00:00,0.01204819277108435,0.07142857142857141,0.5833333333333335
2021-08-08 19:00:00,0.01204819277108435,0.07142857142857141,0.5833333333333335
2021-08-08 20:00:00,0.01204819277108435,0.07142857142857141,0.5833333333333335
2021-08-08 21:00:00,0.01204819277108435,0.07142857142857141,0.5833333333333335
2021-08-08 22:00:00,0.01204819277108435,0.059523809523809534,0.5833333333333335
2021-08-08 23:00:00,0.01204819277108435,0.059523809523809534,0.5833333333333335
2021-08-09 00:00:00,0.01204819277108435,0.059523809523809534,0.5833333333333335
2021-08-09 01:00:00,0.01204819277108435,0.059523809523809534,0.5833333333333335
2021-08-09 02:00:00,0.01204819277108435,0.059523809523809534,0.5833333333333335
2021-08-09 03:00:00,0.01204819277108435,0.059523809523809534,0.5833333333333335
2021-08-09 04:00:00,0.01204819277108435,0.059523809523809534,0.5833333333333335
2021-08-09 05:00:00,0.01204819277108435,0.059523809523809534,0.5833333333333335
2021-08-09 06:00:00,0.01204819277108435,0.059523809523809534,0.5833333333333335
2021-08-09 07:00:00,0.01204819277108435,0.059523809523809534,0.5833333333333335
2021-08-09 08:00:00,0.01204819277108435,0.059523809523809534,0.5833333333333335
2021-08-09 09:00:00,0.01204819277108435,0.059523809523809534,0.5833333333333335
2021-08-09 10:00:00,0.01204819277108435,0.07142857142857141,0.5833333333333335
2021-08-09 11:00:00,0.01204819277108435,0.07142857142857141,0.5833333333333335
2021-08-09 12:00:00,0.01204819277108435,0.08333333333333331,0.5833333333333335
2021-08-09 13:00:00,0.01204819277108435,0.08333333333333331,0.5833333333333335
2021-08-09 14:00:00,0.01204819277108435,0.08333333333333331,0.5833333333333335
2021-08-09 15:00:00,0.01204819277108435,0.08333333333333331,0.5833333333333335
2021-08-09 16:00:00,0.01204819277108435,0.08333333333333331,0.5833333333333335
2021-08-09 17:00:00,0.01204819277108435,0.08333333333333331,0.5833333333333335
2021-08-09 18:00:00,0.01204819277108435,0.08333333333333331,0.5833333333333335
2021-08-09 19:00:00,0.01204819277108435,0.07142857142857141,0.5833333333333335
2021-08-09 20:00:00,0.01204819277108435,0.07142857142857141,0.5833333333333335
2021-08-09 21:00:00,0.01204819277108435,0.07142857142857141,0.5833333333333335
2021-08-09 22:00:00,0.01204819277108435,0.07142857142857141,0.5833333333333335
2021-08-09 23:00:00,0.01204819277108435,0.07142857142857141,0.5833333333333335
2021-08-10 00:00:00,0.01204819277108435,0.059523809523809534,0.5833333333333335
2021-08-10 01:00:00,0.01204819277108435,0.059523809523809534,0.5833333333333335
2021-08-10 02:00:00,0.01204819277108435,0.059523809523809534,0.5833333333333335
2021-08-10 03:00:00,0.01204819277108435,0.059523809523809534,0.5833333333333335
2021-08-10 04:00:00,0.01204819277108435,0.07142857142857141,0.5833333333333335
2021-08-10 05:00:00,0.01204819277108435,0.059523809523809534,0.5833333333333335
2021-08-10 06:00:00,0.01204819277108435,0.059523809523809534,0.5833333333333335
2021-08-10 07:00:00,0.01204819277108435,0.059523809523809534,0.5833333333333335
2021-08-10 08:00:00,0.01204819277108435,0.059523809523809534,0.5833333333333335
2021-08-10 09:00:00,0.01204819277108435,0.059523809523809534,0.5833333333333335
2021-08-10 10:00:00,0.01204819277108435,0.059523809523809534,0.5833333333333335
2021-08-10 11:00:00,0.01204819277108435,0.059523809523809534,0.5
2021-08-10 12:00:00,0.01204819277108435,0.059523809523809534,0.5
2021-08-10 13:00:00,0.01204819277108435,0.07142857142857141,0.5
2021-08-10 14:00:00,0.01204819277108435,0.07142857142857141,0.5
2021-08-10 15:00:00,0.01204819277108435,0.07142857142857141,0.5
2021-08-10 16:00:00,0.01204819277108435,0.07142857142857141,0.5
2021-08-10 17:00:00,0.01204819277108435,0.07142857142857141,0.5
2021-08-10 18:00:00,0.01204819277108435,0.07142857142857141,0.5
2021-08-10 19:00:00,0.01204819277108435,0.07142857142857141,0.5
2021-08-10 20:00:00,0.01204819277108435,0.059523809523809534,0.5
2021-08-10 21:00:00,0.01204819277108435,0.059523809523809534,0.5
2021-08-10 22:00:00,0.01204819277108435,0.059523809523809534,0.5
2021-08-10 23:00:00,0.01204819277108435,0.059523809523809534,0.5
2021-08-11 00:00:00,0.01204819277108435,0.059523809523809534,0.5
2021-08-11 01:00:00,0.01204819277108435,0.059523809523809534,0.5
2021-08-11 02:00:00,0.01204819277108435,0.059523809523809534,0.5
2021-08-11 03:00:00,0.01204819277108435,0.059523809523809534,0.5
2021-08-11 04:00:00,0.01204819277108435,0.059523809523809534,0.5
2021-08-11 05:00:00,0.01204819277108435,0.059523809523809534,0.5
2021-08-11 06:00:00,0.01204819277108435,0.059523809523809534,0.5
2021-08-11 07:00:00,0.01204819277108435,0.059523809523809534,0.5
2021-08-11 08:00:00,0.01204819277108435,0.059523809523809534,0.5
2021-08-11 09:00:00,0.01204819277108435,0.059523809523809534,0.5
2021-08-11 10:00:00,0.01204819277108435,0.059523809523809534,0.5
2021-08-11 11:00:00,0.01204819277108435,0.059523809523809534,0.5
2021-08-11 12:00:00,0.01204819277108435,0.07142857142857141,0.5
2021-08-11 13:00:00,0.01204819277108435,0.07142857142857141,0.5
2021-08-11 14:00:00,0.01204819277108435,0.07142857142857141,0.5
2021-08-11 15:00:00,0.01204819277108435,0.07142857142857141,0.5
2021-08-11 16:00:00,0.01204819277108435,0.059523809523809534,0.5
2021-08-11 17:00:00,0.01204819277108435,0.059523809523809534,0.4166666666666666
2021-08-11 18:00:00,0.01204819277108435,0.059523809523809534,0.4166666666666666
2021-08-11 19:00:00,0.01204819277108435,0.059523809523809534,0.4166666666666666
2021-08-11 20:00:00,0.01204819277108435,0.059523809523809534,0.4166666666666666
2021-08-11 21:00:00,0.01204819277108435,0.047619047619047616,0.4166666666666666
2021-08-11 22:00:00,0.01204819277108435,0.047619047619047616,0.4166666666666666
2021-08-11 23:00:00,0.01204819277108435,0.047619047619047616,0.4166666666666666
2021-08-12 00:00:00,0.01204819277108435,0.047619047619047616,0.4166666666666666
2021-08-12 01:00:00,0.01204819277108435,0.047619047619047616,0.4166666666666666
2021-08-12 02:00:00,0.01204819277108435,0.047619047619047616,0.4166666666666666
2021-08-12 03:00:00,0.01204819277108435,0.047619047619047616,0.5
2021-08-12 04:00:00,0.01204819277108435,0.047619047619047616,0.5
2021-08-12 05:00:00,0.01204819277108435,0.047619047619047616,0.4166666666666666
2021-08-12 06:00:00,0.01204819277108435,0.035714285714285705,0.5
2021-08-12 07:00:00,0.01204819277108435,0.035714285714285705,0.4166666666666666
2021-08-12 08:00:00,0.01204819277108435,0.035714285714285705,0.4166666666666666
2021-08-12 09:00:00,0.01204819277108435,0.035714285714285705,0.4166666666666666
2021-08-12 10:00:00,0.01204819277108435,0.047619047619047616,0.4166666666666666
2021-08-12 11:00:00,0.01204819277108435,0.047619047619047616,0.4166666666666666
2021-08-12 12:00:00,0.01204819277108435,0.059523809523809534,0.4166666666666666
2021-08-12 13:00:00,0.01204819277108435,0.059523809523809534,0.4166666666666666
2021-08-12 14:00:00,0.01204819277108435,0.059523809523809534,0.4166666666666666
2021-08-12 15:00:00,0.01204819277108435,0.059523809523809534,0.4166666666666666
2021-08-12 16:00:00,0.01204819277108435,0.059523809523809534,0.4166666666666666
2021-08-12 17:00:00,0.01204819277108435,0.059523809523809534,0.4166666666666666
2021-08-12 18:00:00,0.01204819277108435,0.059523809523809534,0.4166666666666666
2021-08-12 19:00:00,0.01204819277108435,0.047619047619047616,0.4166666666666666
2021-08-12 20:00:00,0.01204819277108435,0.047619047619047616,0.4166666666666666
2021-08-12 21:00:00,0.01204819277108435,0.047619047619047616,0.4166666666666666
2021-08-12 22:00:00,0.01204819277108435,0.047619047619047616,0.4166666666666666
2021-08-12 23:00:00,0.01204819277108435,0.035714285714285705,0.4166666666666666
2021-08-13 00:00:00,0.01204819277108435,0.035714285714285705,0.4166666666666666
2021-08-13 01:00:00,0.01204819277108435,0.035714285714285705,0.4166666666666666
2021-08-13 02:00:00,0.01204819277108435,0.035714285714285705,0.4166666666666666
2021-08-13 03:00:00,0.01204819277108435,0.035714285714285705,0.4166666666666666
2021-08-13 04:00:00,0.01204819277108435,0.023809523809523808,0.4166666666666666
2021-08-13 05:00:00,0.01204819277108435,0.023809523809523808,0.4166666666666666
2021-08-13 06:00:00,0.01204819277108435,0.023809523809523808,0.4166666666666666
2021-08-13 07:00:00,0.01204819277108435,0.023809523809523808,0.4166666666666666
2021-08-13 08:00:00,0.01204819277108435,0.023809523809523808,0.4166666666666666
2021-08-13 09:00:00,0.0,0.023809523809523808,0.4166666666666666
2021-08-13 10:00:00,0.0,0.035714285714285705,0.4166666666666666
2021-08-13 11:00:00,0.0,0.035714285714285705,0.4166666666666666
2021-08-13 12:00:00,0.0,0.059523809523809534,0.4166666666666666
2021-08-13 13:00:00,0.0,0.059523809523809534,0.4166666666666666
2021-08-13 14:00:00,0.0,0.059523809523809534,0.4166666666666666
2021-08-13 15:00:00,0.0,0.059523809523809534,0.4166666666666666
2021-08-13 16:00:00,0.0,0.059523809523809534,0.4166666666666666
2021-08-13 17:00:00,0.0,0.059523809523809534,0.4166666666666666
2021-08-13 18:00:00,0.0,0.047619047619047616,0.4166666666666666
2021-08-13 19:00:00,0.0,0.047619047619047616,0.4166666666666666
2021-08-13 20:00:00,0.0,0.047619047619047616,0.4166666666666666
2021-08-13 21:00:00,0.0,0.035714285714285705,0.4166666666666666
2021-08-13 22:00:00,0.0,0.035714285714285705,0.4166666666666666
2021-08-13 23:00:00,0.0,0.035714285714285705,0.4166666666666666
2021-08-14 00:00:00,0.0,0.023809523809523808,0.4166666666666666
2021-08-14 01:00:00,0.0,0.023809523809523808,0.4166666666666666
2021-08-14 02:00:00,0.0,0.023809523809523808,0.4166666666666666
2021-08-14 03:00:00,0.0,0.023809523809523808,0.4166666666666666
2021-08-14 04:00:00,0.0,0.023809523809523808,0.4166666666666666
2021-08-14 05:00:00,0.0,0.023809523809523808,0.4166666666666666
2021-08-14 06:00:00,0.0,0.023809523809523808,0.4166666666666666
2021-08-14 07:00:00,0.0,0.023809523809523808,0.4166666666666666
2021-08-14 08:00:00,0.0,0.023809523809523808,0.4166666666666666
2021-08-14 09:00:00,0.0,0.023809523809523808,0.4166666666666666
2021-08-14 10:00:00,0.0,0.023809523809523808,0.4166666666666666
2021-08-14 11:00:00,0.0,0.023809523809523808,0.4166666666666666
2021-08-14 12:00:00,0.0,0.035714285714285705,0.33333333333333315
2021-08-14 13:00:00,0.0,0.035714285714285705,0.33333333333333315
2021-08-14 14:00:00,0.0,0.047619047619047616,0.33333333333333315
2021-08-14 15:00:00,0.0,0.047619047619047616,0.33333333333333315
2021-08-14 16:00:00,0.0,0.047619047619047616,0.33333333333333315
2021-08-14 17:00:00,0.0,0.047619047619047616,0.33333333333333315
2021-08-14 18:00:00,0.0,0.035714285714285705,0.33333333333333315
2021-08-14 19:00:00,0.0,0.035714285714285705,0.33333333333333315
2021-08-14 20:00:00,0.0,0.035714285714285705,0.33333333333333315
2021-08-14 21:00:00,0.0,0.035714285714285705,0.33333333333333315
2021-08-14 22:00:00,0.0,0.023809523809523808,0.4166666666666666
2021-08-14 23:00:00,0.0,0.023809523809523808,0.4166666666666666
2021-08-15 00:00:00,0.0,0.023809523809523808,0.4166666666666666
2021-08-15 01:00:00,0.0,0.023809523809523808,0.4166666666666666
2021-08-15 02:00:00,0.0,0.023809523809523808,0.4166666666666666
2021-08-15 03:00:00,0.0,0.023809523809523808,0.33333333333333315
2021-08-15 04:00:00,0.0,0.023809523809523808,0.33333333333333315
2021-08-15 05:00:00,0.0,0.011904761904761894,0.33333333333333315
2021-08-15 06:00:00,0.0,0.011904761904761894,0.33333333333333315
2021-08-15 07:00:00,0.0,0.011904761904761894,0.33333333333333315
2021-08-15 08:00:00,0.0,0.011904761904761894,0.33333333333333315
2021-08-15 09:00:00,0.0,0.011904761904761894,0.33333333333333315
2021-08-15 10:00:00,0.0,0.011904761904761894,0.33333333333333315
2021-08-15 11:00:00,0.0,0.023809523809523808,0.33333333333333315
2021-08-15 12:00:00,0.0,0.023809523809523808,0.33333333333333315
2021-08-15 13:00:00,0.0,0.023809523809523808,0.33333333333333315
2021-08-15 14:00:00,0.0,0.035714285714285705,0.33333333333333315
2021-08-15 15:00:00,0.0,0.035714285714285705,0.33333333333333315
2021-08-15 16:00:00,0.0,0.035714285714285705,0.33333333333333315
2021-08-15 17:00:00,0.0,0.035714285714285705,0.33333333333333315
2021-08-15 18:00:00,0.0,0.023809523809523808,0.33333333333333315
2021-08-15 19:00:00,0.0,0.023809523809523808,0.33333333333333315
2021-08-15 20:00:00,0.0,0.023809523809523808,0.33333333333333315
2021-08-15 21:00:00,0.0,0.011904761904761894,0.33333333333333315
2021-08-15 22:00:00,0.0,0.011904761904761894,0.33333333333333315
2021-08-15 23:00:00,0.0,0.011904761904761894,0.33333333333333315
2021-08-16 00:00:00,0.0,0.011904761904761894,0.33333333333333315
2021-08-16 01:00:00,0.0,0.011904761904761894,0.33333333333333315
2021-08-16 02:00:00,0.0,0.011904761904761894,0.33333333333333315
2021-08-16 03:00:00,0.0,0.011904761904761894,0.33333333333333315
2021-08-16 04:00:00,0.0,0.011904761904761894,0.33333333333333315
2021-08-16 05:00:00,0.0,0.011904761904761894,0.33333333333333315
2021-08-16 06:00:00,0.0,0.011904761904761894,0.33333333333333315
2021-08-16 07:00:00,0.0,0.0,0.33333333333333315
2021-08-16 08:00:00,0.0,0.0,0.33333333333333315
2021-08-16 09:00:00,0.0,0.0,0.33333333333333315
2021-08-16 10:00:00,0.0,0.0,0.33333333333333315
2021-08-16 11:00:00,0.0,0.011904761904761894,0.33333333333333315
2021-08-16 12:00:00,0.0,0.011904761904761894,0.33333333333333315
2021-08-16 13:00:00,0.0,0.0,0.33333333333333315
2021-08-16 14:00:00,0.0,0.0,0.33333333333333315
2021-08-16 15:00:00,0.0,0.0,0.33333333333333315
2021-08-16 16:00:00,0.0,0.0,0.33333333333333315
2021-08-16 17:00:00,0.0,0.0,0.33333333333333315
2021-08-16 18:00:00,0.0,0.0,0.33333333333333315
2021-08-16 19:00:00,0.0,0.0,0.33333333333333315
2021-08-16 20:00:00,0.0,0.0,0.33333333333333315
2021-08-16 21:00:00,0.0,0.0,0.33333333333333315
2021-08-16 22:00:00,0.0,0.0,0.33333333333333315
2021-08-16 23:00:00,0.0,0.0,0.33333333333333315
2021-08-17 00:00:00,0.0,0.14285714285714285,0.33333333333333315
2021-08-17 01:00:00,0.0,0.34523809523809523,0.33333333333333315
2021-08-17 02:00:00,0.33734939759036153,0.6190476190476191,0.33333333333333315
2021-08-17 03:00:00,0.43373493975903615,0.738095238095238,0.33333333333333315
2021-08-17 04:00:00,0.4939759036144579,0.7857142857142857,0.33333333333333315
2021-08-17 05:00:00,0.5180722891566266,0.8333333333333334,0.33333333333333315
2021-08-17 06:00:00,0.6626506024096386,0.8809523809523808,0.33333333333333315
2021-08-17 07:00:00,0.9879518072289156,0.8928571428571428,0.33333333333333315
2021-08-17 08:00:00,1.0,0.9166666666666666,0.33333333333333315
2021-08-17 09:00:00,0.9518072289156629,0.9047619047619047,0.33333333333333315
2021-08-17 10:00:00,0.8915662650602412,0.9047619047619047,0.33333333333333315
2021-08-17 11:00:00,0.8554216867469882,0.9047619047619047,0.33333333333333315
2021-08-17 12:00:00,0.8192771084337351,0.9047619047619047,0.33333333333333315
2021-08-17 13:00:00,0.7951807228915664,0.9047619047619047,0.33333333333333315
2021-08-17 14:00:00,0.7710843373493977,0.9047619047619047,0.33333333333333315
2021-08-17 15:00:00,0.7590361445783134,0.9047619047619047,0.33333333333333315
2021-08-17 16:00:00,0.7469879518072291,0.9047619047619047,0.33333333333333315
2021-08-17 17:00:00,0.7349397590361447,0.9166666666666666,0.33333333333333315
2021-08-17 18:00:00,0.7228915662650603,0.9166666666666666,0.33333333333333315
2021-08-17 19:00:00,0.7108433734939761,0.9285714285714285,0.33333333333333315
2021-08-17 20:00:00,0.7108433734939761,0.9285714285714285,0.33333333333333315
2021-08-17 21:00:00,0.6987951807228917,0.9285714285714285,0.33333333333333315
2021-08-17 22:00:00,0.6987951807228917,0.9404761904761905,0.33333333333333315
2021-08-17 23:00:00,0.6987951807228917,0.9404761904761905,0.33333333333333315
2021-08-18 00:00:00,0.6867469879518073,0.9404761904761905,0.33333333333333315
2021-08-18 01:00:00,0.6867469879518073,0.9404761904761905,0.33333333333333315
2021-08-18 02:00:00,0.6867469879518073,0.9404761904761905,0.33333333333333315
2021-08-18 03:00:00,0.674698795180723,0.9404761904761905,0.33333333333333315
2021-08-18 04:00:00,0.674698795180723,0.9523809523809523,0.33333333333333315
2021-08-18 05:00:00,0.674698795180723,0.9523809523809523,0.33333333333333315
2021-08-18 06:00:00,0.6626506024096386,0.9523809523809523,0.33333333333333315
2021-08-18 07:00:00,0.6626506024096386,0.9523809523809523,0.33333333333333315
2021-08-18 08:00:00,0.6626506024096386,0.9523809523809523,0.33333333333333315
2021-08-18 09:00:00,0.6506024096385543,0.9523809523809523,0.33333333333333315
2021-08-18 10:00:00,0.6506024096385543,0.9523809523809523,0.2500000000000003
2021-08-18 11:00:00,0.6506024096385543,0.9523809523809523,0.2500000000000003
2021-08-18 12:00:00,0.6506024096385543,0.9523809523809523,0.2500000000000003
2021-08-18 13:00:00,0.6385542168674699,0.9523809523809523,0.2500000000000003
2021-08-18 14:00:00,0.6385542168674699,0.9523809523809523,0.2500000000000003
2021-08-18 15:00:00,0.6385542168674699,0.9761904761904762,0.2500000000000003
2021-08-18 16:00:00,0.6265060240963856,0.9761904761904762,0.2500000000000003
2021-08-18 17:00:00,0.6265060240963856,0.9642857142857143,0.2500000000000003
2021-08-18 18:00:00,0.6265060240963856,0.9642857142857143,0.2500000000000003
2021-08-18 19:00:00,0.6144578313253012,0.9642857142857143,0.2500000000000003
2021-08-18 20:00:00,0.6144578313253012,0.9642857142857143,0.2500000000000003
2021-08-18 21:00:00,0.6144578313253012,0.9523809523809523,0.33333333333333315
2021-08-18 22:00:00,0.6024096385542169,0.9523809523809523,0.33333333333333315
2021-08-18 23:00:00,0.6024096385542169,0.9523809523809523,0.33333333333333315
2021-08-19 00:00:00,0.6024096385542169,0.9523809523809523,0.33333333333333315
2021-08-19 01:00:00,0.6024096385542169,0.9523809523809523,0.33333333333333315
2021-08-19 02:00:00,0.5903614457831325,0.9523809523809523,0.33333333333333315
2021-08-19 03:00:00,0.5903614457831325,0.9523809523809523,0.33333333333333315
2021-08-19 04:00:00,0.5903614457831325,0.9523809523809523,0.2500000000000003
2021-08-19 05:00:00,0.5903614457831325,0.9523809523809523,0.2500000000000003
2021-08-19 06:00:00,0.5903614457831325,0.9523809523809523,0.2500000000000003
2021-08-19 07:00:00,0.5783132530120484,0.9404761904761905,0.2500000000000003
2021-08-19 08:00:00,0.5783132530120484,0.9404761904761905,0.2500000000000003
2021-08-19 09:00:00,0.5783132530120484,0.9404761904761905,0.2500000000000003
2021-08-19 10:00:00,0.5783132530120484,0.9404761904761905,0.2500000000000003
2021-08-19 11:00:00,0.5783132530120484,0.9404761904761905,0.2500000000000003
2021-08-19 12:00:00,0.5783132530120484,0.9404761904761905,0.2500000000000003
2021-08-19 13:00:00,0.5783132530120484,0.8690476190476191,0.2500000000000003
2021-08-19 14:00:00,0.566265060240964,0.9880952380952381,0.2500000000000003
2021-08-19 15:00:00,0.566265060240964,1.0,0.2500000000000003
2021-08-19 16:00:00,0.566265060240964,1.0,0.2500000000000003
2021-08-19 17:00:00,0.566265060240964,1.0,0.2500000000000003
2021-08-19 18:00:00,0.566265060240964,1.0,0.2500000000000003
2021-08-19 19:00:00,0.5542168674698796,1.0,0.2500000000000003
2021-08-19 20:00:00,0.5542168674698796,1.0,0.2500000000000003
2021-08-19 21:00:00,0.5542168674698796,1.0,0.2500000000000003
2021-08-19 22:00:00,0.5542168674698796,1.0,0.2500000000000003
2021-08-19 23:00:00,0.5542168674698796,1.0,0.2500000000000003
2021-08-20 00:00:00,0.5542168674698796,1.0,0.2500000000000003
2021-08-20 01:00:00,0.5542168674698796,1.0,0.2500000000000003
2021-08-20 02:00:00,0.5542168674698796,1.0,0.2500000000000003
2021-08-20 03:00:00,0.5542168674698796,1.0,0.2500000000000003
2021-08-20 04:00:00,0.5421686746987953,1.0,0.2500000000000003
2021-08-20 05:00:00,0.5421686746987953,1.0,0.2500000000000003
2021-08-20 06:00:00,0.5421686746987953,1.0,0.2500000000000003
2021-08-20 07:00:00,0.5421686746987953,1.0,0.2500000000000003
2021-08-20 08:00:00,0.5421686746987953,1.0,0.2500000000000003
2021-08-20 09:00:00,0.5421686746987953,1.0,0.2500000000000003
2021-08-20 10:00:00,0.5421686746987953,1.0,0.2500000000000003
2021-08-20 11:00:00,0.5421686746987953,1.0,0.2500000000000003
2021-08-20 12:00:00,0.5421686746987953,1.0,0.2500000000000003
2021-08-20 13:00:00,0.5421686746987953,1.0,0.2500000000000003
2021-08-20 14:00:00,0.530120481927711,1.0,0.2500000000000003
2021-08-20 15:00:00,0.530120481927711,1.0,0.2500000000000003
2021-08-20 16:00:00,0.530120481927711,0.9880952380952381,0.2500000000000003
2021-08-20 17:00:00,0.530120481927711,0.9880952380952381,0.2500000000000003
2021-08-20 18:00:00,0.530120481927711,0.9880952380952381,0.2500000000000003
2021-08-20 19:00:00,0.530120481927711,0.9880952380952381,0.2500000000000003
2021-08-20 20:00:00,0.530120481927711,0.9880952380952381,0.2500000000000003
2021-08-20 21:00:00,0.5180722891566266,0.9761904761904762,0.2500000000000003
2021-08-20 22:00:00,0.5180722891566266,0.9761904761904762,0.2500000000000003
2021-08-20 23:00:00,0.5180722891566266,0.9761904761904762,0.2500000000000003
2021-08-21 00:00:00,0.5180722891566266,0.9761904761904762,0.2500000000000003
2021-08-21 01:00:00,0.5180722891566266,0.9761904761904762,0.2500000000000003
2021-08-21 02:00:00,0.5180722891566266,0.9761904761904762,0.2500000000000003
2021-08-21 03:00:00,0.5180722891566266,0.9761904761904762,0.2500000000000003
2021-08-21 04:00:00,0.5180722891566266,0.9761904761904762,0.2500000000000003
2021-08-21 05:00:00,0.5180722891566266,0.9761904761904762,0.2500000000000003
2021-08-21 06:00:00,0.5180722891566266,0.9761904761904762,0.2500000000000003
2021-08-21 07:00:00,0.5180722891566266,0.9761904761904762,0.2500000000000003
2021-08-21 08:00:00,0.5060240963855422,0.9761904761904762,0.2500000000000003
2021-08-21 09:00:00,0.5060240963855422,0.9761904761904762,0.2500000000000003
2021-08-21 10:00:00,0.5060240963855422,0.9761904761904762,0.2500000000000003
2021-08-21 11:00:00,0.5060240963855422,0.9761904761904762,0.2500000000000003
2021-08-21 12:00:00,0.5060240963855422,0.9761904761904762,0.2500000000000003
2021-08-21 13:00:00,0.5060240963855422,0.9761904761904762,0.2500000000000003
2021-08-21 14:00:00,0.5060240963855422,0.9761904761904762,0.2500000000000003
2021-08-21 15:00:00,0.5060240963855422,0.9761904761904762,0.2500000000000003
2021-08-21 16:00:00,0.5060240963855422,0.9761904761904762,0.2500000000000003
2021-08-21 17:00:00,0.5060240963855422,0.9642857142857143,0.2500000000000003
2021-08-21 18:00:00,0.4939759036144579,0.9642857142857143,0.2500000000000003
2021-08-21 19:00:00,0.4939759036144579,0.9642857142857143,0.2500000000000003
2021-08-21 20:00:00,0.4939759036144579,0.9523809523809523,0.2500000000000003
2021-08-21 21:00:00,0.4939759036144579,0.9523809523809523,0.2500000000000003
2021-08-21 22:00:00,0.4939759036144579,0.9523809523809523,0.2500000000000003
2021-08-21 23:00:00,0.4939759036144579,0.9523809523809523,0.2500000000000003
2021-08-22 00:00:00,0.4939759036144579,0.9523809523809523,0.2500000000000003
2021-08-22 01:00:00,0.4939759036144579,0.9523809523809523,0.2500000000000003
2021-08-22 02:00:00,0.4939759036144579,0.9523809523809523,0.2500000000000003
2021-08-22 03:00:00,0.4939759036144579,0.9523809523809523,0.2500000000000003
2021-08-22 04:00:00,0.48192771084337355,0.9523809523809523,0.2500000000000003
2021-08-22 05:00:00,0.48192771084337355,0.9523809523809523,0.2500000000000003
2021-08-22 06:00:00,0.48192771084337355,0.9523809523809523,0.2500000000000003
2021-08-22 07:00:00,0.48192771084337355,0.9523809523809523,0.2500000000000003
2021-08-22 08:00:00,0.48192771084337355,0.9523809523809523,0.2500000000000003
2021-08-22 09:00:00,0.48192771084337355,0.9523809523809523,0.2500000000000003
2021-08-22 10:00:00,0.48192771084337355,0.9523809523809523,0.2500000000000003
2021-08-22 11:00:00,0.48192771084337355,0.9523809523809523,0.2500000000000003
2021-08-22 12:00:00,0.48192771084337355,0.9404761904761905,0.2500000000000003
2021-08-22 13:00:00,0.4698795180722892,0.9404761904761905,0.2500000000000003
2021-08-22 14:00:00,0.4698795180722892,0.9285714285714285,0.2500000000000003
2021-08-22 15:00:00,0.4698795180722892,0.9285714285714285,0.2500000000000003
2021-08-22 16:00:00,0.4698795180722892,0.9166666666666666,0.2500000000000003
2021-08-22 17:00:00,0.4698795180722892,0.9166666666666666,0.2500000000000003
2021-08-22 18:00:00,0.4698795180722892,0.9047619047619047,0.2500000000000003
2021-08-22 19:00:00,0.4698795180722892,0.9047619047619047,0.2500000000000003
2021-08-22 20:00:00,0.4698795180722892,0.8928571428571428,0.2500000000000003
2021-08-22 21:00:00,0.4698795180722892,0.8928571428571428,0.2500000000000003
2021-08-22 22:00:00,0.45783132530120485,0.8928571428571428,0.2500000000000003
2021-08-22 23:00:00,0.45783132530120485,0.8928571428571428,0.2500000000000003
2021-08-23 00:00:00,0.45783132530120485,0.8928571428571428,0.2500000000000003
2021-08-23 01:00:00,0.45783132530120485,0.8928571428571428,0.2500000000000003
2021-08-23 02:00:00,0.45783132530120485,0.8928571428571428,0.2500000000000003
2021-08-23 03:00:00,0.45783132530120485,0.8928571428571428,0.2500000000000003
2021-08-23 04:00:00,0.45783132530120485,0.8928571428571428,0.2500000000000003
2021-08-23 05:00:00,0.45783132530120485,0.8928571428571428,0.2500000000000003
2021-08-23 06:00:00,0.45783132530120485,0.8928571428571428,0.2500000000000003
2021-08-23 07:00:00,0.45783132530120485,0.8928571428571428,0.2500000000000003
2021-08-23 08:00:00,0.45783132530120485,0.8928571428571428,0.2500000000000003
2021-08-23 09:00:00,0.45783132530120485,0.8928571428571428,0.2500000000000003
2021-08-23 10:00:00,0.45783132530120485,0.8928571428571428,0.2500000000000003
2021-08-23 11:00:00,0.45783132530120485,0.8928571428571428,0.2500000000000003
2021-08-23 12:00:00,0.44578313253012053,0.8928571428571428,0.2500000000000003
2021-08-23 13:00:00,0.44578313253012053,0.8928571428571428,0.2500000000000003
2021-08-23 14:00:00,0.44578313253012053,0.8928571428571428,0.2500000000000003
2021-08-23 15:00:00,0.44578313253012053,0.8809523809523808,0.2500000000000003
2021-08-23 16:00:00,0.44578313253012053,0.8809523809523808,0.2500000000000003
2021-08-23 17:00:00,0.44578313253012053,0.8809523809523808,0.2500000000000003
2021-08-23 18:00:00,0.44578313253012053,0.8690476190476191,0.2500000000000003
2021-08-23 19:00:00,0.44578313253012053,0.8690476190476191,0.2500000000000003
2021-08-23 20:00:00,0.44578313253012053,0.8690476190476191,0.2500000000000003
2021-08-23 21:00:00,0.44578313253012053,0.8690476190476191,0.2500000000000003
2021-08-23 22:00:00,0.44578313253012053,0.8690476190476191,0.2500000000000003
2021-08-23 23:00:00,0.43373493975903615,0.8690476190476191,0.2500000000000003
2021-08-24 00:00:00,0.43373493975903615,0.8690476190476191,0.2500000000000003
2021-08-24 01:00:00,0.43373493975903615,0.8690476190476191,0.2500000000000003
2021-08-24 02:00:00,0.43373493975903615,0.8690476190476191,0.2500000000000003
2021-08-24 03:00:00,0.43373493975903615,0.8690476190476191,0.2500000000000003
2021-08-24 04:00:00,0.43373493975903615,0.8690476190476191,0.2500000000000003
2021-08-24 05:00:00,0.43373493975903615,0.8690476190476191,0.2500000000000003
2021-08-24 06:00:00,0.43373493975903615,0.8690476190476191,0.2500000000000003
2021-08-24 07:00:00,0.43373493975903615,0.8690476190476191,0.2500000000000003
2021-08-24 08:00:00,0.43373493975903615,0.8690476190476191,0.2500000000000003
2021-08-24 09:00:00,0.43373493975903615,0.8690476190476191,0.2500000000000003
2021-08-24 10:00:00,0.43373493975903615,0.8690476190476191,0.2500000000000003
2021-08-24 11:00:00,0.43373493975903615,0.8690476190476191,0.2500000000000003
2021-08-24 12:00:00,0.43373493975903615,0.8690476190476191,0.2500000000000003
2021-08-24 13:00:00,0.43373493975903615,0.8690476190476191,0.2500000000000003
2021-08-24 14:00:00,0.42168674698795183,0.8571428571428572,0.2500000000000003
2021-08-24 15:00:00,0.42168674698795183,0.8571428571428572,0.2500000000000003
2021-08-24 16:00:00,0.42168674698795183,0.8571428571428572,0.2500000000000003
2021-08-24 17:00:00,0.42168674698795183,0.8452380952380952,0.2500000000000003
2021-08-24 18:00:00,0.42168674698795183,0.8452380952380952,0.2500000000000003
2021-08-24 19:00:00,0.42168674698795183,0.8333333333333334,0.2500000000000003
2021-08-24 20:00:00,0.42168674698795183,0.8333333333333334,0.2500000000000003
2021-08-24 21:00:00,0.42168674698795183,0.8333333333333334,0.2500000000000003
2021-08-24 22:00:00,0.42168674698795183,0.8333333333333334,0.2500000000000003
2021-08-24 23:00:00,0.42168674698795183,0.8214285714285714,0.2500000000000003
2021-08-25 00:00:00,0.42168674698795183,0.8214285714285714,0.2500000000000003
2021-08-25 01:00:00,0.42168674698795183,0.8214285714285714,0.2500000000000003
2021-08-25 02:00:00,0.40963855421686746,0.8214285714285714,0.2500000000000003
2021-08-25 03:00:00,0.40963855421686746,0.8214285714285714,0.2500000000000003
2021-08-25 04:00:00,0.40963855421686746,0.8214285714285714,0.2500000000000003
2021-08-25 05:00:00,0.40963855421686746,0.8214285714285714,0.2500000000000003
2021-08-25 06:00:00,0.40963855421686746,0.8214285714285714,0.2500000000000003
2021-08-25 07:00:00,0.40963855421686746,0.8214285714285714,0.2500000000000003
2021-08-25 08:00:00,0.40963855421686746,0.8333333333333334,0.2500000000000003
2021-08-25 09:00:00,0.40963855421686746,0.8333333333333334,0.2500000000000003
2021-08-25 10:00:00,0.40963855421686746,0.8333333333333334,0.2500000000000003
2021-08-25 11:00:00,0.40963855421686746,0.8333333333333334,0.2500000000000003
2021-08-25 12:00:00,0.40963855421686746,0.8333333333333334,0.2500000000000003
2021-08-25 13:00:00,0.40963855421686746,0.8333333333333334,0.2500000000000003
2021-08-25 14:00:00,0.3975903614457833,0.8214285714285714,0.2500000000000003
2021-08-25 15:00:00,0.3975903614457833,0.8214285714285714,0.2500000000000003
2021-08-25 16:00:00,0.3975903614457833,0.8095238095238095,0.2500000000000003
2021-08-25 17:00:00,0.3975903614457833,0.8095238095238095,0.2500000000000003
2021-08-25 18:00:00,0.3975903614457833,0.7976190476190477,0.2500000000000003
2021-08-25 19:00:00,0.3975903614457833,0.7976190476190477,0.2500000000000003
2021-08-25 20:00:00,0.3975903614457833,0.7857142857142857,0.2500000000000003
2021-08-25 21:00:00,0.3975903614457833,0.7857142857142857,0.2500000000000003
2021-08-25 22:00:00,0.3975903614457833,0.7857142857142857,0.2500000000000003
2021-08-25 23:00:00,0.3975903614457833,0.7738095238095238,0.2500000000000003
2021-08-26 00:00:00,0.3975903614457833,0.7738095238095238,0.2500000000000003
2021-08-26 01:00:00,0.3855421686746989,0.7738095238095238,0.2500000000000003
2021-08-26 02:00:00,0.3855421686746989,0.7738095238095238,0.2500000000000003
2021-08-26 03:00:00,0.3855421686746989,0.7738095238095238,0.2500000000000003
2021-08-26 04:00:00,0.3855421686746989,0.7738095238095238,0.2500000000000003
2021-08-26 05:00:00,0.3855421686746989,0.7738095238095238,0.2500000000000003
2021-08-26 06:00:00,0.3855421686746989,0.7738095238095238,0.2500000000000003
2021-08-26 07:00:00,0.3855421686746989,0.7738095238095238,0.2500000000000003
2021-08-26 08:00:00,0.3855421686746989,0.7738095238095238,0.2500000000000003
2021-08-26 09:00:00,0.3855421686746989,0.7738095238095238,0.2500000000000003
2021-08-26 10:00:00,0.3855421686746989,0.7738095238095238,0.2500000000000003
2021-08-26 11:00:00,0.3855421686746989,0.7738095238095238,0.2500000000000003
2021-08-26 12:00:00,0.3855421686746989,0.7857142857142857,0.2500000000000003
2021-08-26 13:00:00,0.3855421686746989,0.7738095238095238,0.2500000000000003
2021-08-26 14:00:00,0.3855421686746989,0.7738095238095238,0.2500000000000003
2021-08-26 15:00:00,0.3734939759036146,0.7619047619047619,0.2500000000000003
2021-08-26 16:00:00,0.3734939759036146,0.7619047619047619,0.2500000000000003
2021-08-26 17:00:00,0.3734939759036146,0.75,0.2500000000000003
2021-08-26 18:00:00,0.3734939759036146,0.75,0.2500000000000003
2021-08-26 19:00:00,0.3734939759036146,0.738095238095238,0.2500000000000003
2021-08-26 20:00:00,0.3734939759036146,0.738095238095238,0.2500000000000003
2021-08-26 21:00:00,0.3734939759036146,0.738095238095238,0.2500000000000003
2021-08-26 22:00:00,0.3734939759036146,0.7261904761904762,0.2500000000000003
2021-08-26 23:00:00,0.3734939759036146,0.7261904761904762,0.2500000000000003
2021-08-27 00:00:00,0.3734939759036146,0.7261904761904762,0.2500000000000003
2021-08-27 01:00:00,0.3734939759036146,0.7261904761904762,0.2500000000000003
2021-08-27 02:00:00,0.3734939759036146,0.7261904761904762,0.2500000000000003
2021-08-27 03:00:00,0.3734939759036146,0.7142857142857142,0.2500000000000003
2021-08-27 04:00:00,0.36144578313253023,0.7142857142857142,0.2500000000000003
2021-08-27 05:00:00,0.36144578313253023,0.7142857142857142,0.2500000000000003
2021-08-27 06:00:00,0.36144578313253023,0.7142857142857142,0.2500000000000003
2021-08-27 07:00:00,0.36144578313253023,0.7142857142857142,0.2500000000000003
2021-08-27 08:00:00,0.36144578313253023,0.7142857142857142,0.2500000000000003
2021-08-27 09:00:00,0.36144578313253023,0.7142857142857142,0.2500000000000003
2021-08-27 10:00:00,0.36144578313253023,0.7142857142857142,0.2500000000000003
2021-08-27 11:00:00,0.36144578313253023,0.7142857142857142,0.2500000000000003
2021-08-27 12:00:00,0.36144578313253023,0.7142857142857142,0.2500000000000003
2021-08-27 13:00:00,0.36144578313253023,0.7142857142857142,0.2500000000000003
2021-08-27 14:00:00,0.36144578313253023,0.7023809523809523,0.2500000000000003
2021-08-27 15:00:00,0.36144578313253023,0.7023809523809523,0.2500000000000003
2021-08-27 16:00:00,0.36144578313253023,0.7023809523809523,0.2500000000000003
2021-08-27 17:00:00,0.3493975903614459,0.6904761904761906,0.2500000000000003
2021-08-27 18:00:00,0.3493975903614459,0.6904761904761906,0.2500000000000003
2021-08-27 19:00:00,0.3493975903614459,0.6904761904761906,0.2500000000000003
2021-08-27 20:00:00,0.3493975903614459,0.6904761904761906,0.2500000000000003
2021-08-27 21:00:00,0.3493975903614459,0.6904761904761906,0.2500000000000003
2021-08-27 22:00:00,0.3493975903614459,0.6785714285714286,0.2500000000000003
2021-08-27 23:00:00,0.3493975903614459,0.6785714285714286,0.2500000000000003
2021-08-28 00:00:00,0.3493975903614459,0.6785714285714286,0.2500000000000003
2021-08-28 01:00:00,0.3493975903614459,0.6785714285714286,0.2500000000000003
2021-08-28 02:00:00,0.3493975903614459,0.6785714285714286,0.2500000000000003
2021-08-28 03:00:00,0.3493975903614459,0.6785714285714286,0.2500000000000003
2021-08-28 04:00:00,0.3493975903614459,0.6785714285714286,0.2500000000000003
2021-08-28 05:00:00,0.3493975903614459,0.6785714285714286,0.2500000000000003
2021-08-28 06:00:00,0.3493975903614459,0.6785714285714286,0.2500000000000003
2021-08-28 07:00:00,0.3493975903614459,0.6785714285714286,0.2500000000000003
2021-08-28 08:00:00,0.3493975903614459,0.6785714285714286,0.2500000000000003
2021-08-28 09:00:00,0.3493975903614459,0.6785714285714286,0.2500000000000003
2021-08-28 10:00:00,0.3493975903614459,0.6904761904761906,0.2500000000000003
2021-08-28 11:00:00,0.3493975903614459,0.6904761904761906,0.2500000000000003
2021-08-28 12:00:00,0.3493975903614459,0.6904761904761906,0.2500000000000003
2021-08-28 13:00:00,0.3493975903614459,0.6904761904761906,0.2500000000000003
2021-08-28 14:00:00,0.3493975903614459,0.6785714285714286,0.2500000000000003
2021-08-28 15:00:00,0.3493975903614459,0.6785714285714286,0.2500000000000003
2021-08-28 16:00:00,0.33734939759036153,0.6785714285714286,0.2500000000000003
2021-08-28 17:00:00,0.33734939759036153,0.6666666666666667,0.2500000000000003
2021-08-28 18:00:00,0.33734939759036153,0.6666666666666667,0.2500000000000003
2021-08-28 19:00:00,0.33734939759036153,0.6547619047619048,0.2500000000000003
2021-08-28 20:00:00,0.33734939759036153,0.6547619047619048,0.2500000000000003
2021-08-28 21:00:00,0.33734939759036153,0.6428571428571429,0.2500000000000003
2021-08-28 22:00:00,0.33734939759036153,0.6428571428571429,0.2500000000000003
2021-08-28 23:00:00,0.33734939759036153,0.6428571428571429,0.2500000000000003
2021-08-29 00:00:00,0.33734939759036153,0.6428571428571429,0.2500000000000003
2021-08-29 01:00:00,0.33734939759036153,0.6428571428571429,0.2500000000000003
2021-08-29 02:00:00,0.33734939759036153,0.6428571428571429,0.2500000000000003
2021-08-29 03:00:00,0.33734939759036153,0.6428571428571429,0.2500000000000003
2021-08-29 04:00:00,0.33734939759036153,0.6428571428571429,0.2500000000000003
2021-08-29 05:00:00,0.33734939759036153,0.6428571428571429,0.2500000000000003
2021-08-29 06:00:00,0.33734939759036153,0.6428571428571429,0.2500000000000003
2021-08-29 07:00:00,0.32530120481927716,0.6428571428571429,0.2500000000000003
2021-08-29 08:00:00,0.32530120481927716,0.6309523809523809,0.2500000000000003
2021-08-29 09:00:00,0.32530120481927716,0.6428571428571429,0.2500000000000003
2021-08-29 10:00:00,0.32530120481927716,0.6428571428571429,0.2500000000000003
2021-08-29 11:00:00,0.32530120481927716,0.6428571428571429,0.2500000000000003
2021-08-29 12:00:00,0.32530120481927716,0.6428571428571429,0.2500000000000003
2021-08-29 13:00:00,0.32530120481927716,0.6428571428571429,0.2500000000000003
2021-08-29 14:00:00,0.32530120481927716,0.6309523809523809,0.2500000000000003
2021-08-29 15:00:00,0.32530120481927716,0.6309523809523809,0.2500000000000003
2021-08-29 16:00:00,0.32530120481927716,0.6190476190476191,0.2500000000000003
2021-08-29 17:00:00,0.31325301204819284,0.6190476190476191,0.2500000000000003
2021-08-29 18:00:00,0.31325301204819284,0.6071428571428571,0.2500000000000003
2021-08-29 19:00:00,0.31325301204819284,0.6071428571428571,0.2500000000000003
2021-08-29 20:00:00,0.31325301204819284,0.5952380952380952,0.2500000000000003
2021-08-29 21:00:00,0.31325301204819284,0.5952380952380952,0.2500000000000003
2021-08-29 22:00:00,0.31325301204819284,0.5952380952380952,0.2500000000000003
2021-08-29 23:00:00,0.31325301204819284,0.5833333333333334,0.2500000000000003
2021-08-30 00:00:00,0.31325301204819284,0.5833333333333334,0.2500000000000003
2021-08-30 01:00:00,0.31325301204819284,0.5833333333333334,0.2500000000000003
2021-08-30 02:00:00,0.31325301204819284,0.5833333333333334,0.2500000000000003
2021-08-30 03:00:00,0.31325301204819284,0.5833333333333334,0.2500000000000003
2021-08-30 04:00:00,0.31325301204819284,0.5833333333333334,0.2500000000000003
2021-08-30 05:00:00,0.31325301204819284,0.5833333333333334,0.2500000000000003
2021-08-30 06:00:00,0.31325301204819284,0.5833333333333334,0.2500000000000003
2021-08-30 07:00:00,0.30120481927710846,0.5833333333333334,0.2500000000000003
2021-08-30 08:00:00,0.30120481927710846,0.5833333333333334,0.2500000000000003
2021-08-30 09:00:00,0.30120481927710846,0.5833333333333334,0.2500000000000003
2021-08-30 10:00:00,0.30120481927710846,0.5833333333333334,0.2500000000000003
2021-08-30 11:00:00,0.30120481927710846,0.5833333333333334,0.2500000000000003
2021-08-30 12:00:00,0.30120481927710846,0.5833333333333334,0.2500000000000003
2021-08-30 13:00:00,0.30120481927710846,0.5833333333333334,0.2500000000000003
2021-08-30 14:00:00,0.30120481927710846,0.5714285714285714,0.2500000000000003
2021-08-30 15:00:00,0.30120481927710846,0.5714285714285714,0.2500000000000003
2021-08-30 16:00:00,0.28915662650602414,0.5595238095238095,0.2500000000000003
2021-08-30 17:00:00,0.28915662650602414,0.5595238095238095,0.2500000000000003
2021-08-30 18:00:00,0.28915662650602414,0.5476190476190476,0.2500000000000003
2021-08-30 19:00:00,0.28915662650602414,0.5476190476190476,0.2500000000000003
2021-08-30 20:00:00,0.28915662650602414,0.5476190476190476,0.2500000000000003
2021-08-30 21:00:00,0.28915662650602414,0.5357142857142857,0.2500000000000003
2021-08-30 22:00:00,0.28915662650602414,0.5357142857142857,0.2500000000000003
2021-08-30 23:00:00,0.28915662650602414,0.5238095238095237,0.2500000000000003
2021-08-31 00:00:00,0.28915662650602414,0.5238095238095237,0.2500000000000003
2021-08-31 01:00:00,0.28915662650602414,0.5238095238095237,0.2500000000000003
2021-08-31 02:00:00,0.28915662650602414,0.5238095238095237,0.2500000000000003
2021-08-31 03:00:00,0.28915662650602414,0.5238095238095237,0.2500000000000003
2021-08-31 04:00:00,0.28915662650602414,0.5238095238095237,0.2500000000000003
2021-08-31 05:00:00,0.27710843373493976,0.5238095238095237,0.2500000000000003
2021-08-31 06:00:00,0.27710843373493976,0.5238095238095237,0.2500000000000003
2021-08-31 07:00:00,0.27710843373493976,0.5238095238095237,0.2500000000000003
2021-08-31 08:00:00,0.27710843373493976,0.5238095238095237,0.2500000000000003
2021-08-31 09:00:00,0.27710843373493976,0.5238095238095237,0.2500000000000003
2021-08-31 10:00:00,0.27710843373493976,0.5238095238095237,0.2500000000000003
2021-08-31 11:00:00,0.27710843373493976,0.5238095238095237,0.2500000000000003
2021-08-31 12:00:00,0.27710843373493976,0.5357142857142857,0.2500000000000003
2021-08-31 13:00:00,0.27710843373493976,0.5238095238095237,0.2500000000000003
2021-08-31 14:00:00,0.27710843373493976,0.5238095238095237,0.2500000000000003
2021-08-31 15:00:00,0.27710843373493976,0.5238095238095237,0.2500000000000003
2021-08-31 16:00:00,0.26506024096385544,0.5119047619047619,0.2500000000000003
2021-08-31 17:00:00,0.26506024096385544,0.5119047619047619,0.2500000000000003
2021-08-31 18:00:00,0.26506024096385544,0.49999999999999994,0.2500000000000003
2021-08-31 19:00:00,0.26506024096385544,0.49999999999999994,0.2500000000000003
2021-08-31 20:00:00,0.26506024096385544,0.49999999999999994,0.2500000000000003
2021-08-31 21:00:00,0.26506024096385544,0.488095238095238,0.2500000000000003
2021-08-31 22:00:00,0.26506024096385544,0.488095238095238,0.2500000000000003
2021-08-31 23:00:00,0.26506024096385544,0.488095238095238,0.2500000000000003
2021-09-01 00:00:00,0.26506024096385544,0.488095238095238,0.2500000000000003
2021-09-01 01:00:00,0.26506024096385544,0.488095238095238,0.2500000000000003
2021-09-01 02:00:00,0.26506024096385544,0.488095238095238,0.2500000000000003
2021-09-01 03:00:00,0.26506024096385544,0.49999999999999994,0.2500000000000003
2021-09-01 04:00:00,0.26506024096385544,0.49999999999999994,0.2500000000000003
2021-09-01 05:00:00,0.26506024096385544,0.49999999999999994,0.2500000000000003
2021-09-01 06:00:00,0.26506024096385544,0.49999999999999994,0.2500000000000003
2021-09-01 07:00:00,0.2530120481927712,0.49999999999999994,0.2500000000000003
2021-09-01 08:00:00,0.2530120481927712,0.49999999999999994,0.2500000000000003
2021-09-01 09:00:00,0.2530120481927712,0.49999999999999994,0.2500000000000003
2021-09-01 10:00:00,0.2530120481927712,0.49999999999999994,0.2500000000000003
2021-09-01 11:00:00,0.2530120481927712,0.49999999999999994,0.2500000000000003
2021-09-01 12:00:00,0.2530120481927712,0.49999999999999994,0.16666666666666685
2021-09-01 13:00:00,0.2530120481927712,0.49999999999999994,0.16666666666666685
2021-09-01 14:00:00,0.2530120481927712,0.488095238095238,0.16666666666666685
2021-09-01 15:00:00,0.2530120481927712,0.488095238095238,0.16666666666666685
2021-09-01 16:00:00,0.2530120481927712,0.488095238095238,0.16666666666666685
2021-09-01 17:00:00,0.24096385542168683,0.4761904761904761,0.16666666666666685
2021-09-01 18:00:00,0.24096385542168683,0.4761904761904761,0.2500000000000003
2021-09-01 19:00:00,0.24096385542168683,0.4761904761904761,0.2500000000000003
2021-09-01 20:00:00,0.24096385542168683,0.4642857142857142,0.2500000000000003
2021-09-01 21:00:00,0.24096385542168683,0.4642857142857142,0.2500000000000003
2021-09-01 22:00:00,0.24096385542168683,0.4642857142857142,0.2500000000000003
2021-09-01 23:00:00,0.24096385542168683,0.4642857142857142,0.2500000000000003
2021-09-02 00:00:00,0.24096385542168683,0.4642857142857142,0.2500000000000003
2021-09-02 01:00:00,0.24096385542168683,0.4642857142857142,0.2500000000000003
2021-09-02 02:00:00,0.24096385542168683,0.4642857142857142,0.2500000000000003
2021-09-02 03:00:00,0.24096385542168683,0.4642857142857142,0.2500000000000003
2021-09-02 04:00:00,0.24096385542168683,0.4642857142857142,0.2500000000000003
2021-09-02 05:00:00,0.24096385542168683,0.4642857142857142,0.2500000000000003
2021-09-02 06:00:00,0.24096385542168683,0.45238095238095244,0.2500000000000003
2021-09-02 07:00:00,0.24096385542168683,0.45238095238095244,0.2500000000000003
2021-09-02 08:00:00,0.24096385542168683,0.4642857142857142,0.2500000000000003
2021-09-02 09:00:00,0.24096385542168683,0.4642857142857142,0.2500000000000003
2021-09-02 10:00:00,0.22891566265060248,0.4642857142857142,0.2500000000000003
2021-09-02 11:00:00,0.22891566265060248,0.4642857142857142,0.16666666666666685
2021-09-02 12:00:00,0.22891566265060248,0.4642857142857142,0.16666666666666685
2021-09-02 13:00:00,0.22891566265060248,0.4642857142857142,0.16666666666666685
2021-09-02 14:00:00,0.22891566265060248,0.4642857142857142,0.16666666666666685
2021-09-02 15:00:00,0.22891566265060248,0.4642857142857142,0.16666666666666685
2021-09-02 16:00:00,0.22891566265060248,0.45238095238095244,0.16666666666666685
2021-09-02 17:00:00,0.22891566265060248,0.45238095238095244,0.16666666666666685
2021-09-02 18:00:00,0.22891566265060248,0.45238095238095244,0.16666666666666685
2021-09-02 19:00:00,0.22891566265060248,0.4404761904761905,0.16666666666666685
2021-09-02 20:00:00,0.21686746987951813,0.4404761904761905,0.16666666666666685
2021-09-02 21:00:00,0.21686746987951813,0.4404761904761905,0.16666666666666685
2021-09-02 22:00:00,0.21686746987951813,0.4285714285714286,0.16666666666666685
2021-09-02 23:00:00,0.21686746987951813,0.4285714285714286,0.2500000000000003
2021-09-03 00:00:00,0.21686746987951813,0.4285714285714286,0.16666666666666685
2021-09-03 01:00:00,0.21686746987951813,0.4285714285714286,0.2500000000000003
2021-09-03 02:00:00,0.21686746987951813,0.4285714285714286,0.2500000000000003
2021-09-03 03:00:00,0.21686746987951813,0.4285714285714286,0.2500000000000003
2021-09-03 04:00:00,0.21686746987951813,0.4285714285714286,0.2500000000000003
2021-09-03 05:00:00,0.21686746987951813,0.4285714285714286,0.16666666666666685
2021-09-03 06:00:00,0.21686746987951813,0.4285714285714286,0.16666666666666685
2021-09-03 07:00:00,0.21686746987951813,0.4285714285714286,0.16666666666666685
2021-09-03 08:00:00,0.21686746987951813,0.4285714285714286,0.16666666666666685
2021-09-03 09:00:00,0.21686746987951813,0.4285714285714286,0.16666666666666685
2021-09-03 10:00:00,0.21686746987951813,0.4285714285714286,0.16666666666666685
2021-09-03 11:00:00,0.21686746987951813,0.4404761904761905,0.16666666666666685
2021-09-03 12:00:00,0.21686746987951813,0.4404761904761905,0.16666666666666685
2021-09-03 13:00:00,0.20481927710843378,0.4404761904761905,0.16666666666666685
2021-09-03 14:00:00,0.20481927710843378,0.4404761904761905,0.16666666666666685
2021-09-03 15:00:00,0.21686746987951813,0.4285714285714286,0.16666666666666685
2021-09-03 16:00:00,0.21686746987951813,0.4166666666666667,0.16666666666666685
2021-09-03 17:00:00,0.21686746987951813,0.4166666666666667,0.08333333333333343
2021-09-03 18:00:00,0.20481927710843378,0.40476190476190477,0.16666666666666685
2021-09-03 19:00:00,0.20481927710843378,0.40476190476190477,0.16666666666666685
2021-09-03 20:00:00,0.20481927710843378,0.39285714285714285,0.16666666666666685
2021-09-03 21:00:00,0.20481927710843378,0.39285714285714285,0.16666666666666685
2021-09-03 22:00:00,0.20481927710843378,0.39285714285714285,0.16666666666666685
2021-09-03 23:00:00,0.20481927710843378,0.38095238095238093,0.16666666666666685
2021-09-04 00:00:00,0.20481927710843378,0.38095238095238093,0.16666666666666685
2021-09-04 01:00:00,0.20481927710843378,0.38095238095238093,0.16666666666666685
2021-09-04 02:00:00,0.20481927710843378,0.38095238095238093,0.16666666666666685
2021-09-04 03:00:00,0.20481927710843378,0.38095238095238093,0.16666666666666685
2021-09-04 04:00:00,0.20481927710843378,0.38095238095238093,0.16666666666666685
2021-09-04 05:00:00,0.20481927710843378,0.38095238095238093,0.16666666666666685
2021-09-04 06:00:00,0.20481927710843378,0.39285714285714285,0.16666666666666685
2021-09-04 07:00:00,0.20481927710843378,0.39285714285714285,0.16666666666666685
2021-09-04 08:00:00,0.20481927710843378,0.39285714285714285,0.16666666666666685
2021-09-04 09:00:00,0.20481927710843378,0.39285714285714285,0.16666666666666685
2021-09-04 10:00:00,0.20481927710843378,0.39285714285714285,0.16666666666666685
2021-09-04 11:00:00,0.19277108433734944,0.39285714285714285,0.16666666666666685
2021-09-04 12:00:00,0.19277108433734944,0.40476190476190477,0.08333333333333343
2021-09-04 13:00:00,0.19277108433734944,0.40476190476190477,0.08333333333333343
2021-09-04 14:00:00,0.19277108433734944,0.39285714285714285,0.08333333333333343
2021-09-04 15:00:00,0.19277108433734944,0.39285714285714285,0.08333333333333343
2021-09-04 16:00:00,0.19277108433734944,0.38095238095238093,0.08333333333333343
2021-09-04 17:00:00,0.19277108433734944,0.38095238095238093,0.08333333333333343
2021-09-04 18:00:00,0.19277108433734944,0.36904761904761896,0.08333333333333343
2021-09-04 19:00:00,0.19277108433734944,0.36904761904761896,0.08333333333333343
2021-09-04 20:00:00,0.19277108433734944,0.36904761904761896,0.16666666666666685
2021-09-04 21:00:00,0.19277108433734944,0.35714285714285715,0.16666666666666685
2021-09-04 22:00:00,0.19277108433734944,0.35714285714285715,0.16666666666666685
2021-09-04 23:00:00,0.1807228915662651,0.35714285714285715,0.16666666666666685
2021-09-05 00:00:00,0.1807228915662651,0.35714285714285715,0.16666666666666685
2021-09-05 01:00:00,0.1807228915662651,0.34523809523809523,0.16666666666666685
2021-09-05 02:00:00,0.1807228915662651,0.34523809523809523,0.16666666666666685
2021-09-05 03:00:00,0.1807228915662651,0.34523809523809523,0.16666666666666685
2021-09-05 04:00:00,0.1807228915662651,0.34523809523809523,0.16666666666666685
2021-09-05 05:00:00,0.1807228915662651,0.34523809523809523,0.16666666666666685
2021-09-05 06:00:00,0.1807228915662651,0.34523809523809523,0.16666666666666685
2021-09-05 07:00:00,0.1807228915662651,0.34523809523809523,0.16666666666666685
2021-09-05 08:00:00,0.1807228915662651,0.34523809523809523,0.16666666666666685
2021-09-05 09:00:00,0.1807228915662651,0.3333333333333333,0.16666666666666685
2021-09-05 10:00:00,0.1807228915662651,0.3333333333333333,0.16666666666666685
2021-09-05 11:00:00,0.1807228915662651,0.3333333333333333,0.16666666666666685
2021-09-05 12:00:00,0.1807228915662651,0.3333333333333333,0.16666666666666685
2021-09-05 13:00:00,0.1807228915662651,0.3333333333333333,0.16666666666666685
2021-09-05 14:00:00,0.16867469879518074,0.3333333333333333,0.16666666666666685
2021-09-05 15:00:00,0.16867469879518074,0.3333333333333333,0.08333333333333343
2021-09-05 16:00:00,0.16867469879518074,0.3333333333333333,0.08333333333333343
2021-09-05 17:00:00,0.16867469879518074,0.3333333333333333,0.08333333333333343
2021-09-05 18:00:00,0.16867469879518074,0.3214285714285714,0.08333333333333343
2021-09-05 19:00:00,0.16867469879518074,0.3214285714285714,0.08333333333333343
2021-09-05 20:00:00,0.16867469879518074,0.3214285714285714,0.16666666666666685
2021-09-05 21:00:00,0.16867469879518074,0.3095238095238095,0.16666666666666685
2021-09-05 22:00:00,0.16867469879518074,0.3095238095238095,0.16666666666666685
2021-09-05 23:00:00,0.16867469879518074,0.3095238095238095,0.16666666666666685
2021-09-06 00:00:00,0.16867469879518074,0.3095238095238095,0.16666666666666685
2021-09-06 01:00:00,0.16867469879518074,0.29761904761904756,0.16666666666666685
2021-09-06 02:00:00,0.16867469879518074,0.29761904761904756,0.16666666666666685
2021-09-06 03:00:00,0.16867469879518074,0.29761904761904756,0.16666666666666685
2021-09-06 04:00:00,0.15662650602409645,0.29761904761904756,0.16666666666666685
2021-09-06 05:00:00,0.15662650602409645,0.29761904761904756,0.16666666666666685
2021-09-06 06:00:00,0.15662650602409645,0.29761904761904756,0.16666666666666685
2021-09-06 07:00:00,0.15662650602409645,0.29761904761904756,0.16666666666666685
2021-09-06 08:00:00,0.15662650602409645,0.29761904761904756,0.16666666666666685
2021-09-06 09:00:00,0.15662650602409645,0.29761904761904756,0.16666666666666685
2021-09-06 10:00:00,0.15662650602409645,0.29761904761904756,0.16666666666666685
2021-09-06 11:00:00,0.15662650602409645,0.29761904761904756,0.16666666666666685
2021-09-06 12:00:00,0.15662650602409645,0.29761904761904756,0.08333333333333343
2021-09-06 13:00:00,0.15662650602409645,0.29761904761904756,0.08333333333333343
2021-09-06 14:00:00,0.15662650602409645,0.29761904761904756,0.08333333333333343
2021-09-06 15:00:00,0.15662650602409645,0.29761904761904756,0.08333333333333343
2021-09-06 16:00:00,0.15662650602409645,0.29761904761904756,0.08333333333333343
2021-09-06 17:00:00,0.15662650602409645,0.29761904761904756,0.08333333333333343
2021-09-06 18:00:00,0.1445783132530121,0.28571428571428564,0.08333333333333343
2021-09-06 19:00:00,0.1445783132530121,0.28571428571428564,0.08333333333333343
2021-09-06 20:00:00,0.1445783132530121,0.27380952380952384,0.08333333333333343
2021-09-06 21:00:00,0.1445783132530121,0.27380952380952384,0.08333333333333343
2021-09-06 22:00:00,0.1445783132530121,0.27380952380952384,0.16666666666666685
2021-09-06 23:00:00,0.1445783132530121,0.27380952380952384,0.16666666666666685
2021-09-07 00:00:00,0.1445783132530121,0.27380952380952384,0.16666666666666685
2021-09-07 01:00:00,0.1445783132530121,0.27380952380952384,0.16666666666666685
2021-09-07 02:00:00,0.1445783132530121,0.2619047619047619,0.16666666666666685
2021-09-07 03:00:00,0.1445783132530121,0.2619047619047619,0.16666666666666685
2021-09-07 04:00:00,0.1445783132530121,0.2619047619047619,0.16666666666666685
2021-09-07 05:00:00,0.1445783132530121,0.2619047619047619,0.16666666666666685
2021-09-07 06:00:00,0.1445783132530121,0.2619047619047619,0.16666666666666685
2021-09-07 07:00:00,0.1445783132530121,0.2619047619047619,0.16666666666666685
2021-09-07 08:00:00,0.1445783132530121,0.2619047619047619,0.16666666666666685
2021-09-07 09:00:00,0.1445783132530121,0.2619047619047619,0.16666666666666685
2021-09-07 10:00:00,0.13253012048192775,0.2619047619047619,0.16666666666666685
2021-09-07 11:00:00,0.13253012048192775,0.27380952380952384,0.08333333333333343
2021-09-07 12:00:00,0.13253012048192775,0.27380952380952384,0.08333333333333343
2021-09-07 13:00:00,0.13253012048192775,0.28571428571428564,0.08333333333333343
2021-09-07 14:00:00,0.13253012048192775,0.27380952380952384,0.08333333333333343
2021-09-07 15:00:00,0.13253012048192775,0.27380952380952384,0.08333333333333343
2021-09-07 16:00:00,0.13253012048192775,0.27380952380952384,0.08333333333333343
2021-09-07 17:00:00,0.13253012048192775,0.27380952380952384,0.08333333333333343
2021-09-07 18:00:00,0.13253012048192775,0.27380952380952384,0.08333333333333343
2021-09-07 19:00:00,0.13253012048192775,0.2619047619047619,0.08333333333333343
2021-09-07 20:00:00,0.13253012048192775,0.2619047619047619,0.08333333333333343
2021-09-07 21:00:00,0.13253012048192775,0.25,0.08333333333333343
2021-09-07 22:00:00,0.13253012048192775,0.25,0.08333333333333343
2021-09-07 23:00:00,0.13253012048192775,0.25,0.08333333333333343
2021-09-08 00:00:00,0.13253012048192775,0.25,0.16666666666666685
2021-09-08 01:00:00,0.13253012048192775,0.23809523809523808,0.16666666666666685
2021-09-08 02:00:00,0.13253012048192775,0.23809523809523808,0.16666666666666685
2021-09-08 03:00:00,0.13253012048192775,0.23809523809523808,0.16666666666666685
2021-09-08 04:00:00,0.13253012048192775,0.23809523809523808,0.16666666666666685
2021-09-08 05:00:00,0.12048192771084341,0.23809523809523808,0.16666666666666685
2021-09-08 06:00:00,0.12048192771084341,0.23809523809523808,0.16666666666666685
2021-09-08 07:00:00,0.12048192771084341,0.23809523809523808,0.16666666666666685
2021-09-08 08:00:00,0.12048192771084341,0.23809523809523808,0.16666666666666685
2021-09-08 09:00:00,0.12048192771084341,0.25,0.16666666666666685
2021-09-08 10:00:00,0.12048192771084341,0.25,0.16666666666666685
2021-09-08 11:00:00,0.12048192771084341,0.25,0.16666666666666685
2021-09-08 12:00:00,0.12048192771084341,0.25,0.08333333333333343
2021-09-08 13:00:00,0.12048192771084341,0.25,0.08333333333333343
2021-09-08 14:00:00,0.12048192771084341,0.25,0.08333333333333343
2021-09-08 15:00:00,0.12048192771084341,0.2619047619047619,0.08333333333333343
2021-09-08 16:00:00,0.12048192771084341,0.2619047619047619,0.08333333333333343
2021-09-08 17:00:00,0.12048192771084341,0.25,0.08333333333333343
2021-09-08 18:00:00,0.12048192771084341,0.25,0.08333333333333343
2021-09-08 19:00:00,0.12048192771084341,0.25,0.08333333333333343
2021-09-08 20:00:00,0.12048192771084341,0.23809523809523808,0.08333333333333343
2021-09-08 21:00:00,0.12048192771084341,0.23809523809523808,0.08333333333333343
2021-09-08 22:00:00,0.12048192771084341,0.23809523809523808,0.08333333333333343
2021-09-08 23:00:00,0.12048192771084341,0.23809523809523808,0.16666666666666685
2021-09-09 00:00:00,0.12048192771084341,0.23809523809523808,0.16666666666666685
2021-09-09 01:00:00,0.10843373493975907,0.22619047619047616,0.16666666666666685
2021-09-09 02:00:00,0.10843373493975907,0.22619047619047616,0.16666666666666685
2021-09-09 03:00:00,0.10843373493975907,0.22619047619047616,0.16666666666666685
2021-09-09 04:00:00,0.10843373493975907,0.22619047619047616,0.16666666666666685
2021-09-09 05:00:00,0.10843373493975907,0.22619047619047616,0.16666666666666685
2021-09-09 06:00:00,0.10843373493975907,0.22619047619047616,0.16666666666666685
2021-09-09 07:00:00,0.10843373493975907,0.22619047619047616,0.16666666666666685
2021-09-09 08:00:00,0.10843373493975907,0.22619047619047616,0.16666666666666685
2021-09-09 09:00:00,0.10843373493975907,0.22619047619047616,0.16666666666666685
2021-09-09 10:00:00,0.10843373493975907,0.22619047619047616,0.08333333333333343
2021-09-09 11:00:00,0.10843373493975907,0.22619047619047616,0.08333333333333343
2021-09-09 12:00:00,0.10843373493975907,0.23809523809523808,0.08333333333333343
2021-09-09 13:00:00,0.10843373493975907,0.23809523809523808,0.08333333333333343
2021-09-09 14:00:00,0.10843373493975907,0.23809523809523808,0.08333333333333343
2021-09-09 15:00:00,0.10843373493975907,0.23809523809523808,0.08333333333333343
2021-09-09 16:00:00,0.10843373493975907,0.23809523809523808,0.08333333333333343
2021-09-09 17:00:00,0.10843373493975907,0.22619047619047616,0.08333333333333343
2021-09-09 18:00:00,0.10843373493975907,0.22619047619047616,0.08333333333333343
2021-09-09 19:00:00,0.10843373493975907,0.22619047619047616,0.08333333333333343
2021-09-09 20:00:00,0.10843373493975907,0.21428571428571425,0.08333333333333343
2021-09-09 21:00:00,0.10843373493975907,0.21428571428571425,0.08333333333333343
2021-09-09 22:00:00,0.10843373493975907,0.21428571428571425,0.08333333333333343
2021-09-09 23:00:00,0.09638554216867472,0.20238095238095238,0.08333333333333343
2021-09-10 00:00:00,0.09638554216867472,0.20238095238095238,0.08333333333333343
2021-09-10 01:00:00,0.09638554216867472,0.20238095238095238,0.08333333333333343
2021-09-10 02:00:00,0.09638554216867472,0.20238095238095238,0.08333333333333343
2021-09-10 03:00:00,0.09638554216867472,0.20238095238095238,0.08333333333333343
2021-09-10 04:00:00,0.09638554216867472,0.20238095238095238,0.08333333333333343
2021-09-10 05:00:00,0.09638554216867472,0.20238095238095238,0.08333333333333343
2021-09-10 06:00:00,0.09638554216867472,0.20238095238095238,0.08333333333333343
2021-09-10 07:00:00,0.09638554216867472,0.20238095238095238,0.08333333333333343
2021-09-10 08:00:00,0.09638554216867472,0.20238095238095238,0.08333333333333343
2021-09-10 09:00:00,0.09638554216867472,0.20238095238095238,0.08333333333333343
2021-09-10 10:00:00,0.09638554216867472,0.20238095238095238,0.08333333333333343
2021-09-10 11:00:00,0.09638554216867472,0.20238095238095238,0.08333333333333343
2021-09-10 12:00:00,0.09638554216867472,0.21428571428571425,0.08333333333333343
2021-09-10 13:00:00,0.09638554216867472,0.21428571428571425,0.08333333333333343
2021-09-10 14:00:00,0.09638554216867472,0.21428571428571425,0.08333333333333343
2021-09-10 15:00:00,0.09638554216867472,0.21428571428571425,0.08333333333333343
2021-09-10 16:00:00,0.09638554216867472,0.21428571428571425,0.08333333333333343
2021-09-10 17:00:00,0.09638554216867472,0.21428571428571425,0.08333333333333343
2021-09-10 18:00:00,0.09638554216867472,0.21428571428571425,0.08333333333333343
2021-09-10 19:00:00,0.09638554216867472,0.20238095238095238,0.08333333333333343
2021-09-10 20:00:00,0.09638554216867472,0.20238095238095238,0.08333333333333343
2021-09-10 21:00:00,0.09638554216867472,0.20238095238095238,0.08333333333333343
2021-09-10 22:00:00,0.09638554216867472,0.20238095238095238,0.08333333333333343
2021-09-10 23:00:00,0.09638554216867472,0.20238095238095238,0.08333333333333343
2021-09-11 00:00:00,0.08433734939759037,0.20238095238095238,0.08333333333333343
2021-09-11 01:00:00,0.08433734939759037,0.20238095238095238,0.08333333333333343
2021-09-11 02:00:00,0.08433734939759037,0.20238095238095238,0.08333333333333343
2021-09-11 03:00:00,0.08433734939759037,0.20238095238095238,0.08333333333333343
2021-09-11 04:00:00,0.08433734939759037,0.21428571428571425,0.08333333333333343
2021-09-11 05:00:00,0.08433734939759037,0.21428571428571425,0.08333333333333343
2021-09-11 06:00:00,0.08433734939759037,0.21428571428571425,0.08333333333333343
2021-09-11 07:00:00,0.08433734939759037,0.21428571428571425,0.08333333333333343
2021-09-11 08:00:00,0.08433734939759037,0.21428571428571425,0.08333333333333343
2021-09-11 09:00:00,0.08433734939759037,0.22619047619047616,0.08333333333333343
2021-09-11 10:00:00,0.08433734939759037,0.22619047619047616,0.08333333333333343
2021-09-11 11:00:00,0.08433734939759037,0.22619047619047616,0.08333333333333343
2021-09-11 12:00:00,0.08433734939759037,0.22619047619047616,0.08333333333333343
2021-09-11 13:00:00,0.08433734939759037,0.23809523809523808,0.08333333333333343
2021-09-11 14:00:00,0.08433734939759037,0.23809523809523808,0.08333333333333343
2021-09-11 15:00:00,0.08433734939759037,0.23809523809523808,0.08333333333333343
2021-09-11 16:00:00,0.08433734939759037,0.23809523809523808,0.08333333333333343
2021-09-11 17:00:00,0.08433734939759037,0.23809523809523808,0.08333333333333343
2021-09-11 18:00:00,0.08433734939759037,0.23809523809523808,0.08333333333333343
2021-09-11 19:00:00,0.08433734939759037,0.23809523809523808,0.08333333333333343
2021-09-11 20:00:00,0.08433734939759037,0.22619047619047616,0.08333333333333343
2021-09-11 21:00:00,0.08433734939759037,0.22619047619047616,0.08333333333333343
2021-09-11 22:00:00,0.08433734939759037,0.22619047619047616,0.08333333333333343
2021-09-11 23:00:00,0.08433734939759037,0.22619047619047616,0.16666666666666685
2021-09-12 00:00:00,0.08433734939759037,0.22619047619047616,0.16666666666666685
2021-09-12 01:00:00,0.08433734939759037,0.22619047619047616,0.16666666666666685
2021-09-12 02:00:00,0.08433734939759037,0.22619047619047616,0.08333333333333343
2021-09-12 03:00:00,0.08433734939759037,0.22619047619047616,0.16666666666666685
2021-09-12 04:00:00,0.08433734939759037,0.22619047619047616,0.16666666666666685
2021-09-12 05:00:00,0.08433734939759037,0.23809523809523808,0.16666666666666685
2021-09-12 06:00:00,0.08433734939759037,0.23809523809523808,0.16666666666666685
2021-09-12 07:00:00,0.08433734939759037,0.23809523809523808,0.16666666666666685
2021-09-12 08:00:00,0.08433734939759037,0.23809523809523808,0.16666666666666685
2021-09-12 09:00:00,0.08433734939759037,0.23809523809523808,0.16666666666666685
2021-09-12 10:00:00,0.08433734939759037,0.23809523809523808,0.16666666666666685
2021-09-12 11:00:00,0.08433734939759037,0.23809523809523808,0.08333333333333343
2021-09-12 12:00:00,0.08433734939759037,0.23809523809523808,0.08333333333333343
2021-09-12 13:00:00,0.08433734939759037,0.25,0.08333333333333343
2021-09-12 14:00:00,0.08433734939759037,0.25,0.08333333333333343
2021-09-12 15:00:00,0.08433734939759037,0.25,0.08333333333333343
2021-09-12 16:00:00,0.08433734939759037,0.25,0.08333333333333343
2021-09-12 17:00:00,0.08433734939759037,0.25,0.08333333333333343
2021-09-12 18:00:00,0.08433734939759037,0.23809523809523808,0.08333333333333343
2021-09-12 19:00:00,0.08433734939759037,0.23809523809523808,0.08333333333333343
2021-09-12 20:00:00,0.08433734939759037,0.23809523809523808,0.08333333333333343
2021-09-12 21:00:00,0.08433734939759037,0.23809523809523808,0.08333333333333343
2021-09-12 22:00:00,0.08433734939759037,0.23809523809523808,0.08333333333333343
2021-09-12 23:00:00,0.08433734939759037,0.23809523809523808,0.08333333333333343
2021-09-13 00:00:00,0.08433734939759037,0.23809523809523808,0.08333333333333343
2021-09-13 01:00:00,0.08433734939759037,0.23809523809523808,0.08333333333333343
2021-09-13 02:00:00,0.08433734939759037,0.23809523809523808,0.08333333333333343
2021-09-13 03:00:00,0.08433734939759037,0.23809523809523808,0.08333333333333343
2021-09-13 04:00:00,0.08433734939759037,0.23809523809523808,0.08333333333333343
2021-09-13 05:00:00,0.08433734939759037,0.23809523809523808,0.08333333333333343
2021-09-13 06:00:00,0.08433734939759037,0.23809523809523808,0.08333333333333343
2021-09-13 07:00:00,0.08433734939759037,0.23809523809523808,0.08333333333333343
2021-09-13 08:00:00,0.08433734939759037,0.23809523809523808,0.08333333333333343
2021-09-13 09:00:00,0.08433734939759037,0.23809523809523808,0.08333333333333343
2021-09-13 10:00:00,0.08433734939759037,0.25,0.08333333333333343
2021-09-13 11:00:00,0.08433734939759037,0.25,0.08333333333333343
2021-09-13 12:00:00,0.08433734939759037,0.2619047619047619,0.08333333333333343
2021-09-13 13:00:00,0.08433734939759037,0.2619047619047619,0.08333333333333343
2021-09-13 14:00:00,0.08433734939759037,0.2619047619047619,0.08333333333333343
2021-09-13 15:00:00,0.08433734939759037,0.25,0.08333333333333343
2021-09-13 16:00:00,0.08433734939759037,0.25,0.08333333333333343
2021-09-13 17:00:00,0.08433734939759037,0.25,0.08333333333333343
2021-09-13 18:00:00,0.08433734939759037,0.25,0.08333333333333343
2021-09-13 19:00:00,0.08433734939759037,0.25,0.08333333333333343
2021-09-13 20:00:00,0.08433734939759037,0.23809523809523808,0.08333333333333343
2021-09-13 21:00:00,0.08433734939759037,0.23809523809523808,0.08333333333333343
2021-09-13 22:00:00,0.08433734939759037,0.23809523809523808,0.08333333333333343
2021-09-13 23:00:00,0.08433734939759037,0.23809523809523808,0.08333333333333343
2021-09-14 00:00:00,0.08433734939759037,0.23809523809523808,0.08333333333333343
2021-09-14 01:00:00,0.08433734939759037,0.23809523809523808,0.08333333333333343
2021-09-14 02:00:00,0.07228915662650601,0.23809523809523808,0.08333333333333343
2021-09-14 03:00:00,0.07228915662650601,0.23809523809523808,0.08333333333333343
2021-09-14 04:00:00,0.07228915662650601,0.23809523809523808,0.08333333333333343
2021-09-14 05:00:00,0.07228915662650601,0.23809523809523808,0.08333333333333343
2021-09-14 06:00:00,0.07228915662650601,0.23809523809523808,0.08333333333333343
2021-09-14 07:00:00,0.07228915662650601,0.23809523809523808,0.08333333333333343
2021-09-14 08:00:00,0.07228915662650601,0.23809523809523808,0.08333333333333343
2021-09-14 09:00:00,0.07228915662650601,0.23809523809523808,0.08333333333333343
2021-09-14 10:00:00,0.07228915662650601,0.23809523809523808,0.08333333333333343
2021-09-14 11:00:00,0.07228915662650601,0.25,0.08333333333333343
2021-09-14 12:00:00,0.07228915662650601,0.25,0.08333333333333343
2021-09-14 13:00:00,0.07228915662650601,0.25,0.08333333333333343
2021-09-14 14:00:00,0.07228915662650601,0.25,0.08333333333333343
2021-09-14 15:00:00,0.07228915662650601,0.25,0.08333333333333343
2021-09-14 16:00:00,0.07228915662650601,0.25,0.08333333333333343
2021-09-14 17:00:00,0.07228915662650601,0.25,0.08333333333333343
2021-09-14 18:00:00,0.07228915662650601,0.25,0.08333333333333343
2021-09-14 19:00:00,0.07228915662650601,0.23809523809523808,0.08333333333333343
2021-09-14 20:00:00,0.07228915662650601,0.23809523809523808,0.08333333333333343
2021-09-14 21:00:00,0.07228915662650601,0.23809523809523808,0.08333333333333343
2021-09-14 22:00:00,0.07228915662650601,0.23809523809523808,0.08333333333333343
2021-09-14 23:00:00,0.07228915662650601,0.23809523809523808,0.08333333333333343
2021-09-15 00:00:00,0.07228915662650601,0.23809523809523808,0.08333333333333343
2021-09-15 01:00:00,0.07228915662650601,0.23809523809523808,0.08333333333333343
2021-09-15 02:00:00,0.07228915662650601,0.23809523809523808,0.08333333333333343
2021-09-15 03:00:00,0.07228915662650601,0.22619047619047616,0.08333333333333343
2021-09-15 04:00:00,0.07228915662650601,0.22619047619047616,0.08333333333333343
2021-09-15 05:00:00,0.07228915662650601,0.22619047619047616,0.08333333333333343
2021-09-15 06:00:00,0.07228915662650601,0.22619047619047616,0.08333333333333343
2021-09-15 07:00:00,0.07228915662650601,0.22619047619047616,0.08333333333333343
2021-09-15 08:00:00,0.07228915662650601,0.22619047619047616,0.08333333333333343
2021-09-15 09:00:00,0.07228915662650601,0.22619047619047616,0.08333333333333343
2021-09-15 10:00:00,0.07228915662650601,0.22619047619047616,0.08333333333333343
2021-09-15 11:00:00,0.07228915662650601,0.22619047619047616,0.08333333333333343
2021-09-15 12:00:00,0.07228915662650601,0.20238095238095238,0.08333333333333343
2021-09-15 13:00:00,0.07228915662650601,0.21428571428571425,0.08333333333333343
2021-09-15 14:00:00,0.07228915662650601,0.21428571428571425,0.08333333333333343
2021-09-15 15:00:00,0.07228915662650601,0.21428571428571425,0.0
2021-09-15 16:00:00,0.07228915662650601,0.21428571428571425,0.0
2021-09-15 17:00:00,0.07228915662650601,0.20238095238095238,0.0
2021-09-15 18:00:00,0.07228915662650601,0.20238095238095238,0.08333333333333343
2021-09-15 19:00:00,0.07228915662650601,0.20238095238095238,0.08333333333333343
2021-09-15 20:00:00,0.07228915662650601,0.20238095238095238,0.08333333333333343
2021-09-15 21:00:00,0.07228915662650601,0.20238095238095238,0.08333333333333343
2021-09-15 22:00:00,0.07228915662650601,0.20238095238095238,0.08333333333333343
2021-09-15 23:00:00,0.07228915662650601,0.20238095238095238,0.08333333333333343
2021-09-16 00:00:00,0.07228915662650601,0.20238095238095238,0.08333333333333343
2021-09-16 01:00:00,0.07228915662650601,0.20238095238095238,0.08333333333333343
2021-09-16 02:00:00,0.07228915662650601,0.21428571428571425,0.08333333333333343
2021-09-16 03:00:00,0.07228915662650601,0.21428571428571425,0.08333333333333343
2021-09-16 04:00:00,0.07228915662650601,0.21428571428571425,0.08333333333333343
2021-09-16 05:00:00,0.07228915662650601,0.21428571428571425,0.08333333333333343
2021-09-16 06:00:00,0.07228915662650601,0.21428571428571425,0.08333333333333343
2021-09-16 07:00:00,0.07228915662650601,0.21428571428571425,0.08333333333333343
2021-09-16 08:00:00,0.07228915662650601,0.21428571428571425,0.08333333333333343
2021-09-16 09:00:00,0.06024096385542175,0.21428571428571425,0.0
2021-09-16 10:00:00,0.06024096385542175,0.22619047619047616,0.0
2021-09-16 11:00:00,0.06024096385542175,0.22619047619047616,0.0
2021-09-16 12:00:00,0.06024096385542175,0.22619047619047616,0.0
2021-09-16 13:00:00,0.06024096385542175,0.22619047619047616,0.0
2021-09-16 14:00:00,0.06024096385542175,0.22619047619047616,0.0
2021-09-16 15:00:00,0.06024096385542175,0.22619047619047616,0.0
2021-09-16 16:00:00,0.06024096385542175,0.22619047619047616,0.0
2021-09-16 17:00:00,0.06024096385542175,0.21428571428571425,0.0
2021-09-16 18:00:00,0.06024096385542175,0.21428571428571425,0.0
2021-09-16 19:00:00,0.06024096385542175,0.21428571428571425,0.0
2021-09-16 20:00:00,0.06024096385542175,0.21428571428571425,0.0
2021-09-16 21:00:00,0.06024096385542175,0.20238095238095238,0.0
2021-09-16 22:00:00,0.06024096385542175,0.20238095238095238,0.0
2021-09-16 23:00:00,0.06024096385542175,0.20238095238095238,0.0
2021-09-17 00:00:00,0.06024096385542175,0.20238095238095238,0.0
2021-09-17 01:00:00,0.06024096385542175,0.21428571428571425,0.0
2021-09-17 02:00:00,0.06024096385542175,0.21428571428571425,0.0
2021-09-17 03:00:00,0.06024096385542175,0.21428571428571425,0.0
2021-09-17 04:00:00,0.06024096385542175,0.21428571428571425,0.0
2021-09-17 05:00:00,0.06024096385542175,0.21428571428571425,0.0
2021-09-17 06:00:00,0.06024096385542175,0.21428571428571425,0.0
2021-09-17 07:00:00,0.06024096385542175,0.21428571428571425,0.0
2021-09-17 08:00:00,0.06024096385542175,0.21428571428571425,0.0
2021-09-17 09:00:00,0.06024096385542175,0.21428571428571425,0.0
2021-09-17 10:00:00,0.06024096385542175,0.21428571428571425,0.0
2021-09-17 11:00:00,0.06024096385542175,0.21428571428571425,0.0
2021-09-17 12:00:00,0.06024096385542175,0.22619047619047616,0.0
2021-09-17 13:00:00,0.06024096385542175,0.21428571428571425,0.0
2021-09-17 14:00:00,0.06024096385542175,0.21428571428571425,0.0
2021-09-17 15:00:00,0.06024096385542175,0.21428571428571425,0.0
2021-09-17 16:00:00,0.06024096385542175,0.21428571428571425,0.0
